{
"type": "FeatureCollection",
"name": "lakes",
"crs": { "type": "name", "properties": { "name": "urn:ogc:def:crs:EPSG::3034" } },
"features": [
{ "type": "Feature", "properties": { "featurecla": "Lake", "scalerank": 1.0, "name": "Vänern", "name_en": "Vänern", "ne_id": 1159113235.0 }, "geometry": { "type": "Polygon", "coordinates": [ [ [ 4229549.926962103694677, 3566635.745056872721761 ], [ 4228150.884042931720614, 3564442.323091508820653 ], [ 4226515.654153729788959, 3562909.848186319228262 ], [ 4224861.821067843586206, 3562306.753682971931994 ], [ 4223692.84572303108871, 3562211.357496498152614 ], [ 4223074.872710905969143, 3562017.72935738414526 ], [ 4222840.282950438559055, 3561460.156819792930037 ], [ 4222852.727421243675053, 3560306.869198949541897 ], [ 4223160.441707354038954, 3559201.567714018747211 ], [ 4223814.900033018551767, 3558115.030756756663322 ], [ 4224619.179588634520769, 3557325.196145269554108 ], [ 4225362.927517335861921, 3557045.055202171672136 ], [ 4225399.420621615834534, 3556373.955179325304925 ], [ 4224943.839057249948382, 3555003.082670395262539 ], [ 4224544.348271542228758, 3550751.098200190812349 ], [ 4224234.501693831756711, 3548811.638481148518622 ], [ 4223644.632968469522893, 3546825.191970739047974 ], [ 4223222.413876348175108, 3546033.48038496542722 ], [ 4222676.713306634686887, 3545683.790254755876958 ], [ 4222594.495744451880455, 3545358.977048702538013 ], [ 4223299.726004844531417, 3543666.634425702039152 ], [ 4223414.033431249670684, 3542775.678253338672221 ], [ 4223028.993257486261427, 3542210.358031000941992 ], [ 4221800.422506309114397, 3541567.987186290789396 ], [ 4221572.710617984645069, 3540851.043344876728952 ], [ 4221412.069335207343102, 3540746.38240030920133 ], [ 4220433.102837251499295, 3541655.491295211017132 ], [ 4219988.740985202603042, 3541888.26087653497234 ], [ 4218635.465364336036146, 3541080.08394510904327 ], [ 4218086.034986346028745, 3539513.580663584172726 ], [ 4218357.203101875260472, 3537830.027356207836419 ], [ 4219452.865369175560772, 3536606.329696560278535 ], [ 4217378.024153466336429, 3533006.281255359761417 ], [ 4209861.132320155389607, 3527209.197334159165621 ], [ 4209370.664468673989177, 3526352.044036682229489 ], [ 4209028.099323372356594, 3525534.396279721986502 ], [ 4208556.157352433539927, 3524966.483799695037305 ], [ 4207660.909360649064183, 3524857.838764111045748 ], [ 4206623.872057678177953, 3525254.654109170660377 ], [ 4206341.181905258446932, 3525913.057233304716647 ], [ 4206243.93989762943238, 3526868.815615168772638 ], [ 4205768.347276070155203, 3528062.086864548735321 ], [ 4204857.09982233773917, 3527953.218043898697942 ], [ 4200672.735114563256502, 3524516.243136861361563 ], [ 4199770.271246312186122, 3523160.391231417655945 ], [ 4199331.532208140008152, 3522915.341932698152959 ], [ 4198462.924423854798079, 3522938.022817661054432 ], [ 4197375.016902003437281, 3523718.837134033441544 ], [ 4196633.728804007172585, 3523875.961345484480262 ], [ 4195917.798608814366162, 3523138.040217336267233 ], [ 4194692.407075644470751, 3521512.197130077518523 ], [ 4190458.214163058903068, 3519588.657705706078559 ], [ 4188445.250122365076095, 3516840.955261846538633 ], [ 4186170.961214730050415, 3509378.879949670284986 ], [ 4184387.919341788161546, 3506548.381228837184608 ], [ 4182584.458990643266588, 3505669.638329305220395 ], [ 4180263.89228882221505, 3505505.31173974648118 ], [ 4178231.378125777933747, 3506442.259841025806963 ], [ 4177289.123265554662794, 3508929.868742067366838 ], [ 4177558.629609106574208, 3509677.171960047446191 ], [ 4179252.981058344244957, 3512693.067747323773801 ], [ 4179573.509593709371984, 3513794.776152309030294 ], [ 4180000.17145884456113, 3516309.173323756549507 ], [ 4180413.26279103429988, 3517575.066187468823045 ], [ 4179661.880466071423143, 3517574.736104701180011 ], [ 4177663.968802166171372, 3518225.481146652251482 ], [ 4176950.106142564676702, 3518131.218371068127453 ], [ 4170372.458014930598438, 3515682.189968372695148 ], [ 4170095.281510799191892, 3515926.90765337087214 ], [ 4169810.35936737479642, 3516363.324449559673667 ], [ 4169431.941029177047312, 3516635.979863439220935 ], [ 4168842.109422869514674, 3516356.148404608946294 ], [ 4169097.347613258752972, 3516238.457742483355105 ], [ 4168870.542945637367666, 3515237.34934370778501 ], [ 4168177.840637365821749, 3513353.635918137617409 ], [ 4167155.967795290518552, 3512160.889194544870406 ], [ 4165913.185337676666677, 3511887.523794697597623 ], [ 4164527.073175887111574, 3512280.77960434788838 ], [ 4163089.203226366080344, 3513152.390560383908451 ], [ 4164192.062003942206502, 3512299.629857173655182 ], [ 4165876.261592774186283, 3510286.373694409616292 ], [ 4166786.558630743063986, 3509682.638060136698186 ], [ 4166159.377606097608805, 3509049.87408063467592 ], [ 4165798.275292998179793, 3508875.617871429305524 ], [ 4165266.344382205978036, 3508790.632462158799171 ], [ 4165675.426259607076645, 3507751.061576646752656 ], [ 4165901.448317032773048, 3507536.060321574099362 ], [ 4166462.913928957656026, 3507302.381066655740142 ], [ 4165581.803924785926938, 3506307.798255970701575 ], [ 4164366.292098107747734, 3504436.645072993822396 ], [ 4163463.593635303899646, 3503537.733249959535897 ], [ 4160566.756324068643153, 3502210.480438611470163 ], [ 4159638.747215240262449, 3501503.422955609858036 ], [ 4159043.690892479848117, 3501288.942927862517536 ], [ 4157985.894168133381754, 3501792.747101665474474 ], [ 4157530.638718408532441, 3501423.82359822280705 ], [ 4157106.355960438959301, 3500224.557801873423159 ], [ 4156840.919057117309421, 3499702.923126177862287 ], [ 4151981.03153138840571, 3497829.385656198021024 ], [ 4152523.41022717487067, 3496282.065089215524495 ], [ 4152852.794844154734164, 3495526.552221124991775 ], [ 4153296.100425949785858, 3494871.157356763724238 ], [ 4151084.43671339796856, 3491977.291630058549345 ], [ 4148371.751754877157509, 3489386.932618137449026 ], [ 4145603.815445701126009, 3488299.252763122785836 ], [ 4143259.325278921984136, 3490041.188324604183435 ], [ 4144292.522789328359067, 3491259.417189962230623 ], [ 4146379.294975691940635, 3493058.021809761412442 ], [ 4147225.342679874971509, 3494302.580705032218248 ], [ 4148983.466233879327774, 3500088.562243304681033 ], [ 4149902.87746336357668, 3501560.424640695098788 ], [ 4148079.540086474269629, 3500536.311711237300187 ], [ 4147351.119340664707124, 3499807.135499783791602 ], [ 4146683.810968642588705, 3498760.449816656298935 ], [ 4144766.334939921274781, 3494568.972342871595174 ], [ 4144539.093741750344634, 3493857.715977539308369 ], [ 4144328.864485338330269, 3493626.679715177044272 ], [ 4144078.162676550913602, 3493106.505959686357528 ], [ 4143726.796582941897213, 3492582.917040331754833 ], [ 4141240.741503657773137, 3491635.507204950787127 ], [ 4140489.278772566467524, 3491514.447491652797908 ], [ 4137057.621593937277794, 3491721.037785947322845 ], [ 4135826.951989355497062, 3491361.444831240922213 ], [ 4133602.326071741059422, 3490043.455676773097366 ], [ 4132614.519438070710748, 3489948.297086194623262 ], [ 4131713.145648007746786, 3490847.103899584617466 ], [ 4131261.780042878817767, 3492399.520653032697737 ], [ 4131414.103184807114303, 3493970.848915464244783 ], [ 4131962.653066031169146, 3495202.960335225332528 ], [ 4132751.813507787883282, 3495707.388529824092984 ], [ 4135138.814730159938335, 3500228.019803735427558 ], [ 4136198.678996661677957, 3501125.652172308415174 ], [ 4137305.121423693839461, 3501609.378881242126226 ], [ 4139759.156813113484532, 3501850.22520989831537 ], [ 4140133.675287591759115, 3503173.900600125081837 ], [ 4141322.356027716770768, 3505164.647749106399715 ], [ 4142745.947627444285899, 3507099.885023696348071 ], [ 4143852.534343790728599, 3508001.295855054166168 ], [ 4143654.550128194969147, 3508410.324288772884756 ], [ 4143557.906092716380954, 3508790.847625153604895 ], [ 4143396.661486621014774, 3509105.193161807954311 ], [ 4143035.04744008788839, 3509412.705103957559913 ], [ 4143554.388502344954759, 3510358.085567445028573 ], [ 4145218.720869767479599, 3512494.698555114213377 ], [ 4147210.773582136258483, 3516659.196624452713877 ], [ 4148458.899235755670816, 3518175.038560294546187 ], [ 4148975.815172250382602, 3519121.290136975236237 ], [ 4148842.862878064159304, 3520044.452488745097071 ], [ 4148164.124018703121692, 3520372.311220825649798 ], [ 4145144.951037609018385, 3519914.456462264060974 ], [ 4143792.558431760407984, 3520443.654666024260223 ], [ 4142509.925316486041993, 3521871.564502569846809 ], [ 4141497.020172295160592, 3523724.993242328055203 ], [ 4140929.788905465509742, 3525721.745342073962092 ], [ 4140746.347643473185599, 3528691.637853875756264 ], [ 4141050.821732746902853, 3531006.14561092434451 ], [ 4142145.192291412036866, 3535492.175387993454933 ], [ 4141039.785288981162012, 3535262.558016864582896 ], [ 4139489.843923538923264, 3533418.008850025944412 ], [ 4138717.97795145958662, 3533136.204611383378506 ], [ 4138261.16220217011869, 3533377.070049905218184 ], [ 4137895.554578992538154, 3533877.047832005657256 ], [ 4137637.781956291291863, 3534636.672380722127855 ], [ 4137502.307177923154086, 3535720.431520598009229 ], [ 4137300.010900120716542, 3535809.780811803415418 ], [ 4136788.533832039684057, 3536209.049439183901995 ], [ 4136221.105975496582687, 3536798.598721719812602 ], [ 4135866.347906144801527, 3537491.188566170632839 ], [ 4137286.729624085128307, 3539234.280299028381705 ], [ 4138122.784435431472957, 3539550.035957965068519 ], [ 4138948.279395922087133, 3536696.644995109643787 ], [ 4139822.797630921006203, 3536373.819967562798411 ], [ 4140843.925693622324616, 3536632.286157715134323 ], [ 4141661.505290720611811, 3537012.116219582036138 ], [ 4140577.109776759985834, 3537647.565411918330938 ], [ 4139958.941511248238385, 3538747.088366315700114 ], [ 4139675.268460753839463, 3540274.087602622341365 ], [ 4139565.453781328629702, 3542063.095870592165738 ], [ 4139596.30528104910627, 3543120.579843146726489 ], [ 4139833.153501271270216, 3544953.386257296428084 ], [ 4139869.245765185914934, 3545851.050307317171246 ], [ 4139721.756714588962495, 3546294.321057129185647 ], [ 4139437.597013710997999, 3546861.080845998134464 ], [ 4139245.292475093621761, 3547655.068638178985566 ], [ 4139339.03491368284449, 3548810.873340186662972 ], [ 4137927.152980009559542, 3549436.133015032857656 ], [ 4136788.79988653305918, 3551319.65026361355558 ], [ 4136500.510877684224397, 3553039.298124776687473 ], [ 4137669.573984608054161, 3553206.019352328497916 ], [ 4140777.407810676377267, 3549371.698010327294469 ], [ 4141954.447307753376663, 3547394.568837726488709 ], [ 4142524.667195464484394, 3546709.695825781673193 ], [ 4141282.939464227296412, 3541800.945917425211519 ], [ 4141463.06209728308022, 3539918.327111123595387 ], [ 4143146.125959359575063, 3539239.607496243435889 ], [ 4144645.194268187973648, 3538139.020780247636139 ], [ 4145492.139444283209741, 3538136.52132333163172 ], [ 4146021.367367392405868, 3541036.179407536052167 ], [ 4146622.976757544558495, 3541857.69534233212471 ], [ 4148019.038893320597708, 3543187.762607170734555 ], [ 4147649.128773247357458, 3544263.171208816580474 ], [ 4147671.543885791208595, 3545032.38166084792465 ], [ 4147832.062832219991833, 3545646.427816909737885 ], [ 4147914.318295161239803, 3546129.630438004620373 ], [ 4147968.187641311902553, 3550198.132872468326241 ], [ 4148473.224224022123963, 3551817.311856054700911 ], [ 4148511.221345993224531, 3553067.614183268044144 ], [ 4148869.944368763826787, 3554137.305781996808946 ], [ 4150286.700901228003204, 3555213.253643576521426 ], [ 4149659.28705623652786, 3557016.133887823671103 ], [ 4150384.153348509222269, 3558451.659259594976902 ], [ 4151467.937165813986212, 3559996.588885297998786 ], [ 4151990.209393701516092, 3561969.703493417240679 ], [ 4151746.515479802154005, 3562761.602724209893495 ], [ 4151252.139656247571111, 3563640.463225556537509 ], [ 4150919.257669529411942, 3564621.391359075438231 ], [ 4151063.13649994879961, 3565651.79029947007075 ], [ 4151591.574136068578809, 3566087.602145811542869 ], [ 4152154.033303790725768, 3565595.670768171548843 ], [ 4152669.605021730996668, 3564589.511123239062726 ], [ 4153040.607632406055927, 3563481.98081850586459 ], [ 4155221.023757309652865, 3566959.122559458483011 ], [ 4155803.094566740561277, 3567269.365707146935165 ], [ 4157149.885378470178694, 3567416.459828502498567 ], [ 4157363.389453709125519, 3567873.136968839913607 ], [ 4157989.022532276809216, 3568762.094032361637801 ], [ 4158687.09732584329322, 3569045.169204073492438 ], [ 4159047.88022529752925, 3567809.447709202766418 ], [ 4159331.075685818679631, 3567307.711943897418678 ], [ 4159934.228041771333665, 3567491.202582461759448 ], [ 4160551.623611343558878, 3568155.948356566950679 ], [ 4160915.646352072246373, 3568971.140165477059782 ], [ 4161501.393792526330799, 3567904.580190598033369 ], [ 4161795.959471761714667, 3566698.558770033530891 ], [ 4161693.99403116106987, 3565509.109868697356433 ], [ 4161088.802582293748856, 3564524.344053726177663 ], [ 4161925.310055850073695, 3564236.621705554425716 ], [ 4164420.214396077208221, 3564591.333377073053271 ], [ 4164959.037610820494592, 3564324.434092987794429 ], [ 4165183.736774948891252, 3563244.094813209958375 ], [ 4165611.063401041086763, 3563293.212577988393605 ], [ 4166102.826820476911962, 3563793.498967126011848 ], [ 4166490.688366279006004, 3564001.320716262795031 ], [ 4167089.201824491843581, 3563897.292184085119516 ], [ 4167416.258840335533023, 3563974.591223357245326 ], [ 4167720.713964199181646, 3563794.68681042548269 ], [ 4168284.577775993850082, 3562920.493507056497037 ], [ 4169262.215354539919645, 3562031.250150789972395 ], [ 4171656.024659169837832, 3561264.792376232799143 ], [ 4172416.327779070008546, 3560463.401245261542499 ], [ 4172595.75941671943292, 3558933.10612355126068 ], [ 4172138.661844226997346, 3557600.63172916136682 ], [ 4171405.130375404842198, 3556545.129779742099345 ], [ 4170666.659362267702818, 3556002.124128029216081 ], [ 4171392.612979845143855, 3555647.677312864456326 ], [ 4172556.889347488060594, 3554702.952970350626856 ], [ 4173275.21779972827062, 3554540.711098226718605 ], [ 4173558.26500782603398, 3554104.093204990029335 ], [ 4174539.739956069737673, 3551230.431857946328819 ], [ 4175661.716614364646375, 3550156.721405785996467 ], [ 4178166.937930152751505, 3549686.9471629653126 ], [ 4179064.180012740660459, 3548860.746274061501026 ], [ 4179221.350294043775648, 3548291.002144671045244 ], [ 4179922.026829712558538, 3546655.820766844786704 ], [ 4182461.980282033327967, 3549232.870992663316429 ], [ 4183217.43967343820259, 3550515.364692525006831 ], [ 4182710.445700156036764, 3551870.412003997713327 ], [ 4182243.484468720387667, 3553451.555629111360759 ], [ 4181636.569072104990482, 3554834.4602738218382 ], [ 4180726.243104631081223, 3555595.567591088823974 ], [ 4180993.460880947299302, 3557433.308531174901873 ], [ 4180944.060178718995303, 3559321.402646538801491 ], [ 4180621.218999847304076, 3561037.452457593753934 ], [ 4180018.507299455814064, 3562356.916240295860916 ], [ 4180185.508171590045094, 3563453.607632503379136 ], [ 4180068.062645233236253, 3564634.081150309182703 ], [ 4179770.821892235428095, 3565774.729938856326044 ], [ 4179429.857844918034971, 3566785.351191102061421 ], [ 4179258.21583089325577, 3566938.131561806425452 ], [ 4178485.183008377440274, 3568026.27699963375926 ], [ 4178408.273925805464387, 3568279.324621284846216 ], [ 4178199.662040458060801, 3568526.694289320148528 ], [ 4178172.078036689199507, 3569166.4357571285218 ], [ 4178189.730985555332154, 3569904.281434502452612 ], [ 4178130.60602963808924, 3570510.638662024401128 ], [ 4176570.355973478872329, 3574610.066034412011504 ], [ 4175499.576669503003359, 3576551.596505771856755 ], [ 4174381.436233565211296, 3577690.126995623111725 ], [ 4175062.236785009969026, 3579097.299807279370725 ], [ 4174860.133193769026548, 3580370.931902665644884 ], [ 4173389.764320800546557, 3582873.324410097673535 ], [ 4173558.32045679166913, 3583553.641937556210905 ], [ 4173620.098961611278355, 3584037.124234879389405 ], [ 4173519.205168328713626, 3584481.695895629003644 ], [ 4173292.760603203903884, 3585177.464049457106739 ], [ 4173297.697306331712753, 3586620.386912696063519 ], [ 4172710.816648487001657, 3587301.056368452962488 ], [ 4171916.4504300118424, 3587844.891411628574133 ], [ 4171240.044818868394941, 3588714.410994890145957 ], [ 4171022.95379923004657, 3589987.889427689835429 ], [ 4171634.296323285903782, 3589885.110885080415756 ], [ 4172433.622859029565006, 3589213.161558608524501 ], [ 4172780.076664718333632, 3588778.821907067671418 ], [ 4174090.966122841462493, 3589603.629763746634126 ], [ 4174473.513163882307708, 3591415.476038453169167 ], [ 4174132.939641710370779, 3593645.692607562057674 ], [ 4173213.302184736356139, 3595627.108487585093826 ], [ 4173980.818916773889214, 3596461.303721979726106 ], [ 4175307.728138240985572, 3598762.767776586581022 ], [ 4176112.374448651447892, 3599470.76650461461395 ], [ 4176672.772959379479289, 3595197.25486437510699 ], [ 4177869.624860045034438, 3593292.699656687676907 ], [ 4179690.778800063300878, 3592890.922987762372941 ], [ 4182093.831389230675995, 3593060.865964794531465 ], [ 4181595.95670133177191, 3593936.779985622502863 ], [ 4180062.462766048964113, 3595633.139465862885118 ], [ 4179707.319142081774771, 3596259.006532330065966 ], [ 4179951.15014370623976, 3597424.288462697528303 ], [ 4180658.085302323568612, 3598481.698467926587909 ], [ 4181490.350443666335195, 3599288.219058423768729 ], [ 4182207.220244699157774, 3599736.978251916822046 ], [ 4183328.917825967073441, 3599915.264716034755111 ], [ 4186619.604575724806637, 3599197.59963955078274 ], [ 4186838.18180959392339, 3599432.085479870904237 ], [ 4187526.671854623127729, 3600489.981300042942166 ], [ 4187875.808705142699182, 3600730.508523921016604 ], [ 4188454.907450383994728, 3600596.689362262375653 ], [ 4189871.540828715078533, 3599346.829458405263722 ], [ 4191724.161939261015505, 3598951.829451685771346 ], [ 4193500.698012193199247, 3599484.341270906850696 ], [ 4199550.102388948202133, 3603399.543033204972744 ], [ 4201359.601261800155044, 3603873.080435169860721 ], [ 4202794.280434063635767, 3604970.605672074016184 ], [ 4203669.118950314819813, 3605142.358006439637393 ], [ 4203242.633640041574836, 3603516.843961362726986 ], [ 4202975.739945923909545, 3602958.161650116089731 ], [ 4203754.558931732550263, 3601777.576161976438016 ], [ 4204497.45106899086386, 3601654.142468332778662 ], [ 4206085.330156681127846, 3602311.193303316831589 ], [ 4206482.275362264364958, 3602555.771319441497326 ], [ 4206683.432319768704474, 3603111.379207233898342 ], [ 4206802.908082205802202, 3603662.885212081018835 ], [ 4206971.154180767945945, 3603895.991538048256189 ], [ 4209027.821988592855632, 3604000.393957213964313 ], [ 4209065.374203957617283, 3603264.285531094297767 ], [ 4208978.793980997055769, 3601751.78338081529364 ], [ 4208531.162201346829534, 3600894.762325765099376 ], [ 4207035.678738839924335, 3599375.201533142942935 ], [ 4207502.623313724994659, 3598564.632945918478072 ], [ 4207642.942022153176367, 3598058.410216636024415 ], [ 4207488.849233735352755, 3597216.485321431886405 ], [ 4208140.832373990677297, 3596319.138380599673837 ], [ 4209278.979257203638554, 3596184.516114313155413 ], [ 4211731.843360749073327, 3596631.117923845071346 ], [ 4210861.536758367903531, 3597933.795080467592925 ], [ 4210285.891166290268302, 3599251.774296986870468 ], [ 4210367.379411244764924, 3600218.498694811016321 ], [ 4211537.076616466976702, 3600407.007907093502581 ], [ 4212005.03451834153384, 3599276.092332321219146 ], [ 4212438.647158022969961, 3598496.404053184203804 ], [ 4212963.592624139972031, 3598170.688288784120232 ], [ 4213573.070497056469321, 3598426.959299402777106 ], [ 4214012.361363832838833, 3598802.786004493013024 ], [ 4214466.625729326158762, 3598890.678922379389405 ], [ 4215088.514775208197534, 3598281.526050663087517 ], [ 4214401.811262352392077, 3596994.295879980083555 ], [ 4214533.356818702071905, 3596359.49841453647241 ], [ 4215052.030400432646275, 3596162.053942718543112 ], [ 4215547.681843472644687, 3596091.798149323556572 ], [ 4216188.361448355019093, 3596382.156864976510406 ], [ 4216916.919028694741428, 3596869.771988107822835 ], [ 4217577.738490731455386, 3596776.409043440595269 ], [ 4217927.653954977169633, 3595126.597604516893625 ], [ 4218178.760453511960804, 3594722.849366405978799 ], [ 4218700.559230824001133, 3594782.687823737040162 ], [ 4219160.598744634538889, 3595384.721404252108186 ], [ 4219339.278191942721605, 3596645.56566199939698 ], [ 4219158.91377442702651, 3597566.415014425758272 ], [ 4218934.695222865790129, 3598388.69213677290827 ], [ 4218972.013774938881397, 3599224.948944942560047 ], [ 4219568.222255610860884, 3600026.932370087131858 ], [ 4220846.051119610667229, 3600031.362676698714495 ], [ 4221532.693537936545908, 3598239.35513471160084 ], [ 4222158.861073162406683, 3596059.220979657955468 ], [ 4223261.181403908878565, 3595092.275873678736389 ], [ 4223923.790079179219902, 3595577.556677725166082 ], [ 4224227.702226818539202, 3596620.913934501819313 ], [ 4224335.257841859944165, 3597653.593599976971745 ], [ 4224425.195488859899342, 3598107.74743230920285 ], [ 4225149.683418178930879, 3598051.170147051103413 ], [ 4225773.853536011651158, 3597732.488372249528766 ], [ 4226304.847503691911697, 3597023.69958083704114 ], [ 4226675.557164244353771, 3595953.168050752952695 ], [ 4226083.265557142905891, 3595984.682962089776993 ], [ 4225570.46580356080085, 3595763.954286318272352 ], [ 4225142.332352750003338, 3595194.986316385213286 ], [ 4224795.27199378143996, 3594341.746863927226514 ], [ 4225335.837386017665267, 3592863.387132657691836 ], [ 4225819.469115964137018, 3590932.85603648237884 ], [ 4226206.916109148412943, 3588965.093139776028693 ], [ 4226378.582700774073601, 3587338.452213228680193 ], [ 4226100.6039236523211, 3584917.302165537606925 ], [ 4224431.193205304443836, 3581746.750345238484442 ], [ 4223900.902523880824447, 3578478.633363573811948 ], [ 4223260.400476501323283, 3577834.572030235081911 ], [ 4221949.528615993447602, 3577090.363190646283329 ], [ 4221397.527168122120202, 3576323.132617677096277 ], [ 4220934.337370248511434, 3575432.490089525468647 ], [ 4219927.433866515755653, 3572364.601952372584492 ], [ 4219722.671214847825468, 3571872.752850049175322 ], [ 4219716.984645056538284, 3571359.446392918936908 ], [ 4220005.210639524273574, 3570284.676939841825515 ], [ 4220518.892720725387335, 3569318.160945792216808 ], [ 4221036.651945389807224, 3568896.970818957313895 ], [ 4221475.620532535016537, 3568407.501235503703356 ], [ 4221698.551869662478566, 3567329.408797976095229 ], [ 4224011.955259261652827, 3568832.751740150619298 ], [ 4225232.704394207336009, 3569155.604603118728846 ], [ 4226622.45850527100265, 3569103.336301462259144 ], [ 4226464.484233101829886, 3569575.623969336505979 ], [ 4226198.69354379363358, 3570811.555661438032985 ], [ 4226057.263563762418926, 3571284.781915612518787 ], [ 4227109.739909459836781, 3571951.767142415046692 ], [ 4226974.760708441957831, 3572906.330774448346347 ], [ 4226520.389419567771256, 3573971.649921787437052 ], [ 4226646.815740773454309, 3574972.69448807882145 ], [ 4227445.23334920220077, 3575144.900275069754571 ], [ 4228206.843379691243172, 3574192.823209475260228 ], [ 4228832.683913104236126, 3572720.288477980531752 ], [ 4229199.697638998739421, 3571457.977864476852119 ], [ 4228968.359118211083114, 3570867.961666168645024 ], [ 4228730.577654138207436, 3569796.644154365174472 ], [ 4228531.97620489820838, 3569208.499677945394069 ], [ 4228933.60215509776026, 3568813.900899844709784 ], [ 4229368.728100707754493, 3568709.77326625585556 ], [ 4229870.193325254134834, 3568897.955728613771498 ], [ 4230441.445104681886733, 3569314.545430815778673 ], [ 4229549.926962103694677, 3566635.745056872721761 ] ], [ [ 4181366.409767833538353, 3522161.047365922480822 ], [ 4181291.542257464490831, 3523886.232469312380999 ], [ 4180933.827554014045745, 3524830.995156787801534 ], [ 4179244.487387849017978, 3526518.682520104572177 ], [ 4178541.401328901294619, 3525816.348950961139053 ], [ 4177776.233990719076246, 3525783.701979733072221 ], [ 4176134.401733622420579, 3526386.315132375340909 ], [ 4175336.886051965411752, 3525936.630385239142925 ], [ 4174416.170098915696144, 3524841.805498221889138 ], [ 4173619.418848654720932, 3523560.344591711647809 ], [ 4173230.407393589615822, 3522488.00886124977842 ], [ 4173340.532761703711003, 3520636.313977787736803 ], [ 4174141.92650091368705, 3520221.564506188966334 ], [ 4175183.980907894205302, 3520041.067942905239761 ], [ 4176080.558562976308167, 3518958.602084066718817 ], [ 4177679.786428574938327, 3520210.388162091840059 ], [ 4178316.058734632562846, 3520941.587611102499068 ], [ 4179052.231015376280993, 3522061.261322730686516 ], [ 4179470.81879161298275, 3521247.050271765328944 ], [ 4179182.033090287353843, 3520978.615147652104497 ], [ 4178716.570453100837767, 3520158.560154615435749 ], [ 4178351.182066921610385, 3519726.899010070599616 ], [ 4179584.861679814290255, 3518979.586286907084286 ], [ 4180523.401922138407826, 3518891.973045074846596 ], [ 4181134.456517104059458, 3519814.529660516884178 ], [ 4181366.409767833538353, 3522161.047365922480822 ] ], [ [ 4198491.447349831461906, 3594494.037059210240841 ], [ 4198148.797220466658473, 3594798.250832403078675 ], [ 4198061.749772703275084, 3595243.120149557013065 ], [ 4198078.397657210938632, 3595917.536894343793392 ], [ 4198005.549418529495597, 3596748.037965247407556 ], [ 4196406.196488373912871, 3597633.530780352652073 ], [ 4194374.483306442387402, 3597633.029909979086369 ], [ 4192359.616964678745717, 3596575.80261150514707 ], [ 4190867.153165996540338, 3594132.640877547673881 ], [ 4191930.577127666212618, 3594535.007395580410957 ], [ 4193169.629744549281895, 3594336.50676239375025 ], [ 4193957.245633399114013, 3593283.114528751932085 ], [ 4193674.336307919584215, 3591281.279891015496105 ], [ 4194216.929239005316049, 3590216.463379935361445 ], [ 4194894.776698743924499, 3589767.480827270075679 ], [ 4195338.191211910918355, 3590109.230946368537843 ], [ 4195213.405390833504498, 3591354.091370963957161 ], [ 4197491.82615271769464, 3590725.272438158281147 ], [ 4196629.8166119530797, 3592961.127357488498092 ], [ 4196249.425616263411939, 3593712.719884623773396 ], [ 4198523.926675690338016, 3593822.017424554564059 ], [ 4198491.447349831461906, 3594494.037059210240841 ] ], [ [ 4216492.397243924438953, 3541704.820172682404518 ], [ 4215219.972643203102052, 3543817.225550895556808 ], [ 4213709.076895391568542, 3542842.287949774414301 ], [ 4212948.248766206204891, 3542130.528779581189156 ], [ 4212667.498602051287889, 3541123.112357785459608 ], [ 4212623.309011397883296, 3539711.406716623809189 ], [ 4212312.921692225150764, 3539279.144766837358475 ], [ 4211795.997971992939711, 3539637.189565320499241 ], [ 4211114.120168970897794, 3540627.571584424003959 ], [ 4210914.725012358278036, 3541610.478883224539459 ], [ 4210965.527359357103705, 3542574.067541068885475 ], [ 4210613.525276325643063, 3543293.016391545068473 ], [ 4209240.762264343909919, 3543512.019918175879866 ], [ 4208630.584316377528012, 3543096.950777688529342 ], [ 4208344.096933038905263, 3542185.654352019540966 ], [ 4208048.07937026489526, 3539800.484121181070805 ], [ 4209294.232672507874668, 3537492.731166778132319 ], [ 4209402.347489766776562, 3536665.415111771319062 ], [ 4209472.489354202523828, 3534939.43880306603387 ], [ 4209834.491538049653172, 3534028.875794617459178 ], [ 4210570.246657198294997, 3534290.175159999635071 ], [ 4211974.164622430689633, 3535482.332470424473286 ], [ 4212677.69604199193418, 3535390.07499669957906 ], [ 4213950.26281332038343, 3534910.744208407122642 ], [ 4214539.406974244862795, 3534780.894525543786585 ], [ 4215073.956911464221776, 3535064.685217896476388 ], [ 4215158.788755504414439, 3535677.624930588994175 ], [ 4215086.006932521238923, 3536442.586820640135556 ], [ 4215180.773390172980726, 3537184.187848689034581 ], [ 4215955.549439177848399, 3539562.655166056007147 ], [ 4216492.397243924438953, 3541704.820172682404518 ] ] ] } },
{ "type": "Feature", "properties": { "featurecla": "Lake", "scalerank": 3.0, "name": "Lake Pskov", "name_en": "Pihkva", "ne_id": 1159113451.0 }, "geometry": { "type": "Polygon", "coordinates": [ [ [ 4993953.637198338285089, 3590238.844915746711195 ], [ 4996318.862830043770373, 3591567.307140353135765 ], [ 4997520.911633293144405, 3590971.468904288019985 ], [ 4998369.946254651062191, 3589402.748474526684731 ], [ 4998950.543237872421741, 3587440.302313421852887 ], [ 4999069.893660560250282, 3585661.746344338171184 ], [ 4998471.071407526731491, 3584694.893320832401514 ], [ 4999703.217713604681194, 3584698.164002684410661 ], [ 5000122.146452220156789, 3583616.843781294301152 ], [ 5000291.012620785273612, 3582277.658174045849591 ], [ 5000839.12932721991092, 3581523.536230191588402 ], [ 5001509.764631194993854, 3581982.273825479671359 ], [ 5002972.449741123244166, 3584540.240758749190718 ], [ 5004753.492961872369051, 3585927.852748793549836 ], [ 5005596.768055458553135, 3586955.697806088719517 ], [ 5006572.239506688900292, 3587654.51944092893973 ], [ 5007872.505971496924758, 3587381.04757531080395 ], [ 5008577.207742053084075, 3587553.75205344054848 ], [ 5010016.421061770059168, 3589616.890082483179867 ], [ 5010880.290024158544838, 3590059.401686296332628 ], [ 5010932.539009717293084, 3589776.256200205534697 ], [ 5011288.118825485929847, 3589107.272506198845804 ], [ 5011757.319867124781013, 3588400.483707402832806 ], [ 5012159.069705699570477, 3588038.897493613883853 ], [ 5012808.92282799910754, 3587869.969363569747657 ], [ 5013462.167868167161942, 3587899.302248505875468 ], [ 5014060.820454446598887, 3588079.731578020378947 ], [ 5016394.291179447434843, 3590103.150425892323256 ], [ 5017437.86611183360219, 3590591.579511405434459 ], [ 5018487.483332891948521, 3590423.783693358302116 ], [ 5019089.978730922564864, 3589816.350356190931052 ], [ 5020530.074436980299652, 3587936.148861872497946 ], [ 5021294.933070991188288, 3587237.609793282113969 ], [ 5024819.543492753058672, 3585382.837833606638014 ], [ 5025650.021851044148207, 3585194.815232363063842 ], [ 5025894.144360981881618, 3584564.605068620759994 ], [ 5027348.720521006733179, 3581735.322782989125699 ], [ 5027957.060970671474934, 3580834.080678867176175 ], [ 5033272.386209353804588, 3577160.954703277442604 ], [ 5034169.297252040356398, 3576299.701157590840012 ], [ 5034793.933302350342274, 3575271.554676500149071 ], [ 5034963.405029827728868, 3573898.944053429178894 ], [ 5034710.679482880048454, 3572815.443895506672561 ], [ 5034655.116149201989174, 3571781.422795891296118 ], [ 5035424.293961052782834, 3570526.331698215566576 ], [ 5036994.18156061694026, 3568452.113379118032753 ], [ 5037776.264038044959307, 3566312.113630957901478 ], [ 5037923.544736986979842, 3563980.048357187304646 ], [ 5037492.159540036693215, 3561437.295844626612961 ], [ 5037127.042916703037918, 3560095.746955341193825 ], [ 5036897.834300024434924, 3559610.716801829170436 ], [ 5027697.090875067748129, 3556857.904962994158268 ], [ 5026381.396105972118676, 3557287.982579268049449 ], [ 5025252.011108069680631, 3559868.452723598107696 ], [ 5024178.2239481639117, 3561378.003809888847172 ], [ 5022463.077763920649886, 3561874.518277761060745 ], [ 5019325.183541758917272, 3562185.360346074681729 ], [ 5021629.515091486275196, 3563904.08136292733252 ], [ 5022033.292356930673122, 3564464.057925683446229 ], [ 5021841.260439237579703, 3565665.910891853272915 ], [ 5021133.90529424790293, 3566477.485202693846077 ], [ 5020197.947536889463663, 3566871.087961457669735 ], [ 5018640.3863365361467, 3566881.543843619991094 ], [ 5016436.421994850970805, 3567390.984235082753003 ], [ 5015700.066338432952762, 3567900.251312142703682 ], [ 5015402.234487772919238, 3568188.636475551873446 ], [ 5014510.331430094316602, 3568692.718278484418988 ], [ 5013410.548560980707407, 3570756.488692559767514 ], [ 5013012.877850593999028, 3571382.053321022540331 ], [ 5011376.385778105817735, 3572295.662918816320598 ], [ 5008938.457193984650075, 3572783.774478017818183 ], [ 5006844.653124848380685, 3572436.961872858460993 ], [ 5006240.880493361502886, 3570909.740869452711195 ], [ 5006538.254010380245745, 3569832.196378824766725 ], [ 5006588.450002167373896, 3569483.005922554060817 ], [ 5005955.58242257963866, 3567784.747257645241916 ], [ 5005798.410230749286711, 3566925.195204948540777 ], [ 5005571.465799859724939, 3563552.210167404729873 ], [ 5004254.430914144963026, 3565597.298799037002027 ], [ 5003192.222205727361143, 3568032.988778442144394 ], [ 5002345.839489785023034, 3570586.959453091025352 ], [ 5001739.418030421249568, 3572870.813357166014612 ], [ 5001326.871005945838988, 3575431.828553712926805 ], [ 5000890.095832968130708, 3576442.903273778036237 ], [ 4998928.824309690855443, 3576854.510790335945785 ], [ 4998131.205162374302745, 3577778.368044637143612 ], [ 4996620.698083778843284, 3580501.046485278289765 ], [ 4992309.047523117624223, 3585701.889220531098545 ], [ 4991085.021838556043804, 3587542.290700026787817 ], [ 4990693.557439963333309, 3588663.541163581889123 ], [ 4992492.892542088404298, 3590904.561706960201263 ], [ 4993953.637198338285089, 3590238.844915746711195 ] ] ] } },
{ "type": "Feature", "properties": { "featurecla": "Lake", "scalerank": 4.0, "name": "Lake Peipus", "name_en": "Peipus", "ne_id": 1159113563.0 }, "geometry": { "type": "MultiPolygon", "coordinates": [ [ [ [ 4989817.40593308955431, 3591869.35805622395128 ], [ 4989496.649000128731132, 3592482.078228466212749 ], [ 4988762.529323800466955, 3592798.180887483526021 ], [ 4985750.541133929044008, 3595392.473327550571412 ], [ 4985868.493360210210085, 3596702.109190295450389 ], [ 4985490.077244382351637, 3597629.7433699099347 ], [ 4984890.359602249227464, 3598471.423264160752296 ], [ 4984370.769241416826844, 3599628.094069787301123 ], [ 4983833.949358055368066, 3601864.977686019614339 ], [ 4983874.724249564111233, 3602630.51093588443473 ], [ 4984139.758240351453424, 3603252.757314385380596 ], [ 4984192.479550547897816, 3603824.050080209039152 ], [ 4983612.829564816318452, 3604440.657451685518026 ], [ 4982640.252229277044535, 3604897.328174517024308 ], [ 4978276.263897076249123, 3606119.833660427480936 ], [ 4975830.477375339716673, 3605602.060490311123431 ], [ 4974477.931092346087098, 3605707.066623645834625 ], [ 4972797.429352599196136, 3607048.402974971104413 ], [ 4971850.615041272714734, 3609221.331067716237158 ], [ 4970771.244821828790009, 3614418.064516284503043 ], [ 4969960.001662028953433, 3617182.187703749164939 ], [ 4969723.235611464828253, 3617710.07406879356131 ], [ 5001358.3025416219607, 3617710.07406879356131 ], [ 4999061.775319608859718, 3612917.224123693071306 ], [ 4998840.46007826179266, 3609935.538324770517647 ], [ 4997795.178221017122269, 3606358.752321447711438 ], [ 4997462.953136169351637, 3605948.960598047357053 ], [ 4996392.484372571110725, 3605589.743262004107237 ], [ 4996263.43212463427335, 3605196.640423621051013 ], [ 4996650.733774764463305, 3604172.848749685566872 ], [ 4997074.155825770460069, 3603782.632289334200323 ], [ 4997525.157636208459735, 3603563.572318664751947 ], [ 4998009.173010848462582, 3602925.11357793956995 ], [ 4998678.381734600290656, 3601739.92108116671443 ], [ 4998981.75689834728837, 3600991.776176319457591 ], [ 4998694.332086516544223, 3600395.66660675033927 ], [ 4997584.743835421279073, 3599763.954421445727348 ], [ 4996388.156684973277152, 3599703.241941492538899 ], [ 4994142.720843901857734, 3600900.683732601348311 ], [ 4993088.690753048285842, 3601039.748061338439584 ], [ 4992344.477438258938491, 3600399.388859429396689 ], [ 4992206.432277670130134, 3599182.69725601375103 ], [ 4992483.862584371119738, 3597606.409815630409867 ], [ 4992881.856470082886517, 3595960.748531941790134 ], [ 4992987.24741820525378, 3594737.365899921394885 ], [ 4992862.066221197135746, 3593392.569267162121832 ], [ 4992492.892542088404298, 3590904.561706960201263 ], [ 4990693.557439963333309, 3588663.541163581889123 ], [ 4989817.40593308955431, 3591869.35805622395128 ] ], [ [ 4986550.956309476867318, 3605574.432911661919206 ], [ 4988487.612309127114713, 3604989.547992778941989 ], [ 4989349.846840055659413, 3605066.22092357929796 ], [ 4990188.563545940443873, 3605597.606729203369468 ], [ 4989545.38162702228874, 3606329.720269899815321 ], [ 4988920.948064034804702, 3606770.577972145751119 ], [ 4987646.876555303111672, 3607186.2281001387164 ], [ 4987452.483161982148886, 3607205.080676428508013 ], [ 4987069.864793357439339, 3607145.68857192620635 ], [ 4986770.931764600798488, 3606810.678983428515494 ], [ 4986598.415763303637505, 3606308.951375779695809 ], [ 4986550.956309476867318, 3605574.432911661919206 ] ] ], [ [ [ 5004185.0173733625561, 3616377.390180425718427 ], [ 5003211.024295857176185, 3614229.508027198724449 ], [ 5002812.090645079500973, 3615151.669849996455014 ], [ 5002588.023822071030736, 3617400.165353465359658 ], [ 5002506.181011250242591, 3617710.07406879356131 ], [ 5004459.168666858226061, 3617710.07406879356131 ], [ 5004185.0173733625561, 3616377.390180425718427 ] ] ] ] } },
{ "type": "Feature", "properties": { "featurecla": "Lake", "scalerank": 4.0, "name": "Lake Geneva", "name_en": "Geneva", "ne_id": 1159114143.0 }, "geometry": { "type": "Polygon", "coordinates": [ [ [ 3770611.592516076285392, 2207442.259156926069409 ], [ 3771928.214538763742894, 2205357.716239181812853 ], [ 3770245.272340032272041, 2203398.01649164268747 ], [ 3766798.643600268289447, 2203352.828139162156731 ], [ 3754217.012929789256305, 2206121.274012197740376 ], [ 3739436.517588772810996, 2205311.266959355212748 ], [ 3739071.181538650766015, 2205011.361407124437392 ], [ 3738210.598415032029152, 2203529.516165358945727 ], [ 3737821.670922715216875, 2203199.077418009284884 ], [ 3736731.767505115363747, 2202902.18052417691797 ], [ 3734292.761376740410924, 2201496.649341799784452 ], [ 3733136.575333980843425, 2201203.63387611694634 ], [ 3732420.035561561118811, 2200921.176021249033511 ], [ 3731272.1523456890136, 2199454.209919478278607 ], [ 3730509.899189371615648, 2199142.483268334064633 ], [ 3729953.989265943877399, 2199455.293608157895505 ], [ 3728530.685571839567274, 2201778.047067048028111 ], [ 3724030.338839080184698, 2202255.869531087577343 ], [ 3719399.606197361368686, 2195858.312731692567468 ], [ 3714955.087616704870015, 2188152.826047323644161 ], [ 3711051.143462577834725, 2184674.410586215555668 ], [ 3711318.950024367310107, 2185580.811493458226323 ], [ 3711666.2871417067945, 2186324.362727566156536 ], [ 3712118.41840967675671, 2186967.239664048422128 ], [ 3712693.993984323460609, 2187445.022651255596429 ], [ 3713409.925739325582981, 2191470.048788475804031 ], [ 3714812.855973741039634, 2194761.163274360820651 ], [ 3726196.351049319375306, 2210460.13572507770732 ], [ 3727454.410836348310113, 2211507.937141997739673 ], [ 3728841.607202669605613, 2212073.740620268508792 ], [ 3733792.591724296100438, 2212465.876763497944921 ], [ 3735072.564558442216367, 2213101.846108332276344 ], [ 3739638.452724174596369, 2216499.503811011090875 ], [ 3740840.782047558575869, 2216918.358455756679177 ], [ 3747309.499036359600723, 2217123.999961456749588 ], [ 3748955.421047518029809, 2216731.237761186435819 ], [ 3760956.121451138518751, 2211786.717848607338965 ], [ 3767317.658709165640175, 2209388.535037984140217 ], [ 3770611.592516076285392, 2207442.259156926069409 ] ] ] } },
{ "type": "Feature", "properties": { "featurecla": "Lake", "scalerank": 4.0, "name": "Lough Neagh", "name_en": "Neagh", "ne_id": 1159114155.0 }, "geometry": { "type": "Polygon", "coordinates": [ [ [ 2978410.588251780252904, 3208257.637342249043286 ], [ 2979245.318879981990904, 3209238.839629065711051 ], [ 2980210.207612721249461, 3209800.284004924818873 ], [ 2981043.472141300328076, 3209741.272189888171852 ], [ 2981680.40588853135705, 3208816.29769921861589 ], [ 2981325.66514778137207, 3207790.972920110449195 ], [ 2980810.471388999838382, 3206639.440391479991376 ], [ 2981005.736321569886059, 3205424.425054001156241 ], [ 2981424.308445407543331, 3205069.422930329106748 ], [ 2982486.172804585658014, 3204894.041656711604446 ], [ 2982942.673186909407377, 3204498.114063959568739 ], [ 2983364.288048810325563, 3203947.55806774366647 ], [ 2983781.188394857104868, 3203625.735685717780143 ], [ 2984252.967203441541642, 3203421.627413175068796 ], [ 2984828.338534763082862, 3203259.221569910179824 ], [ 2985982.211120633874089, 3203324.076263439375907 ], [ 2988363.213400604203343, 3203990.775254879146814 ], [ 2990559.85803554020822, 3203757.271904810331762 ], [ 2993009.205170065164566, 3204443.305983442347497 ], [ 2994103.219927913509309, 3204035.966447243466973 ], [ 2994741.395249920897186, 3203145.80650929780677 ], [ 2994959.173443027306348, 3202057.21627373714 ], [ 2994757.139438854064792, 3200899.953316387254745 ], [ 2994095.035650354344398, 3199747.999426044523716 ], [ 2993300.524621286895126, 3199015.669592714868486 ], [ 2990426.776256571523845, 3197286.591080880258232 ], [ 2989960.136157307773829, 3196676.193478091154248 ], [ 2988406.057739214040339, 3194034.749260662123561 ], [ 2988043.038939528632909, 3193173.707089130301028 ], [ 2988481.772985090501606, 3192522.751737113576382 ], [ 2989585.989525092765689, 3192567.656598635483533 ], [ 2990643.694437609985471, 3192363.256093907169998 ], [ 2990936.707338179461658, 3190932.87108828406781 ], [ 2990372.804366848897189, 3189466.79990387475118 ], [ 2989412.838214844465256, 3188804.330410498194396 ], [ 2987436.020393278915435, 3188240.041828323155642 ], [ 2987245.638954449445009, 3188022.77471320470795 ], [ 2986969.874332100618631, 3187467.195871557574719 ], [ 2986759.425681511405855, 3187286.942633482627571 ], [ 2985522.741429097484797, 3187499.70605293661356 ], [ 2985259.1254898076877, 3187461.458797399885952 ], [ 2985107.809609811753035, 3187040.469814954325557 ], [ 2985269.188681876752526, 3186581.693290593568236 ], [ 2985382.780446144752204, 3186036.173783836420625 ], [ 2985092.051051180809736, 3185289.026276033371687 ], [ 2984594.81044337619096, 3185010.802630425430834 ], [ 2983934.388171700295061, 3184931.829168665688485 ], [ 2983360.991593350190669, 3184735.850158133078367 ], [ 2983249.587392749264836, 3184240.908042931929231 ], [ 2984225.428623793646693, 3181811.466443633195013 ], [ 2980828.42451677378267, 3180756.132697835098952 ], [ 2979902.123080311808735, 3180802.547740214969963 ], [ 2979196.531653413549066, 3181449.395304309669882 ], [ 2978469.834806292317808, 3183173.892289542593062 ], [ 2977853.839265414979309, 3183963.375049053225666 ], [ 2975825.56917595397681, 3184780.41508769756183 ], [ 2971675.973707377910614, 3185170.545298476703465 ], [ 2969890.663886009715497, 3186553.078170923981816 ], [ 2968509.6566541348584, 3188169.39096113294363 ], [ 2968176.585603225976229, 3189318.899457382038236 ], [ 2968654.478419958613813, 3190705.867271868977696 ], [ 2969123.676298628561199, 3191021.459506712853909 ], [ 2970303.149000115692616, 3191012.245962939225137 ], [ 2970817.766069058328867, 3191154.987088171765208 ], [ 2971243.098443269729614, 3191610.858575681224465 ], [ 2971917.136861617211252, 3192660.519194227643311 ], [ 2972355.130549164488912, 3193048.520592154469341 ], [ 2974380.395570039749146, 3194310.961364654824138 ], [ 2975869.705122793093324, 3196086.108444168698043 ], [ 2976772.870361879002303, 3198482.511995528824627 ], [ 2977009.533349290955812, 3201680.937963023781776 ], [ 2976942.569587501697242, 3203127.212620376143605 ], [ 2976966.066869501490146, 3204390.338290130253881 ], [ 2977247.474890058860183, 3205627.345056545455009 ], [ 2977949.003641052171588, 3206931.449059401638806 ], [ 2978410.588251780252904, 3208257.637342249043286 ] ] ] } },
{ "type": "Feature", "properties": { "featurecla": "Lake", "scalerank": 4.0, "name": "Vättern", "name_en": "Vättern", "ne_id": 1159114173.0 }, "geometry": { "type": "Polygon", "coordinates": [ [ [ 4276902.722811588086188, 3543012.680344712920487 ], [ 4276944.831718272529542, 3541380.408801562618464 ], [ 4277746.896747250109911, 3540087.386287584900856 ], [ 4277918.794146307744086, 3541253.002511170692742 ], [ 4278348.132437268272042, 3542051.158262424170971 ], [ 4278915.213877161964774, 3542281.513811623677611 ], [ 4279571.144595781341195, 3541684.326195777859539 ], [ 4279705.495633601211011, 3540923.898830422665924 ], [ 4279654.401231531985104, 3539702.187694065738469 ], [ 4279471.666631487198174, 3537958.75186809245497 ], [ 4279153.798632547259331, 3536238.412578705698252 ], [ 4278277.233169720508158, 3533391.016577109694481 ], [ 4277941.25544314738363, 3531926.236572833266109 ], [ 4277894.593187166377902, 3529871.864479657262564 ], [ 4278399.537662306800485, 3525803.313843617681414 ], [ 4278434.706526782363653, 3524523.806678106542677 ], [ 4277822.50697335973382, 3523425.557330883108079 ], [ 4274453.546073278412223, 3519742.429531085770577 ], [ 4275051.394650284200907, 3519301.110771002713591 ], [ 4275615.887246901169419, 3519113.99496335722506 ], [ 4276819.669729806482792, 3519129.417862623464316 ], [ 4277184.341179919429123, 3518929.28718353016302 ], [ 4277956.17834376078099, 3517891.137832747772336 ], [ 4278487.672458478249609, 3517702.203960162587464 ], [ 4280451.688432945869863, 3518121.771103396080434 ], [ 4281325.174523644149303, 3517827.965026573743671 ], [ 4282086.402628788724542, 3516469.411192004568875 ], [ 4281327.385688439942896, 3515553.243349987547845 ], [ 4281168.901338529773057, 3514421.232860352378339 ], [ 4281612.578341552987695, 3513553.978524123318493 ], [ 4282636.681546982377768, 3513526.854832603596151 ], [ 4282250.709189097397029, 3512539.691123504657298 ], [ 4281634.220532210543752, 3511985.607988438569009 ], [ 4280496.251345563679934, 3511204.477443188428879 ], [ 4279961.368305386044085, 3510175.629349287133664 ], [ 4279459.900920602492988, 3508892.854904430918396 ], [ 4278897.354657556861639, 3507766.297849474474788 ], [ 4277515.488246014341712, 3506841.825808291323483 ], [ 4276956.046475427225232, 3506164.252715338021517 ], [ 4276335.67945487704128, 3505899.139871553517878 ], [ 4274683.147264767438173, 3507552.219611982349306 ], [ 4273781.025448916479945, 3507749.466602460481226 ], [ 4272908.054943941533566, 3507500.392516931518912 ], [ 4272193.491026008501649, 3506877.445426251739264 ], [ 4271356.97020221222192, 3505542.159844013862312 ], [ 4268904.79815468005836, 3500324.609844674821943 ], [ 4268430.81451325956732, 3499589.842681301757693 ], [ 4267814.592098827473819, 3498974.163647160399705 ], [ 4267135.792498387396336, 3498546.730337264481932 ], [ 4266476.192846456542611, 3498344.764997499994934 ], [ 4266033.612531118094921, 3497900.49283180385828 ], [ 4263574.192125698551536, 3491534.799510845914483 ], [ 4263422.815779539756477, 3490725.042206822894514 ], [ 4263677.193709624931216, 3489620.591425308957696 ], [ 4264558.626829742453992, 3488459.481391271576285 ], [ 4264809.355245061218739, 3487418.926574616227299 ], [ 4264602.809154206886888, 3486413.692524458281696 ], [ 4262891.103117993101478, 3483586.071576454676688 ], [ 4262719.400936712510884, 3482551.230230855755508 ], [ 4263277.836737411096692, 3480089.784233162179589 ], [ 4263392.994425069540739, 3478784.892824283335358 ], [ 4262981.625338407233357, 3477255.229239493142813 ], [ 4260449.013465496711433, 3472298.799693972337991 ], [ 4260228.480214911513031, 3471485.362322033382952 ], [ 4259529.773172662593424, 3467155.490655472967774 ], [ 4259042.637725326232612, 3466261.934653832577169 ], [ 4257933.435967491939664, 3465010.660265459213406 ], [ 4256170.689694261178374, 3461385.25633985362947 ], [ 4255456.641925719566643, 3459167.309698864817619 ], [ 4255228.222093401476741, 3457042.77880834788084 ], [ 4254718.933983069844544, 3455349.232204126194119 ], [ 4250813.527860634960234, 3451919.130791328847408 ], [ 4249895.214572664350271, 3450202.385767962783575 ], [ 4247305.601407090201974, 3442122.618415793869644 ], [ 4246916.199731656350195, 3439734.617271398194134 ], [ 4246635.642869526520371, 3438695.536881072912365 ], [ 4246430.225806437432766, 3437533.00069984421134 ], [ 4246448.789323078468442, 3436031.87518186820671 ], [ 4246586.714388425461948, 3434825.339935870841146 ], [ 4246688.271264297887683, 3434543.569010183215141 ], [ 4245926.477267629466951, 3432965.554627959616482 ], [ 4244650.688357793726027, 3431709.810718759894371 ], [ 4243108.73745477385819, 3430918.70074556209147 ], [ 4241593.854767007753253, 3430545.135030896402895 ], [ 4240390.30122643429786, 3431308.05020810989663 ], [ 4239753.822291729040444, 3433221.562840004451573 ], [ 4238962.466147380881011, 3437906.947735868860036 ], [ 4238195.014293677173555, 3439749.645126881077886 ], [ 4237335.974922730587423, 3441107.999163892120123 ], [ 4236624.821924560703337, 3442570.643158954568207 ], [ 4236231.351874150335789, 3444754.246146137360483 ], [ 4236059.298970558680594, 3445096.304072339087725 ], [ 4235705.742066329345107, 3446259.390544841531664 ], [ 4235501.330038544721901, 3447494.714410902932286 ], [ 4237421.951663046143949, 3451149.904844892211258 ], [ 4238997.563226106576622, 3455746.206498061306775 ], [ 4238894.037345158867538, 3456379.850874258670956 ], [ 4238748.770950501784682, 3456851.287033445201814 ], [ 4238861.482164283283055, 3457561.065553699620068 ], [ 4239473.265759845264256, 3459641.991372793912888 ], [ 4240160.54422297142446, 3463965.968799287918955 ], [ 4241313.430279114283621, 3467805.362307916861027 ], [ 4241386.193878596648574, 3469792.547186293639243 ], [ 4241282.202578803524375, 3473688.999505103565753 ], [ 4241756.735251717269421, 3475731.434299702290446 ], [ 4242415.063796604052186, 3477208.74273956567049 ], [ 4242805.563919439911842, 3478638.830215085763484 ], [ 4242424.69055282138288, 3480568.547654304187745 ], [ 4243404.87912973947823, 3482000.752776061184704 ], [ 4244294.932783365249634, 3487011.903323310893029 ], [ 4245323.044531021267176, 3488159.660520263016224 ], [ 4246339.398656983859837, 3488923.010843646712601 ], [ 4247142.607152537442744, 3490730.254144064150751 ], [ 4249420.194400380365551, 3498866.694922520313412 ], [ 4250303.01172099262476, 3500968.020268765743822 ], [ 4251186.62680097669363, 3501917.179313275031745 ], [ 4252521.956558775156736, 3502605.565686392132193 ], [ 4252563.627022423781455, 3504144.880029501393437 ], [ 4252465.158295137807727, 3506060.049138150177896 ], [ 4253370.894026411697268, 3508003.844655144959688 ], [ 4253636.243221115320921, 3508051.906916345003992 ], [ 4254485.029541053809226, 3507879.181923867203295 ], [ 4254924.438414700329304, 3508098.000399544835091 ], [ 4255197.934826924465597, 3508562.944465441629291 ], [ 4255346.686223299242556, 3509148.406362843234092 ], [ 4255562.501755849458277, 3510282.373766530770808 ], [ 4256100.510445323772728, 3512172.654587673954666 ], [ 4256283.562119051814079, 3513560.978509712964296 ], [ 4255910.902708113193512, 3514178.728310706559569 ], [ 4255846.547971828840673, 3515231.707031972706318 ], [ 4256063.726890372112393, 3521523.023466981947422 ], [ 4257720.9580929428339, 3524732.324715780094266 ], [ 4268168.291767324320972, 3535003.898465145844966 ], [ 4269102.457223032601178, 3536538.487930075731128 ], [ 4269565.069331889040768, 3537113.294107428286225 ], [ 4270060.695261081680655, 3537433.8833461063914 ], [ 4270390.384101130068302, 3538000.18805333180353 ], [ 4270543.622426082380116, 3540510.423290024511516 ], [ 4270901.939440049231052, 3541142.808377313427627 ], [ 4271848.325125908479095, 3541941.863367886282504 ], [ 4273393.800673762336373, 3543998.782933947164565 ], [ 4273780.246735804714262, 3544697.489811504725367 ], [ 4274158.705889637582004, 3545010.986481499858201 ], [ 4275299.408672205172479, 3544861.951134520117193 ], [ 4275874.31024678144604, 3545220.691454798914492 ], [ 4276339.130873256362975, 3546982.997280144132674 ], [ 4276082.185304881073534, 3550845.873606323730201 ], [ 4276605.057262434624135, 3551971.006330590229481 ], [ 4277328.095228464342654, 3550095.173418102785945 ], [ 4280103.976624422706664, 3548838.47877159807831 ], [ 4281174.346871786750853, 3547018.846763628069311 ], [ 4280290.072770658880472, 3547311.820379733107984 ], [ 4279949.835995646193624, 3547673.67320735566318 ], [ 4279532.086435338482261, 3548447.204392475541681 ], [ 4278672.593116427771747, 3547138.869610136840492 ], [ 4277747.91894340608269, 3546050.881467724218965 ], [ 4277291.089871439151466, 3544673.716906750109047 ], [ 4276902.722811588086188, 3543012.680344712920487 ] ] ] } },
{ "type": "Feature", "properties": { "featurecla": "Lake", "scalerank": 5.0, "name": "Bodensee", "name_en": "Constance", "ne_id": 1159114259.0 }, "geometry": { "type": "Polygon", "coordinates": [ [ [ 3980493.796042611356825, 2320659.781778899487108 ], [ 3981387.166090895887464, 2318662.395333270542324 ], [ 3978321.606891771312803, 2318863.796149721834809 ], [ 3977398.801775654312223, 2318677.664165230002254 ], [ 3977204.20816166093573, 2318298.628456020727754 ], [ 3976790.626692153513432, 2316875.924583347979933 ], [ 3976402.72411936474964, 2316466.09371979907155 ], [ 3975930.364603148307651, 2316373.218711527064443 ], [ 3974407.727211459074169, 2316475.205506344791502 ], [ 3973979.919763306621462, 2316730.497488486114889 ], [ 3973855.828039904125035, 2317680.751168286893517 ], [ 3973384.93839472765103, 2317872.988261657766998 ], [ 3972826.384100451134145, 2317685.848713742569089 ], [ 3971942.284910319373012, 2316772.384614700451493 ], [ 3971425.964272019919008, 2316490.202071421314031 ], [ 3970331.938291733618826, 2316496.118436026386917 ], [ 3969303.711510953027755, 2316755.124555051326752 ], [ 3968341.419938810635358, 2317267.18128241924569 ], [ 3967422.969872629269958, 2317905.764286017045379 ], [ 3964857.283459565602243, 2315832.639767229557037 ], [ 3963158.945390317589045, 2315337.496132933534682 ], [ 3956469.91075584711507, 2321338.637830323539674 ], [ 3956170.375936207361519, 2321404.3793198694475 ], [ 3955057.500452510081232, 2324167.505521531682462 ], [ 3954933.219759889878333, 2324675.012341366149485 ], [ 3954254.010122446343303, 2325408.791567156556994 ], [ 3942359.060953048057854, 2332645.282607086468488 ], [ 3940654.355769274756312, 2335164.43151332391426 ], [ 3942366.567103879060596, 2335335.683984336443245 ], [ 3942312.986966777127236, 2336317.481752909719944 ], [ 3940694.255775633268058, 2338772.338866955600679 ], [ 3940135.132077995687723, 2340361.133651923388243 ], [ 3939725.443939778953791, 2341916.639328137971461 ], [ 3939208.205845045857131, 2343378.429082479327917 ], [ 3938284.731758994981647, 2344749.970591578166932 ], [ 3937014.818717196118087, 2345650.970070007257164 ], [ 3934128.405488143675029, 2346920.067158479243517 ], [ 3932838.376259322278202, 2347822.306379661429673 ], [ 3930482.683090099133551, 2350384.401726236566901 ], [ 3929920.817379421554506, 2351436.179742557462305 ], [ 3932792.421653701458126, 2350956.239836216904223 ], [ 3940276.666491104755551, 2345392.050880524795502 ], [ 3942257.200019917450845, 2345022.179689384996891 ], [ 3942787.26628596521914, 2344699.988508790265769 ], [ 3943140.291514787357301, 2343778.367114255670458 ], [ 3943585.184367213398218, 2341431.508068744558841 ], [ 3943900.498565076384693, 2340953.432975515723228 ], [ 3950798.23514151526615, 2336264.608440181240439 ], [ 3952162.423062251880765, 2335840.799579890444875 ], [ 3955303.942975621670485, 2335750.407501672394574 ], [ 3956648.509695453569293, 2335486.163367995526642 ], [ 3960524.258213916327804, 2333462.198907986748964 ], [ 3962810.364758511539549, 2333161.00780457817018 ], [ 3963534.663504289463162, 2332744.565213559195399 ], [ 3964191.95416932599619, 2331885.538540028966963 ], [ 3964484.928166853263974, 2330902.37651046924293 ], [ 3964734.800071897450835, 2329856.202168438583612 ], [ 3965219.583874730858952, 2328713.548287244513631 ], [ 3966366.224236721172929, 2327250.217288865707815 ], [ 3967475.834972241893411, 2326641.979818768333644 ], [ 3970491.67189925070852, 2326054.82118407310918 ], [ 3973417.957225678022951, 2324551.852809324860573 ], [ 3976428.524135612882674, 2322353.716928161680698 ], [ 3979511.166773191653192, 2321549.746265314053744 ], [ 3980493.796042611356825, 2320659.781778899487108 ] ] ] } },
{ "type": "Feature", "properties": { "featurecla": "Lake", "scalerank": 5.0, "name": "Hjälmaren", "name_en": "Hjälmaren", "ne_id": 1159114391.0 }, "geometry": { "type": "Polygon", "coordinates": [ [ [ 4355957.136387509293854, 3604172.258820646442473 ], [ 4357066.417226609773934, 3605973.260092455893755 ], [ 4356521.760307047516108, 3603353.074731577653438 ], [ 4354703.531738739460707, 3601555.346401078626513 ], [ 4341229.816264517605305, 3596426.059010895900428 ], [ 4337378.682246862910688, 3593600.926079159602523 ], [ 4335508.37744427099824, 3592901.430565393064171 ], [ 4331879.981939539313316, 3592542.475405273493379 ], [ 4331169.13692744076252, 3592163.792094838805497 ], [ 4330460.387974580749869, 3591142.778583111707121 ], [ 4329444.692127763293684, 3590450.764845252968371 ], [ 4328321.267898315563798, 3590071.7259596795775 ], [ 4327333.492476182058454, 3590057.221569684799761 ], [ 4327979.460211215540767, 3588984.202646006830037 ], [ 4329660.139046289026737, 3588379.626375738997012 ], [ 4329853.144563272595406, 3587206.365253946743906 ], [ 4329368.502265942282975, 3586460.748833444900811 ], [ 4327449.630255348049104, 3585697.23448018822819 ], [ 4325294.191283871419728, 3583952.304932008963078 ], [ 4318289.892412414774299, 3583404.934894424397498 ], [ 4316462.499821353703737, 3583777.968249031342566 ], [ 4313071.895286537706852, 3586055.96353985927999 ], [ 4311288.199996534734964, 3586530.874266334809363 ], [ 4311010.936635796912014, 3586927.428258796222508 ], [ 4311561.211240859702229, 3587932.595196640118957 ], [ 4313197.13751354534179, 3589823.433723493479192 ], [ 4314780.25204159412533, 3590233.430364003870636 ], [ 4315413.291568720713258, 3590571.052757690660655 ], [ 4314070.644492038525641, 3592620.493620249442756 ], [ 4309688.205897791311145, 3592448.464058691635728 ], [ 4308192.144751504063606, 3594616.621112848632038 ], [ 4308729.618561305105686, 3594689.113909906707704 ], [ 4310071.927271140739322, 3595432.728254915680736 ], [ 4308635.050820089876652, 3596384.568725070916116 ], [ 4303580.643054337240756, 3594465.878514744341373 ], [ 4301320.544539142400026, 3594106.727127299644053 ], [ 4297308.43760987278074, 3595677.166579749435186 ], [ 4293109.817024546675384, 3595535.870006415061653 ], [ 4291575.518627796322107, 3595844.12731639156118 ], [ 4290818.91839436814189, 3597010.859716740436852 ], [ 4292346.915145420469344, 3598628.948607779573649 ], [ 4302251.77594940084964, 3597098.129807904362679 ], [ 4303003.54806166049093, 3597603.278553299605846 ], [ 4305368.85884384252131, 3599834.618918609339744 ], [ 4306756.898282678797841, 3601705.226177871692926 ], [ 4307780.065794101916254, 3602295.983755718450993 ], [ 4309855.110629989765584, 3602870.020284252241254 ], [ 4311707.190706675872207, 3601403.876218792051077 ], [ 4313909.554640701971948, 3600961.400537012144923 ], [ 4318200.438760443590581, 3601356.415167627390474 ], [ 4319833.161689287051558, 3600647.947553252801299 ], [ 4321890.601579201407731, 3597466.974236743524671 ], [ 4323702.791211149655282, 3597223.911566766910255 ], [ 4323531.572425060905516, 3598977.78825268894434 ], [ 4324056.821026569232345, 3599822.636520425323397 ], [ 4324418.474007581360638, 3600654.642022554762661 ], [ 4323737.062635393813252, 3601789.866415678523481 ], [ 4324442.145514771342278, 3603677.530469296965748 ], [ 4325153.374934352934361, 3602994.685137002728879 ], [ 4325611.796466004103422, 3601359.845551256090403 ], [ 4325570.991167818196118, 3600424.606707483530045 ], [ 4334943.474761664867401, 3600825.876739610917866 ], [ 4337014.653791090473533, 3599034.83189795166254 ], [ 4338502.804451867006719, 3598546.63635884039104 ], [ 4339935.789713887497783, 3598729.402814907021821 ], [ 4341891.982392670586705, 3600531.398196385707706 ], [ 4346332.889859419316053, 3601322.006805574521422 ], [ 4348342.308675575070083, 3603228.454469176009297 ], [ 4349593.869777876883745, 3603978.111231163144112 ], [ 4350565.213623736985028, 3603578.779332868754864 ], [ 4352065.036339172162116, 3602581.934985099360347 ], [ 4354075.903302319347858, 3602915.933134077116847 ], [ 4355957.136387509293854, 3604172.258820646442473 ] ] ] } },
{ "type": "Feature", "properties": { "featurecla": "Lake", "scalerank": 5.0, "name": "Lake Balaton", "name_en": "Balaton", "ne_id": 1159114609.0 }, "geometry": { "type": "Polygon", "coordinates": [ [ [ 4578103.503601907752454, 2277093.018937350250781 ], [ 4558274.324586667120457, 2265973.315779503434896 ], [ 4557161.868778920732439, 2264872.063630546443164 ], [ 4556189.488339240662754, 2263466.981763210613281 ], [ 4553384.212167055346072, 2260920.108700753655285 ], [ 4552271.442376768216491, 2260233.912423579953611 ], [ 4549120.017652123235166, 2259564.746088254265487 ], [ 4543264.82406204752624, 2260091.323889331892133 ], [ 4540072.076488941907883, 2259837.170353105757385 ], [ 4537601.294648072682321, 2258701.227332215756178 ], [ 4536349.890160684473813, 2258736.920998068526387 ], [ 4535426.652485137805343, 2260110.21329115703702 ], [ 4536149.788471945561469, 2264096.515988479368389 ], [ 4539110.907238893210888, 2264452.975294762291014 ], [ 4542318.051005180925131, 2263657.774984626099467 ], [ 4543703.596509164199233, 2264241.814753812272102 ], [ 4544016.497740522027016, 2265705.649132408201694 ], [ 4545012.886465481482446, 2267110.671815736219287 ], [ 4546296.948845295235515, 2268258.320888387504965 ], [ 4547579.076008601114154, 2268769.415351641364396 ], [ 4550371.478237237781286, 2268828.738384592812508 ], [ 4551758.031990407034755, 2268523.655885838437825 ], [ 4553078.249880682677031, 2267798.24633183144033 ], [ 4556553.782531710341573, 2271018.807856328785419 ], [ 4558538.65407101623714, 2272337.053895636461675 ], [ 4562329.439880539663136, 2273301.568773540202528 ], [ 4563142.07326952368021, 2273895.319228568580002 ], [ 4564333.102189636789262, 2276311.824203790165484 ], [ 4565137.658780416473746, 2277605.666538151912391 ], [ 4565887.783925106748939, 2278161.549878374673426 ], [ 4566821.896746072918177, 2278418.327076378278434 ], [ 4575650.787356122396886, 2283106.737160188145936 ], [ 4576701.912505471147597, 2284715.479730368591845 ], [ 4577206.829891316592693, 2284482.605999559164047 ], [ 4579920.900638056918979, 2282574.671340130735189 ], [ 4581017.102197349071503, 2282532.830943356268108 ], [ 4581554.451953645795584, 2283832.766194581054151 ], [ 4580927.662362610921264, 2285198.903984605334699 ], [ 4579720.734008690342307, 2286279.961939672939479 ], [ 4578513.485454812645912, 2286756.023929743561894 ], [ 4578436.099730460904539, 2287480.32442923868075 ], [ 4585257.387211292982101, 2292386.419878748711199 ], [ 4587346.43223480693996, 2294428.612832194194198 ], [ 4588210.482320617884398, 2295701.195685230661184 ], [ 4589054.437559853307903, 2297354.027527071069926 ], [ 4589640.447472910396755, 2299170.004520015325397 ], [ 4589731.143957979045808, 2300931.956431409344077 ], [ 4590378.271274566650391, 2301384.929967548698187 ], [ 4591979.655379738658667, 2301273.536976430099458 ], [ 4595313.226706080138683, 2300461.23029747698456 ], [ 4596712.574259692803025, 2299819.151594204362482 ], [ 4598469.340651340782642, 2298707.188698617741466 ], [ 4599838.777981098741293, 2297361.513800085056573 ], [ 4600039.629292, 2296141.151002156548202 ], [ 4599183.335951780900359, 2294229.980099003762007 ], [ 4598131.192980313673615, 2290927.224527466110885 ], [ 4597023.46360039524734, 2289498.519459018949419 ], [ 4594241.731690544635057, 2287408.158186104148626 ], [ 4584423.093140373006463, 2282739.82846658071503 ], [ 4583933.400538014248013, 2282623.325114358216524 ], [ 4582981.460478360764682, 2282743.811088697984815 ], [ 4582643.697676341980696, 2282229.66443912871182 ], [ 4581743.398470709100366, 2280444.670737541280687 ], [ 4579696.920479789376259, 2278951.316331683658063 ], [ 4578103.503601907752454, 2277093.018937350250781 ] ] ] } },
{ "type": "Feature", "properties": { "featurecla": "Lake", "scalerank": 5.0, "name": "Võrtsjärv", "name_en": "Võrtsjärv", "ne_id": 1159115043.0 }, "geometry": { "type": "Polygon", "coordinates": [ [ [ 4913810.349604835733771, 3586868.524621103424579 ], [ 4914659.039745911955833, 3584209.582361462991685 ], [ 4915545.105339550413191, 3577272.277107354253531 ], [ 4916246.021968664601445, 3573959.511168038472533 ], [ 4916360.137022202834487, 3572512.517323149368167 ], [ 4916201.305625492706895, 3570972.315168750472367 ], [ 4915669.816957749426365, 3569709.469621485099196 ], [ 4914923.845357557758689, 3568399.321099182125181 ], [ 4914317.486308457329869, 3566924.075201170518994 ], [ 4914238.084217361174524, 3565173.04728083498776 ], [ 4914870.108908426947892, 3563252.321963991504163 ], [ 4915727.182204748503864, 3562035.563323259819299 ], [ 4916309.573497915640473, 3560888.951691859401762 ], [ 4916187.108775154687464, 3559095.889111169613898 ], [ 4915647.063578086905181, 3558093.564887151587754 ], [ 4915109.029153035022318, 3558726.789458172395825 ], [ 4914474.601682968437672, 3560188.986632108688354 ], [ 4912994.889661300927401, 3562740.087903623934835 ], [ 4912153.239439659751952, 3565693.870311635546386 ], [ 4911442.997979756444693, 3566878.109543448314071 ], [ 4910004.362777948379517, 3568000.121072842739522 ], [ 4908910.744613806717098, 3568577.040073308162391 ], [ 4908212.516125122085214, 3569633.495605071075261 ], [ 4907864.065947093069553, 3572238.562477284576744 ], [ 4903984.079102627933025, 3575703.828981363680214 ], [ 4903217.670151650905609, 3576844.060619600117207 ], [ 4902868.883471874520183, 3577650.671868197154254 ], [ 4902347.620704519562423, 3578223.337657579686493 ], [ 4901782.737107750959694, 3578917.321322865784168 ], [ 4901318.172414381057024, 3580254.664498914033175 ], [ 4901340.418468339368701, 3581175.256388825830072 ], [ 4902396.272961764596403, 3583499.693182582501322 ], [ 4902664.832307706587017, 3585881.042009010445327 ], [ 4902738.852397712878883, 3587892.814568809233606 ], [ 4903207.367599107325077, 3589435.188348320312798 ], [ 4904651.992051156237721, 3590439.895781666040421 ], [ 4906280.082440581172705, 3590765.783883279189467 ], [ 4908131.250690466724336, 3590781.631702872924507 ], [ 4909936.215069382451475, 3590231.665331903379411 ], [ 4911405.006496552377939, 3588953.259411063045263 ], [ 4911749.035683744587004, 3589029.518288101069629 ], [ 4913810.349604835733771, 3586868.524621103424579 ] ] ] } },
{ "type": "Feature", "properties": { "featurecla": "Lake", "scalerank": 6.0, "name": "Lake Skadar", "name_en": "Skadar", "ne_id": 1159115429.0 }, "geometry": { "type": "Polygon", "coordinates": [ [ [ 4763495.531073679216206, 1779728.942551027517766 ], [ 4764179.234863501042128, 1779076.79560866067186 ], [ 4759394.791110363788903, 1779169.484076079912484 ], [ 4755020.327345088124275, 1780380.183641362003982 ], [ 4744308.446844605728984, 1785136.754237590124831 ], [ 4742322.478289593011141, 1786463.487842396833003 ], [ 4740709.852664936333895, 1788255.625390137545764 ], [ 4738761.121389335021377, 1793125.713054779917002 ], [ 4736688.931560836732388, 1794024.720469291321933 ], [ 4731723.250191959552467, 1793600.522582350764424 ], [ 4732703.689053549431264, 1794558.097256347537041 ], [ 4731703.554066270589828, 1795688.160875187953934 ], [ 4731405.499127150513232, 1796744.473642155528069 ], [ 4731370.124405076727271, 1797801.149994785897434 ], [ 4731076.069240089505911, 1798825.75972040859051 ], [ 4730053.27150263544172, 1799760.157691013067961 ], [ 4728979.781513520516455, 1800334.761324978433549 ], [ 4728556.786153827793896, 1800861.209751658607274 ], [ 4729571.463193794712424, 1801533.126912179635838 ], [ 4730758.529333971440792, 1800233.257711343467236 ], [ 4734455.030441242270172, 1797766.124955913983285 ], [ 4735101.271431798115373, 1798521.824027634225786 ], [ 4735963.41859045997262, 1798693.564946782542393 ], [ 4736779.09831384010613, 1798280.817208044230938 ], [ 4737348.483840065076947, 1797355.030967011582106 ], [ 4738891.778605742380023, 1798384.09667450026609 ], [ 4740973.01468123588711, 1798548.501622887561098 ], [ 4748647.398276515305042, 1797747.812161259818822 ], [ 4749952.321660632267594, 1798009.937424406176433 ], [ 4750350.448788789100945, 1799765.361888034269214 ], [ 4750006.469253233633935, 1799464.309495569439605 ], [ 4748848.131652833893895, 1798802.579089771956205 ], [ 4747979.382664383389056, 1800943.932535602711141 ], [ 4750504.38187440764159, 1800621.252807185286656 ], [ 4751843.540864551439881, 1800984.730905177071691 ], [ 4752583.268167520873249, 1804359.989210362778977 ], [ 4753751.535574725829065, 1806053.152678940910846 ], [ 4755249.464319875463843, 1807402.837319879792631 ], [ 4756581.922296220436692, 1807991.892850317526609 ], [ 4755126.819592695683241, 1804073.97770499298349 ], [ 4753066.855176684446633, 1799821.854220944922417 ], [ 4752564.181891178712249, 1795704.4322943626903 ], [ 4755744.044330639764667, 1792153.1628880770877 ], [ 4756750.504545134492218, 1791767.158641338115558 ], [ 4758015.264846338890493, 1791607.486134032020345 ], [ 4758755.725817920640111, 1791058.958106969948858 ], [ 4759356.742810097523034, 1790106.437848183326423 ], [ 4759690.708695219829679, 1789183.972321044653654 ], [ 4760251.294236071407795, 1788548.070064646191895 ], [ 4761559.920398743823171, 1788426.843277071136981 ], [ 4762819.011623128317297, 1787205.289717223495245 ], [ 4763376.002582855522633, 1784187.461436762008816 ], [ 4763495.531073679216206, 1779728.942551027517766 ] ] ] } },
{ "type": "Feature", "properties": { "featurecla": "Lake", "scalerank": 6.0, "name": null, "name_en": null, "ne_id": 1159115487.0 }, "geometry": { "type": "Polygon", "coordinates": [ [ [ 3934943.107491945382208, 2338459.198776012752205 ], [ 3936635.476011279970407, 2335210.381582240574062 ], [ 3928545.918935294728726, 2336229.949193605687469 ], [ 3927192.130347215570509, 2335710.041843515820801 ], [ 3925999.055921305902302, 2334460.214991862885654 ], [ 3923335.751425709109753, 2333642.935699951369315 ], [ 3920488.050324691925198, 2333431.1267050630413 ], [ 3918720.369962004944682, 2333932.421144085004926 ], [ 3921157.928354176692665, 2333896.062908298801631 ], [ 3922672.924241655971855, 2335140.188562715426087 ], [ 3926398.120775567367673, 2337050.317059127148241 ], [ 3927769.984044767916203, 2338930.845401115249842 ], [ 3924367.318058046977967, 2341573.279655376449227 ], [ 3923561.826404775027186, 2341996.188339208252728 ], [ 3923329.694030222948641, 2342189.41856466466561 ], [ 3923357.832253478001803, 2342663.801059839315712 ], [ 3923578.977525296155363, 2343198.730210856534541 ], [ 3923818.273315025959164, 2343511.843536732718349 ], [ 3924310.970583336427808, 2343631.468757171183825 ], [ 3924690.703764942009002, 2343309.597847041673958 ], [ 3925048.25147136580199, 2342924.759937393013388 ], [ 3925386.706361514050514, 2342698.471988218836486 ], [ 3926132.983072012197226, 2342624.828932654112577 ], [ 3926686.283877907786518, 2342490.62258438533172 ], [ 3927810.479162852745503, 2341937.276770669035614 ], [ 3927820.283117728307843, 2342665.140248472802341 ], [ 3926294.168843320570886, 2343477.212034821510315 ], [ 3926303.31079939333722, 2344141.773664627224207 ], [ 3932238.929275622591376, 2340898.251122238114476 ], [ 3934943.107491945382208, 2338459.198776012752205 ] ] ] } },
{ "type": "Feature", "properties": { "featurecla": "Lake", "scalerank": 6.0, "name": "Loch Ness", "name_en": "Loch Ness", "ne_id": 1159115833.0 }, "geometry": { "type": "Polygon", "coordinates": [ [ [ 3166825.982415374368429, 3461531.951773087494075 ], [ 3166749.141750926151872, 3460962.358485807199031 ], [ 3166609.336417061742395, 3460340.180563638918102 ], [ 3162551.901351212058216, 3457565.965540504548699 ], [ 3160998.153783577494323, 3455436.405746533535421 ], [ 3153359.110066530294716, 3447660.28419980360195 ], [ 3151040.244300693273544, 3446855.343359552323818 ], [ 3147207.474195940420032, 3442942.866787254344672 ], [ 3142561.466151563450694, 3439586.384989077225327 ], [ 3142330.658458564430475, 3440282.726830281317234 ], [ 3142387.866736915893853, 3441181.08968245331198 ], [ 3143620.333543899003416, 3441778.030596705619246 ], [ 3155390.003137044142932, 3451187.426341800019145 ], [ 3158085.327593584079295, 3454486.050159882288426 ], [ 3159087.379299667663872, 3456171.787792976945639 ], [ 3159652.524221135769039, 3456807.098031672183424 ], [ 3160426.822060508653522, 3456946.25927163567394 ], [ 3161709.553756897337735, 3457569.843811864499003 ], [ 3166678.78511160146445, 3462567.879898576531559 ], [ 3166806.100845814216882, 3462055.593779925256968 ], [ 3166825.982415374368429, 3461531.951773087494075 ] ] ] } },
{ "type": "Feature", "properties": { "featurecla": "Lake", "scalerank": 7.0, "name": null, "name_en": null, "ne_id": 1159115973.0 }, "geometry": { "type": "Polygon", "coordinates": [ [ [ 4616570.056151447817683, 2616591.019466263242066 ], [ 4618366.945272072218359, 2616012.908542917575687 ], [ 4617921.950310081243515, 2614429.907387863844633 ], [ 4617335.64120239764452, 2614008.352152235340327 ], [ 4615425.53006680868566, 2614159.136500624939799 ], [ 4615118.96535196620971, 2613803.55821267189458 ], [ 4614638.695069222711027, 2613012.970056816469878 ], [ 4613979.582225216552615, 2612169.01708954339847 ], [ 4613092.362811900675297, 2611679.877295201644301 ], [ 4613005.388583314605057, 2612401.915522170718759 ], [ 4613491.930632312782109, 2612460.546291301958263 ], [ 4613404.887434736825526, 2613182.575681952293962 ], [ 4611935.909145895391703, 2613770.045544966123998 ], [ 4609316.273767330683768, 2612468.425175279378891 ], [ 4608195.281657715328038, 2612557.244634919799864 ], [ 4609340.152178147807717, 2613299.273997631855309 ], [ 4610377.27008343115449, 2614251.595012120902538 ], [ 4610100.197270525619388, 2614504.976130468770862 ], [ 4609857.590460127219558, 2614985.424924156628549 ], [ 4610505.982636854052544, 2615063.208330971188843 ], [ 4610908.859536641277373, 2615302.663471355102956 ], [ 4611223.113859385251999, 2615595.197861609049141 ], [ 4611622.142151325009763, 2615866.103046799078584 ], [ 4614736.871328360401094, 2616623.868616395629942 ], [ 4616570.056151447817683, 2616591.019466263242066 ] ] ] } },
{ "type": "Feature", "properties": { "featurecla": "Lake", "scalerank": 7.0, "name": null, "name_en": null, "ne_id": 1159115993.0 }, "geometry": { "type": "Polygon", "coordinates": [ [ [ 2729276.081335420720279, 1615909.484354852000251 ], [ 2727783.512731950730085, 1614941.908354949904606 ], [ 2725364.498397013172507, 1614266.900459142401814 ], [ 2723282.809618693310767, 1614178.175407267175615 ], [ 2721177.532124769873917, 1614882.627690170891583 ], [ 2719261.053058766759932, 1615941.941794330719858 ], [ 2717683.481402523815632, 1617225.889841817319393 ], [ 2716528.548589484766126, 1618650.891093969112262 ], [ 2715396.620520129334182, 1617905.243432054063305 ], [ 2714197.524992167018354, 1617502.134845503373072 ], [ 2713103.404518563300371, 1617536.534494883148 ], [ 2712297.427576961927116, 1618035.316287696827203 ], [ 2713710.022706334944814, 1619147.821091978577897 ], [ 2713323.207230099476874, 1619951.717124951770529 ], [ 2712195.51676051877439, 1620124.769999226555228 ], [ 2711403.527039774227887, 1619373.465942054754123 ], [ 2710532.663981181103736, 1618310.6625405785162 ], [ 2709247.77026039082557, 1618878.617157884174958 ], [ 2707588.541845533065498, 1620544.107712738448754 ], [ 2705454.553621136117727, 1621818.817873087944463 ], [ 2702996.212840014137328, 1622638.297077775234357 ], [ 2700622.1222765725106, 1622488.611109391320497 ], [ 2698753.892973363399506, 1620917.90827395231463 ], [ 2697721.755060404539108, 1621303.084270902909338 ], [ 2694981.8001897810027, 1620576.820850159507245 ], [ 2693653.364832986611873, 1620467.914194547804072 ], [ 2684405.761170644313097, 1624006.165948744630441 ], [ 2683532.058466850779951, 1623833.933022509561852 ], [ 2681365.318276246078312, 1622726.369975918438286 ], [ 2679994.872630393132567, 1622662.328789046267048 ], [ 2678145.536466799210757, 1623195.667604651767761 ], [ 2677278.526650453452021, 1623581.479703741148114 ], [ 2676483.648276017047465, 1624181.790138451615348 ], [ 2676156.052632789127529, 1625995.061816376633942 ], [ 2675836.681570237502456, 1626623.384958865586668 ], [ 2675253.807964399456978, 1626914.799677881877869 ], [ 2673883.42661745287478, 1627082.34599242778495 ], [ 2673365.959988923277706, 1627556.895026004407555 ], [ 2672669.95702665951103, 1628432.077323591802269 ], [ 2666482.309987825341523, 1633272.547524478286505 ], [ 2665741.337934055365622, 1634224.425187338842079 ], [ 2666445.483660195488483, 1634661.341607956914231 ], [ 2666985.76378532871604, 1634641.22427889239043 ], [ 2667469.246177174150944, 1634304.90647272975184 ], [ 2667989.182541142217815, 1633730.530060644261539 ], [ 2668902.502997266128659, 1633562.976048742420971 ], [ 2669563.909390048123896, 1633286.441633435897529 ], [ 2670586.838026337791234, 1632404.873018738348037 ], [ 2671022.582268988713622, 1631849.274960487615317 ], [ 2672024.754992523230612, 1630117.985244957031682 ], [ 2672096.032682811375707, 1629806.576011072844267 ], [ 2673654.938746005296707, 1629170.03795861476101 ], [ 2677470.206994394771755, 1626267.544677849626169 ], [ 2678859.357192739844322, 1625603.813249368686229 ], [ 2683448.514306096825749, 1624969.177583580370992 ], [ 2690325.752184797544032, 1622727.667017753003165 ], [ 2693543.964203655719757, 1622199.411743310047314 ], [ 2708120.344547355547547, 1625486.357774167321622 ], [ 2709499.53881826903671, 1625488.681587416445836 ], [ 2712370.911015411838889, 1624715.425126296468079 ], [ 2713788.773927976377308, 1624841.793330825166777 ], [ 2715118.426275878213346, 1625807.510903534945101 ], [ 2715323.882835047785193, 1626420.368455501040444 ], [ 2715083.550031078979373, 1626897.793470942415297 ], [ 2714298.843941427767277, 1627490.437102750642225 ], [ 2714471.699858180247247, 1628307.045583379687741 ], [ 2715412.167852726764977, 1628272.116814732551575 ], [ 2715720.037984943948686, 1628174.191064411075786 ], [ 2716201.548669255338609, 1627941.136551467468962 ], [ 2716488.04010299500078, 1628339.960628390312195 ], [ 2716765.509888311848044, 1628576.633070742245764 ], [ 2717631.74471632996574, 1629148.30076615489088 ], [ 2718277.542567676864564, 1628257.3265073786024 ], [ 2718702.317842204123735, 1627216.206203503999859 ], [ 2718962.206627305597067, 1626111.462582188658416 ], [ 2719087.978730330243707, 1624969.377159275347367 ], [ 2716935.82570174895227, 1624176.517468131612986 ], [ 2717508.862345619127154, 1622217.964526389725506 ], [ 2721973.653206948190928, 1616684.20406976994127 ], [ 2722831.112319238483906, 1615946.367478356231004 ], [ 2724198.717965771444142, 1615528.264233160531148 ], [ 2725381.873573946300894, 1615739.682633806020021 ], [ 2727558.610048830509186, 1616891.671696602599695 ], [ 2728591.810232908930629, 1616872.517974614165723 ], [ 2729276.081335420720279, 1615909.484354852000251 ] ] ] } },
{ "type": "Feature", "properties": { "featurecla": "Lake", "scalerank": 7.0, "name": null, "name_en": null, "ne_id": 1159116061.0 }, "geometry": { "type": "Polygon", "coordinates": [ [ [ 4067730.234991263598204, 3607821.957203777041286 ], [ 4067867.600485856644809, 3607407.469279853161424 ], [ 4067288.393353721592575, 3604929.496680255047977 ], [ 4066279.992520204745233, 3601675.545925478450954 ], [ 4065116.191901511512697, 3598836.349753660149872 ], [ 4064023.352949974592775, 3597633.310454438440502 ], [ 4062609.389529848936945, 3597066.665902608539909 ], [ 4060943.865293729119003, 3595791.735060112085193 ], [ 4059349.227297780569643, 3594069.923430044203997 ], [ 4058178.378787804860622, 3592386.853430001065135 ], [ 4059588.881010133773088, 3592214.802917159162462 ], [ 4059725.809739714488387, 3590678.71965822391212 ], [ 4058810.266510860528797, 3589415.889492661226541 ], [ 4057096.886084869503975, 3590096.651577506680042 ], [ 4056253.43030473170802, 3591879.398483402095735 ], [ 4056622.924571198411286, 3593582.805077319033444 ], [ 4057734.024402933660895, 3594880.089532780461013 ], [ 4060350.836496480274945, 3596071.400223337579519 ], [ 4062043.30999721493572, 3597731.093483192846179 ], [ 4063518.995297241024673, 3599580.52291499869898 ], [ 4064150.542742887977511, 3601000.621882593724877 ], [ 4064494.466307683382183, 3603025.368769896216691 ], [ 4065384.655847543850541, 3605571.84955956786871 ], [ 4066474.04708389705047, 3607833.424572532065213 ], [ 4067466.603428282309324, 3608971.740761163644493 ], [ 4067475.585888716392219, 3608426.874967578332871 ], [ 4067578.70677712187171, 3608107.983712336979806 ], [ 4067730.234991263598204, 3607821.957203777041286 ] ] ] } },
{ "type": "Feature", "properties": { "featurecla": "Lake", "scalerank": 7.0, "name": null, "name_en": null, "ne_id": 1159116675.0 }, "geometry": { "type": "Polygon", "coordinates": [ [ [ 4885610.65023126360029, 1689384.363197361817583 ], [ 4885845.281409081071615, 1686960.659661558223888 ], [ 4887117.007902246899903, 1681486.982119581662118 ], [ 4886963.837360307574272, 1679199.794028613483533 ], [ 4886362.948605650104582, 1676620.163089070701972 ], [ 4886069.494907542131841, 1674279.859353415668011 ], [ 4886734.58528490178287, 1672759.881238078931347 ], [ 4886841.729556991718709, 1672031.437473993282765 ], [ 4886012.772832809947431, 1671327.150642035296187 ], [ 4883737.494216308929026, 1670443.242155731189996 ], [ 4882119.110708590596914, 1668588.592521909624338 ], [ 4880944.315758994780481, 1668061.034704464487731 ], [ 4878055.453329243697226, 1667672.28369870618917 ], [ 4876457.282072166912258, 1667860.486136872321367 ], [ 4875575.270066610537469, 1668864.659268053015694 ], [ 4875143.962257504463196, 1670484.181763322092593 ], [ 4874801.718489364720881, 1672504.719770926050842 ], [ 4874276.640471178106964, 1674433.943520907312632 ], [ 4872665.539225860498846, 1678954.664250691886991 ], [ 4872582.02876715734601, 1680882.923181557795033 ], [ 4873492.582827189937234, 1683213.995191231602803 ], [ 4873588.125926461070776, 1684747.729187030345201 ], [ 4873273.910657677799463, 1685057.819189664907753 ], [ 4872674.734146774746478, 1684970.879272845108062 ], [ 4872048.006050960160792, 1685074.02040470438078 ], [ 4871646.699014006182551, 1685985.913259231485426 ], [ 4871707.402847017161548, 1695176.915646156063303 ], [ 4871919.194727225229144, 1696242.173633747501299 ], [ 4873037.038653345778584, 1696954.17776055354625 ], [ 4877444.883711853064597, 1697047.069989420939237 ], [ 4879778.412447083741426, 1696127.481891928473487 ], [ 4880792.816334145143628, 1695209.078712840331718 ], [ 4881392.499989233911037, 1693453.796469856519252 ], [ 4882044.502342798747122, 1692676.32619443978183 ], [ 4883467.365410936065018, 1691979.821140158222988 ], [ 4885049.47464254591614, 1691533.429931349121034 ], [ 4886250.579673649743199, 1691516.370924665592611 ], [ 4885610.65023126360029, 1689384.363197361817583 ] ] ] } },
{ "type": "Feature", "properties": { "featurecla": "Lake", "scalerank": 7.0, "name": "Lago di Como", "name_en": "Como", "ne_id": 1159116693.0 }, "geometry": { "type": "Polygon", "coordinates": [ [ [ 3913806.013727542944252, 2173759.069237323943526 ], [ 3913890.144559962674975, 2173504.152151769958436 ], [ 3913321.730752856936306, 2172371.79883179301396 ], [ 3908653.001324824988842, 2168484.168689993210137 ], [ 3906614.64683145750314, 2166584.279105877038091 ], [ 3906186.053388924337924, 2166020.854141398333013 ], [ 3906050.520376206375659, 2165832.927626869641244 ], [ 3905958.006279234308749, 2165580.864259687252343 ], [ 3905725.066635276656598, 2164855.623240536078811 ], [ 3905689.446012961678207, 2162763.701015774626285 ], [ 3905824.4953104541637, 2161620.003548251930624 ], [ 3906442.139716148842126, 2158977.927379176020622 ], [ 3906461.009059345815331, 2158787.368958882987499 ], [ 3906465.439879462122917, 2157740.967268271371722 ], [ 3906440.681255369447172, 2157582.849586385302246 ], [ 3906418.061656083911657, 2157551.524236524477601 ], [ 3906371.215727092698216, 2157393.779359625652432 ], [ 3906232.271052299067378, 2157015.640278546605259 ], [ 3905888.595820638816804, 2156292.190444022417068 ], [ 3905274.850594087969512, 2155287.988526418805122 ], [ 3904846.370328735560179, 2154787.992095876485109 ], [ 3903902.978837072383612, 2153916.417152931913733 ], [ 3898461.038844848517329, 2150081.319125902373344 ], [ 3896182.455105724278837, 2147713.400508895516396 ], [ 3896022.840409063268453, 2147462.691593115217984 ], [ 3895335.204974224325269, 2146207.118749053683132 ], [ 3895334.607697218190879, 2146175.417542890179902 ], [ 3895333.413142544217408, 2146112.015095480252057 ], [ 3895287.957638727966696, 2146049.446690631564707 ], [ 3895219.174589333124459, 2145923.893404685892165 ], [ 3895195.847543907817453, 2145860.908249590545893 ], [ 3895016.952380382921547, 2143422.379954487085342 ], [ 3896229.558019087649882, 2139562.202372670173645 ], [ 3896189.334577769041061, 2137406.318567708134651 ], [ 3895930.697719937656075, 2136618.255353284534067 ], [ 3895542.534848718438298, 2136022.922310221940279 ], [ 3895090.760458833072335, 2135587.391334967687726 ], [ 3893027.169911334756762, 2134389.712064960040152 ], [ 3892619.424510041251779, 2133953.520695516839623 ], [ 3892618.81300049321726, 2133921.815164019353688 ], [ 3892457.437602574937046, 2133607.75588442850858 ], [ 3892317.612713653594255, 2133261.565316862426698 ], [ 3892242.478959680069238, 2132818.97092777537182 ], [ 3892232.662311703898013, 2132311.674690787214786 ], [ 3892253.620678494684398, 2132247.833180014509708 ], [ 3892360.258463353384286, 2132023.744839348364621 ], [ 3892358.420102437026799, 2131928.626083209645003 ], [ 3892400.343414013739675, 2131800.943457724526525 ], [ 3892698.138678492978215, 2131129.115056508220732 ], [ 3892719.107296406291425, 2131065.274401367641985 ], [ 3892761.656444828957319, 2130969.299866324756294 ], [ 3895918.618414857424796, 2126468.768881538882852 ], [ 3895760.194784668274224, 2126313.129703545942903 ], [ 3895603.543654326349497, 2126252.621104670222849 ], [ 3895447.483707146719098, 2126223.825636278372258 ], [ 3895268.02120737079531, 2126132.034133252687752 ], [ 3893928.912726171780378, 2126982.069307111203671 ], [ 3892799.187126099132001, 2128304.187389684375376 ], [ 3891875.920745355542749, 2129939.703960059676319 ], [ 3891133.81470756046474, 2131730.400686841458082 ], [ 3890638.680468296166509, 2133643.182439824566245 ], [ 3890902.542925319168717, 2134652.964363412931561 ], [ 3891516.122726985719055, 2135402.182420199736953 ], [ 3892071.023992566857487, 2136564.909946854226291 ], [ 3892694.968131222762167, 2140168.429080806672573 ], [ 3892134.33576121320948, 2142113.870997752062976 ], [ 3888783.496865795459598, 2145161.027664862573147 ], [ 3888246.089466593693942, 2145964.648819925729185 ], [ 3886928.205501651857048, 2148655.211707284674048 ], [ 3886746.583848415873945, 2149515.148523909505457 ], [ 3886861.689189224969596, 2149734.787182313855737 ], [ 3887019.725336879491806, 2149890.129432702437043 ], [ 3887199.22318102279678, 2150013.327555362135172 ], [ 3887398.898354704491794, 2150040.985886469949037 ], [ 3887576.45693931216374, 2150069.099196310155094 ], [ 3888390.869473410304636, 2149862.3943986967206 ], [ 3890319.488344450481236, 2148936.023671506904066 ], [ 3891799.610304934438318, 2148811.847873174585402 ], [ 3894166.643600260373205, 2149939.550799611024559 ], [ 3896004.429730874486268, 2151204.961925644427538 ], [ 3896883.80034253327176, 2152108.153136912733316 ], [ 3900820.486650452949107, 2157078.099215858150274 ], [ 3901535.701396412216127, 2157540.967387996613979 ], [ 3902208.867528737522662, 2158131.494312395341694 ], [ 3903523.861125438008457, 2160074.279050228185952 ], [ 3903570.76314774248749, 2161500.245154072064906 ], [ 3903064.963362975046039, 2162872.423108473420143 ], [ 3902610.788267443422228, 2164655.888672882691026 ], [ 3902603.230251693166792, 2165480.348065085709095 ], [ 3902630.858304159715772, 2165796.908651913050562 ], [ 3902631.415801526512951, 2165828.603443653322756 ], [ 3903438.069076857995242, 2167811.835651884321123 ], [ 3905172.39155864296481, 2169937.665134998504072 ], [ 3907453.949647795874625, 2171927.970201532356441 ], [ 3909859.272284212522209, 2173505.009851736482233 ], [ 3912580.409926380962133, 2174253.827100633643568 ], [ 3913306.511442979797721, 2174210.689947562757879 ], [ 3913502.692253776825964, 2174080.813997089862823 ], [ 3913676.862940304446965, 2173951.288667646236718 ], [ 3913806.013727542944252, 2173759.069237323943526 ] ] ] } },
{ "type": "Feature", "properties": { "featurecla": "Lake", "scalerank": 7.0, "name": "Lago di Garda", "name_en": "Garda", "ne_id": 1159116699.0 }, "geometry": { "type": "Polygon", "coordinates": [ [ [ 4065284.970743750687689, 2142497.241179808508605 ], [ 4065464.61739372368902, 2140406.456718685105443 ], [ 4064961.453628051094711, 2137958.7804698003456 ], [ 4063883.158748298417777, 2135345.890253415331244 ], [ 4059173.868185073602945, 2127745.9338249405846 ], [ 4058565.498526587616652, 2126470.888113638851792 ], [ 4057533.479010639712214, 2125318.369706405326724 ], [ 4054387.942032819613814, 2119831.479347448330373 ], [ 4053717.576936790719628, 2117858.447297834791243 ], [ 4052349.289357167668641, 2111945.558877240866423 ], [ 4052192.770827275235206, 2109628.428861264139414 ], [ 4053791.421293830499053, 2110182.851097644306719 ], [ 4053963.555075029842556, 2108503.237000009510666 ], [ 4054938.23636639630422, 2104547.313397398684174 ], [ 4055395.13869545282796, 2103441.465065788477659 ], [ 4054451.547357651405036, 2099561.722428117878735 ], [ 4054013.797215357422829, 2098669.150366112589836 ], [ 4053516.207308575510979, 2097014.586791230132803 ], [ 4053409.71738210786134, 2096474.209532503969967 ], [ 4053168.623457790352404, 2095996.007313206791878 ], [ 4052586.260881748516113, 2096180.877900947351009 ], [ 4051575.318471137899905, 2096837.754604151938111 ], [ 4049742.570655805524439, 2097043.276726 ], [ 4047815.519741578958929, 2097851.3945840485394 ], [ 4046396.328117528464645, 2099394.038521371316165 ], [ 4046108.157291312702, 2101866.223283441737294 ], [ 4045682.463880641851574, 2099356.446074573323131 ], [ 4044217.335614479146898, 2098361.1902912016958 ], [ 4042407.456413979176432, 2098601.006662512198091 ], [ 4040859.774028520099819, 2099636.449020845815539 ], [ 4041434.575658397283405, 2100370.35095478175208 ], [ 4040806.822260916698724, 2100778.166622463148087 ], [ 4040202.608188024256378, 2101027.595204065088183 ], [ 4039510.108159516938031, 2101149.565642387606204 ], [ 4038773.899716882035136, 2101144.420057603158057 ], [ 4038769.287354236934334, 2101810.602640822995454 ], [ 4039125.972868289798498, 2101844.807913719676435 ], [ 4039347.70098187122494, 2102036.707620450295508 ], [ 4039524.132002378348261, 2102323.468460990116 ], [ 4042977.581729087047279, 2105743.342919432092458 ], [ 4043438.55104743828997, 2106666.864079410675913 ], [ 4042960.283962960820645, 2107995.509809562005103 ], [ 4042193.838192789815366, 2109163.382901550736278 ], [ 4042030.743048913776875, 2110113.796423414722085 ], [ 4043406.781126268673688, 2110758.732383290305734 ], [ 4042951.853861761745065, 2111992.327903108671308 ], [ 4042122.268545481842011, 2112747.302160170860589 ], [ 4041006.783484625164419, 2113056.206574117299169 ], [ 4039738.304942636750638, 2112983.602677332237363 ], [ 4044679.162371760699898, 2115970.843474521767348 ], [ 4045563.222003399394453, 2116707.520446307491511 ], [ 4047457.618486802559346, 2118943.587949329055846 ], [ 4053916.724833681248128, 2124869.917650350835174 ], [ 4055035.906198423821479, 2126276.348911496810615 ], [ 4057548.926598521880805, 2132422.636479534208775 ], [ 4058998.333656078670174, 2133833.185481846798211 ], [ 4059345.762930518947542, 2134534.560960282105953 ], [ 4062028.543350314255804, 2138591.249459503218532 ], [ 4062589.00697709992528, 2139992.818420299794525 ], [ 4062881.9585469677113, 2141518.233794657513499 ], [ 4063330.09881559247151, 2143013.695467841811478 ], [ 4064312.937115865759552, 2144198.238636984489858 ], [ 4065284.970743750687689, 2142497.241179808508605 ] ] ] } },
{ "type": "Feature", "properties": { "featurecla": "Lake", "scalerank": 8.0, "name": null, "name_en": null, "ne_id": 1159116791.0 }, "geometry": { "type": "Polygon", "coordinates": [ [ [ 4327063.679794183000922, 3515255.152259697206318 ], [ 4318807.978533319197595, 3511316.602701485157013 ], [ 4318447.136453085578978, 3507667.239082073792815 ], [ 4316955.128483371809125, 3508067.016320653259754 ], [ 4313266.077633624896407, 3511796.065344469621778 ], [ 4313809.540660998784006, 3513054.733644041698426 ], [ 4315343.419822964817286, 3515189.393621622119099 ], [ 4315526.427495270967484, 3515876.360597936436534 ], [ 4315523.575487676076591, 3516581.391732751857489 ], [ 4315661.263773973099887, 3517200.863618463277817 ], [ 4318997.948143465444446, 3518511.901947636622936 ], [ 4337851.811852709390223, 3516945.802270520478487 ], [ 4337918.69541866146028, 3516117.41399319190532 ], [ 4332483.129934648051858, 3515682.102037298027426 ], [ 4328344.400619744323194, 3515611.913464496377856 ], [ 4327063.679794183000922, 3515255.152259697206318 ] ] ] } },
{ "type": "Feature", "properties": { "featurecla": "Lake", "scalerank": 8.0, "name": null, "name_en": null, "ne_id": 1159116809.0 }, "geometry": { "type": "Polygon", "coordinates": [ [ [ 4287247.20017833635211, 3516435.954063057433814 ], [ 4286370.763273988850415, 3516760.401586195454001 ], [ 4287692.030063154175878, 3519222.324147973675281 ], [ 4288950.871484115719795, 3520142.319837266113609 ], [ 4297944.804931192658842, 3519363.324543786700815 ], [ 4299498.278108327649534, 3518480.709883383475244 ], [ 4299172.026775848120451, 3517656.112658149562776 ], [ 4298419.00785806030035, 3517410.038881277199835 ], [ 4297239.139238285832107, 3516332.564339010044932 ], [ 4296540.321931459009647, 3516026.613561333157122 ], [ 4294528.307438201270998, 3516044.775813077576458 ], [ 4291009.305569887161255, 3517016.325785872060806 ], [ 4289638.011907033622265, 3516985.272321082651615 ], [ 4287247.20017833635211, 3516435.954063057433814 ] ] ] } },
{ "type": "Feature", "properties": { "featurecla": "Lake", "scalerank": 8.0, "name": null, "name_en": null, "ne_id": 1159117327.0 }, "geometry": { "type": "Polygon", "coordinates": [ [ [ 5224780.088399237021804, 2676528.591999465599656 ], [ 5226208.687053975649178, 2676584.065785991493613 ], [ 5227319.404489913955331, 2675422.968977023847401 ], [ 5224936.690288723446429, 2674841.722226227633655 ], [ 5224646.047556812874973, 2674380.337288259062916 ], [ 5224410.795872875489295, 2674388.12661067629233 ], [ 5224118.558196291327477, 2672364.193252558354288 ], [ 5224109.429953862912953, 2668912.173900279216468 ], [ 5223953.858231349848211, 2667019.312720011919737 ], [ 5223451.164484597742558, 2666116.091250321827829 ], [ 5218553.821181870996952, 2665904.74555242061615 ], [ 5213192.014601685106754, 2666659.485221460461617 ], [ 5222315.75185089558363, 2668866.721270002424717 ], [ 5223035.879876689985394, 2669660.004112077411264 ], [ 5222972.857598260045052, 2671141.68620398035273 ], [ 5222669.610080536454916, 2672825.31715104682371 ], [ 5222673.858126087114215, 2674290.827629101462662 ], [ 5223453.408870624378324, 2675619.584617504384369 ], [ 5224780.088399237021804, 2676528.591999465599656 ] ] ] } },
{ "type": "Feature", "properties": { "featurecla": "Lake", "scalerank": 8.0, "name": "Lough Derg", "name_en": "Derg", "ne_id": 1159117343.0 }, "geometry": { "type": "Polygon", "coordinates": [ [ [ 2835302.68820792157203, 3059334.033015896566212 ], [ 2835405.969915457069874, 3058883.824093569070101 ], [ 2833957.178071867674589, 3058398.849259818904102 ], [ 2831225.401151482015848, 3057975.845511416904628 ], [ 2829925.088508129119873, 3057226.012627805583179 ], [ 2826954.014461720362306, 3053796.419474559370428 ], [ 2825699.910622661933303, 3053003.030160848982632 ], [ 2825921.663931512273848, 3050955.450424422509968 ], [ 2825915.520462207496166, 3049096.103208067826927 ], [ 2825353.915713521186262, 3047964.624439326580614 ], [ 2823957.209609390236437, 3048056.216273332946002 ], [ 2823794.333622858859599, 3047411.749048892408609 ], [ 2824044.44852695427835, 3047152.65377192851156 ], [ 2824468.925967599265277, 3046490.417703917250037 ], [ 2823728.054644025396556, 3045861.367341043893248 ], [ 2823008.953165037557483, 3045553.376491958741099 ], [ 2822269.894925048574805, 3045479.068902154453099 ], [ 2821510.969778544269502, 3045638.454976332373917 ], [ 2822069.395853470079601, 3044452.334568521007895 ], [ 2822370.596703715156764, 3044082.316709868144244 ], [ 2822879.141051054932177, 3043790.517772634979337 ], [ 2822716.270512347109616, 3043146.072104126214981 ], [ 2818370.020650519989431, 3044344.622940620873123 ], [ 2818022.003451852593571, 3044334.969638153910637 ], [ 2817430.599265416152775, 3044027.909194400534034 ], [ 2817205.752538735978305, 3043725.77628560597077 ], [ 2817073.665541432797909, 3043400.090977629180998 ], [ 2815281.569257291033864, 3041634.71570762200281 ], [ 2812146.028102889657021, 3037860.214346400927752 ], [ 2810621.287234961986542, 3037040.286462912801653 ], [ 2810676.481674741022289, 3038071.448650519829243 ], [ 2810357.91219852026552, 3039459.305824889801443 ], [ 2810447.982598967850208, 3040122.29731713514775 ], [ 2811081.933805838692933, 3040940.506883377209306 ], [ 2812911.547266877256334, 3042107.26717651868239 ], [ 2813413.118987845256925, 3042796.06655774731189 ], [ 2813472.303448823280632, 3044773.448785617481917 ], [ 2812585.609699286986142, 3045750.782578091602772 ], [ 2809768.204653263092041, 3046437.590480179525912 ], [ 2811541.358696345705539, 3047617.990848079323769 ], [ 2813597.216033064760268, 3047975.431628952268511 ], [ 2819684.992627411149442, 3047505.20826765941456 ], [ 2821231.832042901776731, 3048354.002693087793887 ], [ 2821846.466963439248502, 3050157.53796156309545 ], [ 2821289.392142251133919, 3052976.458714740350842 ], [ 2821425.812799222767353, 3054019.544995958451182 ], [ 2822287.121454582549632, 3054813.540182580240071 ], [ 2823349.93481613509357, 3055393.316314383875579 ], [ 2825384.658734969329089, 3056119.247463654726744 ], [ 2825999.16371626034379, 3056486.327903234865516 ], [ 2826318.114562559872866, 3057319.960541671141982 ], [ 2826772.77034398028627, 3059196.818706549704075 ], [ 2828156.506487790960819, 3060936.949582424946129 ], [ 2830449.710343358106911, 3061141.99220316298306 ], [ 2834723.307143527083099, 3059805.834658354986459 ], [ 2834932.85694077424705, 3059622.674749682657421 ], [ 2835130.095574629493058, 3059507.895405855495483 ], [ 2835302.68820792157203, 3059334.033015896566212 ] ] ] } },
{ "type": "Feature", "properties": { "featurecla": "Lake", "scalerank": 8.0, "name": null, "name_en": null, "ne_id": 1159117359.0 }, "geometry": { "type": "Polygon", "coordinates": [ [ [ 2866407.371840224601328, 3139601.637383727356791 ], [ 2866202.869414502754807, 3140990.974424674641341 ], [ 2867995.311526767909527, 3140480.429971287958324 ], [ 2868202.088730893097818, 3140070.035811430308968 ], [ 2868403.082266596611589, 3139791.668289391789585 ], [ 2868526.704285383224487, 3139434.578835346736014 ], [ 2868510.485607163049281, 3138785.759217494167387 ], [ 2868928.533519403077662, 3138682.107649669516832 ], [ 2869504.864608038216829, 3139061.522518786601722 ], [ 2869834.685397773981094, 3138718.691202519927174 ], [ 2869933.645321703050286, 3137910.838328618556261 ], [ 2869797.575277326162905, 3136932.732119103893638 ], [ 2869238.358769466169178, 3135765.676660577766597 ], [ 2868613.58428056910634, 3135659.34220911655575 ], [ 2868147.398805959150195, 3136231.852648424450308 ], [ 2868068.188446355983615, 3137002.234363646246493 ], [ 2867431.33018746972084, 3137780.425830509513617 ], [ 2866407.371840224601328, 3139601.637383727356791 ] ] ] } },
{ "type": "Feature", "properties": { "featurecla": "Lake", "scalerank": 8.0, "name": "Lough Ree", "name_en": "Ree", "ne_id": 1159117387.0 }, "geometry": { "type": "Polygon", "coordinates": [ [ [ 2867305.668255527503788, 3105017.390536034014076 ], [ 2867981.717563747428358, 3103937.546263609081507 ], [ 2864806.024843107908964, 3103350.500989462714642 ], [ 2863413.612498848699033, 3102552.647600272670388 ], [ 2863295.821943671442568, 3101407.315686486661434 ], [ 2862789.844553930684924, 3100618.915435129776597 ], [ 2862245.32272969558835, 3100068.43845884827897 ], [ 2861662.276603437028825, 3099755.899940033908933 ], [ 2861016.370061837136745, 3099622.099860159680247 ], [ 2860841.365145669318736, 3098915.033457408193499 ], [ 2862115.664842709898949, 3098599.820704667363316 ], [ 2861933.256554311141372, 3097861.966848449315876 ], [ 2861519.533200556412339, 3097605.408624526578933 ], [ 2861260.098617559298873, 3097343.33689186302945 ], [ 2861031.287248180247843, 3097008.451425260864198 ], [ 2860730.646950116381049, 3096658.718727489002049 ], [ 2861999.549100019969046, 3096279.720566583797336 ], [ 2862436.680618220940232, 3096236.962198433000594 ], [ 2862262.007213084492832, 3095529.834259762894362 ], [ 2858168.272317847236991, 3095825.186887912917882 ], [ 2857114.532538110855967, 3096837.036040211096406 ], [ 2857862.228368683718145, 3099653.418418856803328 ], [ 2857477.267126929946244, 3099748.981185609940439 ], [ 2856571.528270434122533, 3098570.772481185849756 ], [ 2856589.750248795375228, 3100328.389198634773493 ], [ 2857219.466044220607728, 3104349.00435743201524 ], [ 2858713.576014497317374, 3104728.387912274338305 ], [ 2858356.603997107129544, 3105404.436067699454725 ], [ 2858398.250705812126398, 3107058.436532967258245 ], [ 2858090.495982598513365, 3107852.901530144270509 ], [ 2857547.554012125357985, 3107857.35781894158572 ], [ 2857005.706237835809588, 3107241.49249882530421 ], [ 2856471.679570822510868, 3107048.007145912852138 ], [ 2855977.080762165598571, 3108378.789366213139147 ], [ 2856589.217168412636966, 3109042.333661795593798 ], [ 2855985.515936245210469, 3109192.685450982768089 ], [ 2855612.207432723138481, 3109448.904585251584649 ], [ 2855036.754758736118674, 3110179.91364668821916 ], [ 2855236.013031655456871, 3110978.928242871537805 ], [ 2855641.790260501205921, 3111204.175065698567778 ], [ 2856381.818001270294189, 3111835.775402567815036 ], [ 2856895.683649101294577, 3112066.809778315015137 ], [ 2856686.659504786133766, 3113098.123471374157816 ], [ 2856596.565906893927604, 3115111.781315109226853 ], [ 2856462.25247804261744, 3115896.080247278790921 ], [ 2856653.857817685231566, 3116664.407006504479796 ], [ 2857631.000118528492749, 3117432.774877464864403 ], [ 2858899.346690091304481, 3118748.970253667328507 ], [ 2860082.768248506821692, 3119531.600369945168495 ], [ 2860780.1818758090958, 3118672.716534738894552 ], [ 2859698.426574126817286, 3116232.618166059721261 ], [ 2859479.721664929762483, 3115275.193894830998033 ], [ 2859526.996731518767774, 3113631.521404126193374 ], [ 2860358.762851121369749, 3110650.836121927015483 ], [ 2860550.471643848344684, 3109232.644848222378641 ], [ 2859983.117278145160526, 3108198.651361006777734 ], [ 2859792.382650077808648, 3107430.166118946392089 ], [ 2860658.769075750373304, 3106105.76745774410665 ], [ 2861037.167272550053895, 3105750.927321244962513 ], [ 2861801.561095581389964, 3105463.667046974878758 ], [ 2862748.737433168105781, 3105718.602222450543195 ], [ 2863811.520711136516184, 3106206.119887378066778 ], [ 2864572.591265342663974, 3106181.130181348416954 ], [ 2864548.043966313824058, 3104784.365341787692159 ], [ 2865729.482497092336416, 3105438.719797636382282 ], [ 2866594.176163434050977, 3105518.988827713765204 ], [ 2867305.668255527503788, 3105017.390536034014076 ] ] ] } },
{ "type": "Feature", "properties": { "featurecla": "Lake", "scalerank": 8.0, "name": "Lough Allen", "name_en": "Allen", "ne_id": 1159117405.0 }, "geometry": { "type": "Polygon", "coordinates": [ [ [ 2867531.89907927531749, 3160284.747675731312484 ], [ 2867146.189246520400047, 3161164.809982892125845 ], [ 2867311.447653591632843, 3162789.307252791710198 ], [ 2868060.733397630508989, 3165868.566305871121585 ], [ 2868005.980128963943571, 3167417.432665613945574 ], [ 2867638.795508243143559, 3169403.741882198490202 ], [ 2867556.361407971009612, 3170992.372180249076337 ], [ 2868332.638622684404254, 3171451.737779850605875 ], [ 2870229.825087448582053, 3170488.256481938995421 ], [ 2871088.044061344582587, 3170470.320053769741207 ], [ 2872105.118660893291235, 3171360.14894493483007 ], [ 2872584.658337044529617, 3169705.783909250050783 ], [ 2871328.264369056560099, 3166621.916709534823895 ], [ 2870815.545039521530271, 3164985.986498465761542 ], [ 2870766.654359316918999, 3164018.423126838169992 ], [ 2869973.101823732256889, 3163105.604802806861699 ], [ 2868232.035182315856218, 3160665.40219352953136 ], [ 2867531.89907927531749, 3160284.747675731312484 ] ] ] } },
{ "type": "Feature", "properties": { "featurecla": "Lake", "scalerank": 8.0, "name": "Loch Lochy", "name_en": "Loch Lochy", "ne_id": 1159117421.0 }, "geometry": { "type": "Polygon", "coordinates": [ [ [ 3120664.937920887023211, 3420215.448052116669714 ], [ 3120479.773713848087937, 3421001.126476993318647 ], [ 3120740.290825491771102, 3422052.831564312800765 ], [ 3121369.12328749941662, 3422476.286652182694525 ], [ 3123493.496648618020117, 3423568.315568842925131 ], [ 3126099.654946020338684, 3426155.375579795800149 ], [ 3128584.492734538856894, 3428118.287442519329488 ], [ 3130189.321863742079586, 3427466.346968849655241 ], [ 3129976.629277201369405, 3427379.639599944930524 ], [ 3129764.052978795021772, 3427162.918229454662651 ], [ 3129536.590596633497626, 3426916.736153494566679 ], [ 3128815.594151140656322, 3426381.111047753598541 ], [ 3128111.565125827677548, 3425712.116472660098225 ], [ 3126688.223583519458771, 3424084.993812469299883 ], [ 3126019.783852895256132, 3423506.487416604999453 ], [ 3124520.363500164821744, 3422903.00227573979646 ], [ 3123278.343878077808768, 3421824.665303439367563 ], [ 3122050.755095163825899, 3421166.193986983969808 ], [ 3121406.923460256773978, 3420583.189741262700409 ], [ 3120664.937920887023211, 3420215.448052116669714 ] ] ] } },
{ "type": "Feature", "properties": { "featurecla": "Lake", "scalerank": 8.0, "name": "Bolmen", "name_en": "Bolmen", "ne_id": 1159117777.0 }, "geometry": { "type": "Polygon", "coordinates": [ [ [ 4225237.445256705395877, 3349628.937134308740497 ], [ 4225758.257385362870991, 3347965.677684221416712 ], [ 4225588.727046950720251, 3346202.926752642262727 ], [ 4225476.272510807961226, 3345686.872341428883374 ], [ 4225076.988620862364769, 3344996.554781964514405 ], [ 4224153.582828014157712, 3344343.070265616755933 ], [ 4222407.187290203757584, 3341734.547881657723337 ], [ 4222239.758509814739227, 3340578.143919081892818 ], [ 4223005.045214189216495, 3338895.448988247662783 ], [ 4222734.908310093916953, 3337701.960742912255228 ], [ 4222878.905036495067179, 3335222.493425444699824 ], [ 4222819.245129905641079, 3333657.281469882465899 ], [ 4222582.18610767647624, 3332146.840465295594186 ], [ 4222174.026329105719924, 3330564.009274402167648 ], [ 4221286.406351061537862, 3328096.32114068698138 ], [ 4219096.725812031887472, 3325085.487595858983696 ], [ 4219017.579330402426422, 3324571.550605212338269 ], [ 4218485.025808464735746, 3324034.967113284859806 ], [ 4217831.757334069348872, 3322759.3965552020818 ], [ 4217276.355815886519849, 3321265.732319188304245 ], [ 4216987.208971487358212, 3320040.334694124758244 ], [ 4217688.351417828351259, 3319310.24136286880821 ], [ 4217453.3164690611884, 3318756.795020096004009 ], [ 4216732.617827190086246, 3318466.145980914589018 ], [ 4215889.835460946895182, 3318520.157555772922933 ], [ 4216186.29373593814671, 3320670.005459489300847 ], [ 4216020.621469529345632, 3322255.348357114940882 ], [ 4215324.877753086388111, 3322890.369765052106231 ], [ 4214085.76892832107842, 3322128.461986023001373 ], [ 4214380.187432387843728, 3323258.334785101003945 ], [ 4214414.436899933032691, 3324343.635714223608375 ], [ 4214144.196020987816155, 3325222.817189686466008 ], [ 4213504.557551858015358, 3325797.133535548113286 ], [ 4213870.041543499566615, 3326898.65582452295348 ], [ 4214421.730360039509833, 3327403.764484058599919 ], [ 4215104.629520238377154, 3327724.160281361080706 ], [ 4215815.999003464356065, 3328173.571947765536606 ], [ 4215342.49006671924144, 3328213.979188016150147 ], [ 4214193.259326193481684, 3328858.774220919236541 ], [ 4214989.112915285862982, 3330427.844244278036058 ], [ 4215339.453333746641874, 3331465.12835044413805 ], [ 4215596.306749523617327, 3332625.364776124246418 ], [ 4212785.800530108623207, 3331945.679667517542839 ], [ 4211976.282964472658932, 3332448.223013361450285 ], [ 4213905.075810241512954, 3334741.777944440022111 ], [ 4213565.517444216646254, 3335267.08785395603627 ], [ 4212961.477936925366521, 3336927.158089055214077 ], [ 4214534.982867997139692, 3338598.239999191835523 ], [ 4215848.757426662370563, 3345135.395873282104731 ], [ 4217367.72193106636405, 3346071.859625739045441 ], [ 4216990.930088005959988, 3345255.91148347267881 ], [ 4217954.437792005948722, 3346164.955233747605234 ], [ 4218367.045329237356782, 3347301.687933674547821 ], [ 4218131.428540475666523, 3348533.519711601547897 ], [ 4217183.569771384820342, 3349761.67406108090654 ], [ 4220208.079365634359419, 3352496.858858121093363 ], [ 4221553.394698321819305, 3352341.940567089710385 ], [ 4222022.647673319093883, 3349272.394834648817778 ], [ 4222932.193146485835314, 3350179.949875187594444 ], [ 4224140.626207951456308, 3350337.706835102289915 ], [ 4225237.445256705395877, 3349628.937134308740497 ] ] ] } },
{ "type": "Feature", "properties": { "featurecla": "Lake", "scalerank": 8.0, "name": "Åsnen", "name_en": "Åsnen", "ne_id": 1159117793.0 }, "geometry": { "type": "Polygon", "coordinates": [ [ [ 4289128.40500345826149, 3307400.541167525574565 ], [ 4289667.979492778889835, 3306415.624459600076079 ], [ 4289367.690019173547626, 3304833.319758315104991 ], [ 4288974.907514518126845, 3303850.868389680981636 ], [ 4288424.733248954638839, 3303655.316495406441391 ], [ 4287562.788214477710426, 3304459.805200610775501 ], [ 4287028.810958371497691, 3305094.535647136159241 ], [ 4286677.422357434406877, 3305358.589474787935615 ], [ 4286359.16666823066771, 3305114.640068141743541 ], [ 4285916.282184881158173, 3304352.432672866154462 ], [ 4285553.604179975576699, 3303978.1225705165416 ], [ 4285297.03055327013135, 3304407.867074537556618 ], [ 4285043.605272494256496, 3305061.032882621511817 ], [ 4284620.237451950088143, 3305352.46288130665198 ], [ 4283434.167236395180225, 3304383.04733005957678 ], [ 4284237.231476096436381, 3302298.618747578933835 ], [ 4285692.710714439861476, 3299937.847089348826557 ], [ 4286518.00887833815068, 3298078.522320893593132 ], [ 4285058.099132969975471, 3298589.524854780174792 ], [ 4284341.257029167376459, 3299053.280350673943758 ], [ 4283993.957288555800915, 3299796.030801697634161 ], [ 4283763.336758410558105, 3300641.982232744339854 ], [ 4283332.67380544077605, 3301315.653503322508186 ], [ 4282200.295130028389394, 3302231.247151610441506 ], [ 4281191.734176379628479, 3299839.293343249242753 ], [ 4280667.756935737095773, 3298945.075286861509085 ], [ 4279963.468702309764922, 3298390.154759875033051 ], [ 4279096.728081236593425, 3300949.29580508498475 ], [ 4278742.06449715141207, 3302935.341892398893833 ], [ 4278318.965571854263544, 3303227.368595303036273 ], [ 4277793.342073234729469, 3303194.13850602414459 ], [ 4277177.61697864625603, 3303474.108184074051678 ], [ 4276358.397901625372469, 3304474.648115820717067 ], [ 4275780.707980036735535, 3305554.249097080901265 ], [ 4275412.94893317297101, 3306934.030887996777892 ], [ 4275223.53080777823925, 3308835.182687147054821 ], [ 4274530.955612638965249, 3312044.110635784454644 ], [ 4273388.75222213473171, 3315161.472285338677466 ], [ 4272560.208179853856564, 3318330.615758216939867 ], [ 4272754.0728041799739, 3321691.166092987172306 ], [ 4273105.376286059617996, 3321394.142942146863788 ], [ 4273354.011348425410688, 3321058.847409335896373 ], [ 4273517.410011980682611, 3320686.352177770342678 ], [ 4273684.801386346109211, 3320250.331782123073936 ], [ 4274965.94059182330966, 3316025.384475543163717 ], [ 4275816.894114342518151, 3312252.274582139216363 ], [ 4276033.193552432581782, 3311883.232432440388948 ], [ 4277060.304036415182054, 3309237.620518710464239 ], [ 4277067.375511155463755, 3308568.48018493084237 ], [ 4277860.291656862013042, 3308809.874786001164466 ], [ 4278349.015115117654204, 3309414.760368399787694 ], [ 4278395.599801770411432, 3310342.414062998723239 ], [ 4277895.36113312561065, 3311586.195952912326902 ], [ 4278773.773991283029318, 3312407.197978182230145 ], [ 4279255.245143060572445, 3312565.358864480629563 ], [ 4279873.241291765123606, 3312509.058871518820524 ], [ 4279432.925571849569678, 3315287.255601944867522 ], [ 4279314.28501695394516, 3316874.228375082835555 ], [ 4279496.524843421764672, 3318416.642278169281781 ], [ 4281151.127137375064194, 3316672.710876731667668 ], [ 4283415.120229843072593, 3312576.902740677818656 ], [ 4284880.79163783788681, 3311364.291220284067094 ], [ 4285873.481645092368126, 3311492.602748848963529 ], [ 4286565.866453286260366, 3311378.292254033498466 ], [ 4287363.579477531835437, 3310728.838446006644517 ], [ 4288070.310788848437369, 3309595.198817005380988 ], [ 4289128.40500345826149, 3307400.541167525574565 ] ] ] } },
{ "type": "Feature", "properties": { "featurecla": "Lake", "scalerank": 8.0, "name": "Foxen", "name_en": "Lake Foxen", "ne_id": 1159117807.0 }, "geometry": { "type": "Polygon", "coordinates": [ [ [ 4122421.796639422886074, 3562046.610519379377365 ], [ 4122219.783755535259843, 3560503.395932704675943 ], [ 4123295.507219824474305, 3556532.313925073482096 ], [ 4122349.126810202375054, 3557240.779912095982581 ], [ 4121571.489937907550484, 3558402.738189808093011 ], [ 4120949.923583402764052, 3559889.665556218475103 ], [ 4120437.702387135941535, 3561604.094492730218917 ], [ 4121214.296620510518551, 3562139.180755745153874 ], [ 4121572.434218732640147, 3563430.769123270642012 ], [ 4121621.469590586610138, 3565129.717445686925203 ], [ 4121454.422951961867511, 3566886.454464929178357 ], [ 4121228.189536970108747, 3568417.317836778238416 ], [ 4120931.975228587165475, 3569529.774353829678148 ], [ 4120495.271790595725179, 3570381.912026171106845 ], [ 4114058.047281217761338, 3577439.155816583894193 ], [ 4112325.939349754247814, 3578256.655512890778482 ], [ 4110990.453664460685104, 3580238.981859974563122 ], [ 4109310.222092497162521, 3581027.125477212946862 ], [ 4105320.89645180106163, 3584159.414403047412634 ], [ 4104276.905470108147711, 3587144.983300423715264 ], [ 4102795.463896797969937, 3593260.897190498653799 ], [ 4102161.554729156661779, 3592411.780144263058901 ], [ 4101697.438049366697669, 3591310.594242525286973 ], [ 4100973.649029464926571, 3588761.001899953465909 ], [ 4101595.51084797969088, 3586148.607494299300015 ], [ 4101861.708389201201499, 3584008.296827873215079 ], [ 4101976.783093851059675, 3578692.531491148751229 ], [ 4102258.857542164623737, 3577257.85819117538631 ], [ 4102825.427323030307889, 3576951.583063214551657 ], [ 4103515.498658299446106, 3576968.844717431347817 ], [ 4104152.78049632254988, 3576472.310723777394742 ], [ 4104349.730144577566534, 3575836.575534485280514 ], [ 4104334.419243102427572, 3574490.728494912385941 ], [ 4104432.819377792999148, 3573852.539376154076308 ], [ 4105393.533050296362489, 3571666.693211615085602 ], [ 4106040.821663887239993, 3569537.183321342337877 ], [ 4106088.53247384307906, 3568961.87065678788349 ], [ 4105378.435195470228791, 3566445.489510054700077 ], [ 4105059.128449476324022, 3564739.961658403277397 ], [ 4104987.052551847416908, 3563681.298518348485231 ], [ 4105141.794235762674361, 3560835.12921464536339 ], [ 4105676.458325498737395, 3558639.258061720058322 ], [ 4106689.65149459708482, 3556487.881894111633301 ], [ 4107355.25596644775942, 3554391.875862873159349 ], [ 4106896.709771224297583, 3552298.980274070054293 ], [ 4108338.015933529939502, 3549038.90814161952585 ], [ 4108556.582177044358104, 3548276.317953718826175 ], [ 4108330.238874863833189, 3546797.882029055152088 ], [ 4107700.454669824335724, 3547453.738618255592883 ], [ 4107016.339572973549366, 3548940.610457222908735 ], [ 4105162.406386510469019, 3554815.942925148643553 ], [ 4104186.268748458009213, 3556168.055903793312609 ], [ 4102519.912396722938865, 3556734.852357345167547 ], [ 4103109.097933804616332, 3558286.38524189312011 ], [ 4103154.957918300759047, 3559760.466271412558854 ], [ 4102662.045215695165098, 3560997.057673134841025 ], [ 4101633.130378158763051, 3561900.319100338965654 ], [ 4102555.457300741225481, 3563300.074664336163551 ], [ 4102525.929683307185769, 3565156.783845404163003 ], [ 4101906.623386790975928, 3566870.899105793330818 ], [ 4101106.673257216345519, 3567908.162482459098101 ], [ 4102997.100085545796901, 3568082.948280253447592 ], [ 4103435.338035818189383, 3569663.316095409914851 ], [ 4102917.832660575397313, 3571924.569662738591433 ], [ 4101925.611711873672903, 3574110.198412929661572 ], [ 4101400.187620271928608, 3574737.928211069665849 ], [ 4100828.73930721450597, 3575236.470188754145056 ], [ 4100334.931582782883197, 3575929.190591760911047 ], [ 4100124.617529703304172, 3577141.420490174554288 ], [ 4100141.497182225808501, 3580505.745183255057782 ], [ 4100008.796511619817466, 3581912.255324507132173 ], [ 4099146.471862535458058, 3585672.311843225732446 ], [ 4099003.19146367488429, 3586854.480581754818559 ], [ 4098929.371863750275224, 3587878.135451423469931 ], [ 4098807.966910256072879, 3588836.584565763361752 ], [ 4098473.678250911645591, 3589789.957711321301758 ], [ 4095504.491213661152869, 3594847.688540357165039 ], [ 4094674.184958451893181, 3596783.610819870140404 ], [ 4097824.904272004030645, 3592947.233518294990063 ], [ 4099582.96623746259138, 3591354.964617548044771 ], [ 4100902.090624562930316, 3591675.576541879214346 ], [ 4101544.301683608908206, 3594191.306398564949632 ], [ 4101230.142998364754021, 3596972.117556664161384 ], [ 4100415.277113228105009, 3599516.481400625780225 ], [ 4099538.358495442196727, 3601290.275929974392056 ], [ 4100382.840358427725732, 3602176.428758076857775 ], [ 4100807.196187970228493, 3602860.075638193637133 ], [ 4100945.208573158364743, 3603889.377337041310966 ], [ 4100961.528482824098319, 3605877.555675546638668 ], [ 4100829.964736242778599, 3606579.681061127223074 ], [ 4100587.422453395090997, 3607150.843772163614631 ], [ 4100521.968235266394913, 3607822.563776670023799 ], [ 4100888.855171822477132, 3608825.575105749070644 ], [ 4101539.795918572228402, 3609547.102731926832348 ], [ 4102300.307082349434495, 3609790.504284667316824 ], [ 4102816.057565462775528, 3609386.57964991685003 ], [ 4102798.540138487704098, 3608135.613179391250014 ], [ 4102085.206471188459545, 3606642.844924772158265 ], [ 4102514.383556270506233, 3605146.648164025507867 ], [ 4102688.282724446617067, 3603419.728443367406726 ], [ 4103018.361235447693616, 3601985.345677889883518 ], [ 4104746.194317328277975, 3600875.026841106358916 ], [ 4105523.977916638366878, 3599869.125754063948989 ], [ 4106105.786343801766634, 3599499.450898627750576 ], [ 4106399.346058009658009, 3600789.356461863964796 ], [ 4105877.162273779977113, 3603917.666374554857612 ], [ 4105942.781670370139182, 3605169.759656701236963 ], [ 4107844.865002344828099, 3603007.158214932307601 ], [ 4108941.143023258075118, 3602330.825413476210088 ], [ 4111281.611473527736962, 3601592.193703722208738 ], [ 4111299.872000819537789, 3600919.441072563175112 ], [ 4108407.12676082411781, 3601515.179961639456451 ], [ 4107542.815960919484496, 3600819.185700545087457 ], [ 4107902.897768496070057, 3598937.248680911958218 ], [ 4107218.130800534505397, 3597605.000529645942152 ], [ 4106249.088139443658292, 3596489.938237900845706 ], [ 4105792.349287656135857, 3595163.948314936831594 ], [ 4105616.648963457439095, 3594358.112738483585417 ], [ 4104887.748601130675524, 3592768.920031580608338 ], [ 4104920.471718242857605, 3592128.74960495531559 ], [ 4105413.268968778662384, 3591436.266187288798392 ], [ 4105714.565639299806207, 3591187.609607273712754 ], [ 4105859.575472243130207, 3590646.507384014315903 ], [ 4106046.86087403818965, 3587831.145123177208006 ], [ 4106256.738240723498166, 3587323.822599234525114 ], [ 4106623.104932050220668, 3587108.979980457108468 ], [ 4107567.718888937029988, 3586108.111455571372062 ], [ 4108336.162426107563078, 3585583.504468728788197 ], [ 4108707.86620666179806, 3585176.725020541809499 ], [ 4109038.077390705235302, 3584480.486727535258979 ], [ 4109507.054535478819162, 3582890.771458922885358 ], [ 4109920.46530940476805, 3582164.811430523172021 ], [ 4110425.624198655132204, 3581697.694421214982867 ], [ 4114296.942002090625465, 3579496.298237959388644 ], [ 4115174.042344463057816, 3578687.666655285283923 ], [ 4118825.925126168876886, 3574017.561208603903651 ], [ 4120383.024115899577737, 3573101.592356812208891 ], [ 4121400.812840929254889, 3572074.218688583001494 ], [ 4122326.062849507201463, 3570852.16325939912349 ], [ 4122897.625330480746925, 3569908.107831208966672 ], [ 4123369.261672058142722, 3567904.094287695363164 ], [ 4123430.613351414445788, 3564190.40454848529771 ], [ 4123893.4080531434156, 3562506.748454760760069 ], [ 4122421.796639422886074, 3562046.610519379377365 ] ] ] } },
{ "type": "Feature", "properties": { "featurecla": "Lake", "scalerank": 8.0, "name": "Müritz", "name_en": "Müritz", "ne_id": 1159117823.0 }, "geometry": { "type": "Polygon", "coordinates": [ [ [ 4178614.365333526395261, 2956459.876172446645796 ], [ 4179120.759365792851895, 2954577.577007767744362 ], [ 4179002.039829658344388, 2952703.434691603761166 ], [ 4178285.654030508361757, 2952106.088507688138634 ], [ 4177307.745478449389338, 2951911.037722744978964 ], [ 4176389.931289178319275, 2951116.351649408228695 ], [ 4174189.102201730944216, 2948088.259890685789287 ], [ 4173660.335428300313652, 2946991.582447998225689 ], [ 4174902.519222185947001, 2947765.904766963794827 ], [ 4174693.545578509569168, 2946744.257872652262449 ], [ 4174296.564549160189927, 2946191.02660712832585 ], [ 4173802.888689656276256, 2946204.643053160514683 ], [ 4173262.598505544476211, 2946977.071357465814799 ], [ 4173162.632795833051205, 2947638.835266306530684 ], [ 4173458.910487805493176, 2949392.389494398143142 ], [ 4173540.12816133024171, 2950282.585594214498997 ], [ 4173195.520820422563702, 2952456.426277686841786 ], [ 4172489.698330592364073, 2953634.86245915805921 ], [ 4171493.625139654614031, 2953947.341576559934765 ], [ 4170776.101161476224661, 2953889.789278586860746 ], [ 4170815.756904706824571, 2954366.527520291972905 ], [ 4170737.396349968388677, 2954965.772492596879601 ], [ 4170105.459480005782098, 2953580.52825113479048 ], [ 4169379.11705528665334, 2953237.6915412559174 ], [ 4169000.581866753287613, 2953762.879635030403733 ], [ 4169413.825639580842108, 2954918.346347639337182 ], [ 4168874.906268372200429, 2956230.013330399058759 ], [ 4168019.634963658638299, 2956865.090321845375001 ], [ 4166941.189015692099929, 2956858.709225951228291 ], [ 4165843.751888486556709, 2956313.229533019009978 ], [ 4165818.310963794123381, 2957041.142848344054073 ], [ 4167317.843515809159726, 2958519.737512222491205 ], [ 4169239.034400803036988, 2962992.681509545538574 ], [ 4170392.45137054566294, 2964555.148933375719935 ], [ 4170153.043954649474472, 2965433.878215728327632 ], [ 4170908.28590280469507, 2965968.127546339761466 ], [ 4172060.148799383081496, 2965978.148695861455053 ], [ 4172988.747112366370857, 2965378.151882719248533 ], [ 4171238.738890218548477, 2964141.998549604788423 ], [ 4170927.595177076291293, 2963338.503450694959611 ], [ 4174858.851406306028366, 2959235.426124162506312 ], [ 4175647.447116936091334, 2958884.2893195906654 ], [ 4176640.458387947175652, 2958635.959576664492488 ], [ 4177711.603427077177912, 2957820.336988745257258 ], [ 4178614.365333526395261, 2956459.876172446645796 ] ] ] } },
{ "type": "Feature", "properties": { "featurecla": "Lake", "scalerank": 8.0, "name": "Schweriner See", "name_en": "Schweriner", "ne_id": 1159117837.0 }, "geometry": { "type": "Polygon", "coordinates": [ [ [ 4095325.149621311109513, 2992483.71901325089857 ], [ 4097743.370168818160892, 2993515.566202696412802 ], [ 4097252.698332354426384, 2992744.936150217428803 ], [ 4095106.229028995614499, 2991243.557979270815849 ], [ 4095516.169485439080745, 2989540.859017653856426 ], [ 4095628.517446995712817, 2987705.435533068142831 ], [ 4095397.667971546761692, 2986116.560747498646379 ], [ 4094775.560081187169999, 2985280.245292485691607 ], [ 4094788.925522483419627, 2984615.16587875271216 ], [ 4094996.593798658810556, 2983637.170570897404104 ], [ 4094610.81350362719968, 2983185.860138001851737 ], [ 4093876.522129624150693, 2983234.558302247896791 ], [ 4093075.865063655655831, 2983788.981929339002818 ], [ 4093501.26925821788609, 2982244.9533118782565 ], [ 4094124.320241326931864, 2981180.146481146104634 ], [ 4094676.857705264817923, 2979892.241567893885076 ], [ 4094930.211960828397423, 2977584.593561544083059 ], [ 4095204.512019380927086, 2977051.538640898186713 ], [ 4096358.897449173498899, 2975839.392376989126205 ], [ 4096734.069675174541771, 2974991.68375982157886 ], [ 4096671.061173127964139, 2974388.469464386347681 ], [ 4096341.788660471327603, 2973906.54619209561497 ], [ 4095911.208069353364408, 2973771.071391127072275 ], [ 4095450.260421961080283, 2974205.261010529939085 ], [ 4094444.115916145034134, 2973646.496752080973238 ], [ 4093250.097755329683423, 2974002.95007657725364 ], [ 4092047.630553018301725, 2974803.053241785615683 ], [ 4091089.08576299296692, 2975671.515852559357882 ], [ 4091334.890633360482752, 2976594.98128978908062 ], [ 4091862.249875975772738, 2977555.616966454312205 ], [ 4092468.365219836123288, 2978327.780473664402962 ], [ 4092970.758760278578848, 2978622.771779165137559 ], [ 4092971.057911564595997, 2981474.109294720459729 ], [ 4093104.60729272197932, 2982332.157447430770844 ], [ 4091826.269092039670795, 2982307.109849158208817 ], [ 4092154.994646636303514, 2983770.903646785765886 ], [ 4091103.869377005379647, 2986601.944266332313418 ], [ 4092637.442277735099196, 2989831.912221779581159 ], [ 4095325.149621311109513, 2992483.71901325089857 ] ] ] } },
{ "type": "Feature", "properties": { "featurecla": "Lake", "scalerank": 8.0, "name": "Upper Lough Erne", "name_en": "Upper Erne", "ne_id": 1159117847.0 }, "geometry": { "type": "Polygon", "coordinates": [ [ [ 2908174.958322813268751, 3163868.191113333683461 ], [ 2908711.74501934600994, 3162402.58625571615994 ], [ 2907984.886627042666078, 3161925.451884171459824 ], [ 2906819.669883745256811, 3161456.136407328303903 ], [ 2905665.155109695158899, 3161310.480884346179664 ], [ 2904972.440356923267245, 3161770.922098955605179 ], [ 2905074.048946274444461, 3162985.293676485773176 ], [ 2905614.779439125210047, 3164354.574063403531909 ], [ 2905732.962342169135809, 3165597.587193323299289 ], [ 2904551.110229453071952, 3166404.564231369178742 ], [ 2904025.756000663153827, 3167118.425377727020532 ], [ 2903664.686131380498409, 3169814.428987213410437 ], [ 2902905.390250194817781, 3170585.200090588070452 ], [ 2902035.60859411302954, 3171056.803670279216021 ], [ 2899846.843182281590998, 3173610.14286359352991 ], [ 2900018.971037554554641, 3174318.55514282360673 ], [ 2901144.375164747238159, 3174273.576314089354128 ], [ 2903226.043099844828248, 3175693.056385949254036 ], [ 2904361.564126057550311, 3175613.701877755578607 ], [ 2904430.682764336466789, 3174716.42345947958529 ], [ 2904639.976929057389498, 3174437.490193451289088 ], [ 2904921.066944789607078, 3174336.874725928995758 ], [ 2905192.353703953325748, 3173879.930685369297862 ], [ 2905273.143286162987351, 3173306.020452065393329 ], [ 2905276.365912084002048, 3172489.996926047839224 ], [ 2905219.218679821584374, 3171819.015460091643035 ], [ 2905129.427796078380197, 3171645.063654568511993 ], [ 2905638.768557968083769, 3171065.47173906955868 ], [ 2907031.634046712424606, 3170109.73695020750165 ], [ 2907698.042444097809494, 3169427.391560752410442 ], [ 2907469.28212339989841, 3168993.479832702316344 ], [ 2906999.013597733806819, 3167835.31737769767642 ], [ 2906761.152965283486992, 3167403.61766301561147 ], [ 2907606.487056345678866, 3166906.459221902303398 ], [ 2907940.362513138912618, 3165554.618310144171119 ], [ 2908174.958322813268751, 3163868.191113333683461 ] ] ] } },
{ "type": "Feature", "properties": { "featurecla": "Lake", "scalerank": 9.0, "name": "Lago di Bracciano", "name_en": "Bracciano", "ne_id": 1159118119.0 }, "geometry": { "type": "Polygon", "coordinates": [ [ [ 4158993.497655673883855, 1793468.27590236114338 ], [ 4159944.144535760395229, 1792281.88166437856853 ], [ 4159965.71270845644176, 1791485.045447424985468 ], [ 4159483.88578919460997, 1790132.332427525892854 ], [ 4159740.517665028572083, 1785864.767710275948048 ], [ 4159011.688555099535733, 1784026.77305726450868 ], [ 4157315.453578765969723, 1783056.287285025697201 ], [ 4155495.030181257985532, 1783199.588709481293336 ], [ 4153773.53193035768345, 1784079.73858252260834 ], [ 4149722.131045993883163, 1787580.433964679716155 ], [ 4148813.558185119181871, 1789024.777453244663775 ], [ 4148923.809628511313349, 1791196.493578063091263 ], [ 4149977.784686777275056, 1793296.319514267845079 ], [ 4151431.113601975142956, 1794481.581518061459064 ], [ 4155470.892703726422042, 1795766.606751051032916 ], [ 4156971.652387734968215, 1795104.636509601958096 ], [ 4158074.430489964783192, 1794368.57526170858182 ], [ 4158993.497655673883855, 1793468.27590236114338 ] ] ] } },
{ "type": "Feature", "properties": { "featurecla": "Lake", "scalerank": 9.0, "name": null, "name_en": null, "ne_id": 1159118129.0 }, "geometry": { "type": "Polygon", "coordinates": [ [ [ 4907787.790236406028271, 1665306.94236243260093 ], [ 4907811.363792950287461, 1664986.685838788049296 ], [ 4907806.601863354444504, 1665018.349977637408301 ], [ 4907787.790236406028271, 1665306.94236243260093 ] ] ] } },
{ "type": "Feature", "properties": { "featurecla": "Lake", "scalerank": 9.0, "name": null, "name_en": null, "ne_id": 1159118147.0 }, "geometry": { "type": "Polygon", "coordinates": [ [ [ 4907916.840515848249197, 1664775.886135903885588 ], [ 4907945.65065486356616, 1664747.838720049941912 ], [ 4907921.602853203192353, 1664744.221858848351985 ], [ 4907863.983040147460997, 1664800.317029434489086 ], [ 4907916.840515848249197, 1664775.886135903885588 ] ] ] } },
{ "type": "Feature", "properties": { "featurecla": "Lake", "scalerank": 9.0, "name": null, "name_en": null, "ne_id": 1159118165.0 }, "geometry": { "type": "Polygon", "coordinates": [ [ [ 4908205.411671156063676, 1664819.294565230375156 ], [ 4908330.413521736860275, 1664805.721527665387839 ], [ 4908464.946520109660923, 1664728.82320934929885 ], [ 4908335.178007101640105, 1664774.057548812357709 ], [ 4908210.175522164441645, 1664787.630515875527635 ], [ 4908017.793973415158689, 1664758.689878438832238 ], [ 4908205.411671156063676, 1664819.294565230375156 ] ] ] } },
{ "type": "Feature", "properties": { "featurecla": "Lake", "scalerank": 9.0, "name": null, "name_en": null, "ne_id": 1159118183.0 }, "geometry": { "type": "Polygon", "coordinates": [ [ [ 4906488.712368478067219, 1662003.230601804098114 ], [ 4901768.58439124468714, 1657864.538336173631251 ], [ 4900138.128183360211551, 1655095.915102794067934 ], [ 4898861.643489042297006, 1656395.422607265412807 ], [ 4899165.201664346270263, 1657994.692704528570175 ], [ 4899755.858664127998054, 1659151.050473688170314 ], [ 4900417.982247772626579, 1660156.243072155164555 ], [ 4900950.101081728003919, 1661206.883452599402517 ], [ 4900908.899228979833424, 1661977.768999805441126 ], [ 4900666.223708462901413, 1662945.214833539677784 ], [ 4900509.906798930838704, 1663828.394950167974457 ], [ 4900789.92179418168962, 1664258.660773775540292 ], [ 4901338.741539743728936, 1664534.823220520513132 ], [ 4902568.159048506058753, 1666013.522333528380841 ], [ 4901194.962352954782546, 1666650.038012639852241 ], [ 4899496.283565111458302, 1667659.099695642245933 ], [ 4898572.805764758959413, 1669075.253690629731864 ], [ 4899514.129334349185228, 1670834.024568103952333 ], [ 4900627.961848283186555, 1668637.208280787104741 ], [ 4902090.936448992229998, 1669697.476524015888572 ], [ 4902979.054875670932233, 1671805.069037870736793 ], [ 4902361.549860794097185, 1672813.227539519779384 ], [ 4901430.351498511619866, 1672965.244384497636929 ], [ 4898956.835712142288685, 1674570.27101832232438 ], [ 4897895.299103900790215, 1674282.56801167759113 ], [ 4896979.100332478061318, 1674502.157406729413196 ], [ 4896003.180187234655023, 1675619.157214991981164 ], [ 4895676.495693174190819, 1677156.328231179155409 ], [ 4896193.863025691360235, 1678624.814852101495489 ], [ 4898205.717458229511976, 1681578.188015991123393 ], [ 4899675.492415962740779, 1682897.972344418521971 ], [ 4901420.654266634956002, 1683029.654287153854966 ], [ 4905235.870844469405711, 1682275.303521516500041 ], [ 4905183.686106147244573, 1682785.321150974370539 ], [ 4905044.768216708675027, 1682893.895099523244426 ], [ 4904833.746429900638759, 1682829.800083393463865 ], [ 4904622.910474986769259, 1682927.570328502682969 ], [ 4905203.24837797973305, 1683144.292998354649171 ], [ 4905692.261712475679815, 1683153.132089724065736 ], [ 4906118.736838678829372, 1682926.024139529559761 ], [ 4906386.796931549906731, 1682448.507048285100609 ], [ 4907785.725976748391986, 1680814.276370333274826 ], [ 4908120.795413937419653, 1679893.68859432102181 ], [ 4908619.536602403968573, 1679677.583102167816833 ], [ 4909214.367469008080661, 1679637.878840698627755 ], [ 4909746.646216381341219, 1679200.307212534360588 ], [ 4911611.515468928962946, 1674658.305874497164041 ], [ 4912638.596942883916199, 1673227.190055292565376 ], [ 4914818.560372456908226, 1668246.846195765770972 ], [ 4914702.766818959265947, 1666577.65538928587921 ], [ 4914048.310281277634203, 1665215.465128222713247 ], [ 4912209.498154950328171, 1662897.050999373663217 ], [ 4911431.406692476943135, 1664139.711730342358351 ], [ 4910508.963369112461805, 1665036.782383136218414 ], [ 4909336.217212096787989, 1665475.255075125256553 ], [ 4907787.790236406028271, 1665306.94236243260093 ], [ 4907282.830149150453508, 1665231.021598716033623 ], [ 4906488.712368478067219, 1662003.230601804098114 ] ] ] } },
{ "type": "Feature", "properties": { "featurecla": "Lake", "scalerank": 9.0, "name": null, "name_en": null, "ne_id": 1159118201.0 }, "geometry": { "type": "Polygon", "coordinates": [ [ [ 4917091.480705941095948, 1658291.993510482599959 ], [ 4917283.89023397769779, 1657673.326924534281716 ], [ 4916811.789031439460814, 1657051.003955400548875 ], [ 4915567.573875132016838, 1654206.143362472532317 ], [ 4915364.519222834147513, 1653268.3569513366092 ], [ 4914414.182762889191508, 1652055.588027803460136 ], [ 4909458.083677683025599, 1648134.108972390647978 ], [ 4907652.772080822847784, 1647182.926001908723265 ], [ 4907529.2876639617607, 1648006.593177403323352 ], [ 4909358.766016473993659, 1649123.354136525420472 ], [ 4911709.596362758427858, 1651193.886335387127474 ], [ 4913486.058537445962429, 1653794.183420440647751 ], [ 4913714.973141080699861, 1656355.350836942205206 ], [ 4913253.118725413456559, 1656803.811303456779569 ], [ 4910924.044707813300192, 1657877.463169880444184 ], [ 4910506.091536252759397, 1658526.999330182559788 ], [ 4910723.365980737842619, 1659045.545479678316042 ], [ 4911508.857158055528998, 1659876.507810790091753 ], [ 4912092.364635882899165, 1661065.733587734401226 ], [ 4912843.743071247823536, 1661956.529483281075954 ], [ 4913820.768271629698575, 1662492.934258290566504 ], [ 4915100.554972869344056, 1662654.344102763105184 ], [ 4915561.945124790072441, 1661396.321304409997538 ], [ 4917091.480705941095948, 1658291.993510482599959 ] ] ] } },
{ "type": "Feature", "properties": { "featurecla": "Lake", "scalerank": 9.0, "name": null, "name_en": null, "ne_id": 1159118219.0 }, "geometry": { "type": "Polygon", "coordinates": [ [ [ 4293761.955266131088138, 2772985.908937450498343 ], [ 4295079.345926359295845, 2771385.295263156760484 ], [ 4294512.010434722527862, 2770654.305886914022267 ], [ 4294050.254749110899866, 2769802.95035381289199 ], [ 4293449.045879339799285, 2768309.671262082643807 ], [ 4293764.667892313562334, 2767314.567090215627104 ], [ 4293758.322718880139291, 2766427.040077378042042 ], [ 4293404.552562895230949, 2765740.637649951037019 ], [ 4292738.853643829002976, 2765320.909865713212639 ], [ 4293109.889017678797245, 2770697.49477212689817 ], [ 4293761.955266131088138, 2772985.908937450498343 ] ] ] } },
{ "type": "Feature", "properties": { "featurecla": "Lake", "scalerank": 9.0, "name": "Lauwerszee", "name_en": "Lauwersmeer", "ne_id": 1159118273.0 }, "geometry": { "type": "Polygon", "coordinates": [ [ [ 3758605.682570034638047, 2952453.824647534638643 ], [ 3759577.641752371098846, 2951421.632482236716896 ], [ 3758764.557142816018313, 2950353.147690894082189 ], [ 3756655.648164413869381, 2950302.164339771028608 ], [ 3752478.745688267052174, 2950993.559171050786972 ], [ 3752120.187221899628639, 2952122.047732583247125 ], [ 3752395.039987772237509, 2953027.25853331759572 ], [ 3752876.19410890666768, 2953890.035737029276788 ], [ 3753722.83967924490571, 2957048.648361826781183 ], [ 3754850.083932499866933, 2957592.742368724197149 ], [ 3756244.666546681430191, 2957076.957106523215771 ], [ 3757607.227943725418299, 2955929.074854182079434 ], [ 3757043.914373486768454, 2955292.014746331609786 ], [ 3756465.354637857992202, 2955099.710727698169649 ], [ 3755928.422325417865068, 2955349.248652827460319 ], [ 3755414.364266733638942, 2956041.59115575440228 ], [ 3755348.855940119363368, 2953666.847780932206661 ], [ 3756804.142535965424031, 2952831.105482554063201 ], [ 3758605.682570034638047, 2952453.824647534638643 ] ] ] } },
{ "type": "Feature", "properties": { "featurecla": "Lake", "scalerank": 9.0, "name": null, "name_en": null, "ne_id": 1159118291.0 }, "geometry": { "type": "Polygon", "coordinates": [ [ [ 4209661.19848245382309, 2859918.27294903062284 ], [ 4211085.662382748909295, 2859156.656813136767596 ], [ 4210309.811212118715048, 2858331.068808303680271 ], [ 4209792.625280324369669, 2856883.362698626704514 ], [ 4209535.622649550437927, 2855225.276191860437393 ], [ 4209488.095194427296519, 2853639.620106727816164 ], [ 4209382.947749832645059, 2852938.298804754391313 ], [ 4209080.26305733807385, 2851880.07753811404109 ], [ 4208696.055203629657626, 2850913.392995928414166 ], [ 4208277.42314232327044, 2850293.652135362382978 ], [ 4207738.777968712151051, 2851569.059558791108429 ], [ 4206520.26831868942827, 2851548.68980758683756 ], [ 4203785.361777238547802, 2850767.937065198551863 ], [ 4204496.303361826576293, 2851811.298179290257394 ], [ 4208495.580287035554647, 2854673.669754737056792 ], [ 4208945.990300768986344, 2856340.01591443317011 ], [ 4209217.603700892068446, 2859899.083435491658747 ], [ 4209661.19848245382309, 2859918.27294903062284 ] ] ] } },
{ "type": "Feature", "properties": { "featurecla": "Lake", "scalerank": 9.0, "name": null, "name_en": null, "ne_id": 1159118311.0 }, "geometry": { "type": "Polygon", "coordinates": [ [ [ 4183893.01648174924776, 2934448.181066525168717 ], [ 4184379.99664354743436, 2934150.142032620497048 ], [ 4183467.696810409426689, 2933639.675394178833812 ], [ 4181684.453862068708986, 2934014.967524372041225 ], [ 4180763.660456402227283, 2933219.551442130468786 ], [ 4180404.831969150342047, 2934156.477201235014945 ], [ 4180276.370711020193994, 2935038.771701605990529 ], [ 4180476.661655355710536, 2935775.091437279712409 ], [ 4181143.263920599129051, 2936243.968120057601482 ], [ 4181227.453887650743127, 2934029.25745779229328 ], [ 4181693.798544208519161, 2934268.797978106886148 ], [ 4182613.016260966192931, 2935096.038256937637925 ], [ 4182956.768888290040195, 2935552.809931221418083 ], [ 4183517.59288754593581, 2934813.931773809250444 ], [ 4183893.01648174924776, 2934448.181066525168717 ] ] ] } },
{ "type": "Feature", "properties": { "featurecla": "Lake", "scalerank": 9.0, "name": null, "name_en": null, "ne_id": 1159118331.0 }, "geometry": { "type": "Polygon", "coordinates": [ [ [ 4163834.295211178716272, 2847069.759344084188342 ], [ 4164102.47176471631974, 2844862.670608063228428 ], [ 4163817.29999586334452, 2843555.030957224778831 ], [ 4163013.812977293506265, 2842673.224260836374015 ], [ 4161723.950400467496365, 2841838.66999998409301 ], [ 4159899.643380391877145, 2842506.425759279634804 ], [ 4159874.666996863670647, 2843265.389683005865663 ], [ 4160311.43735212367028, 2843533.046286887023598 ], [ 4160668.664420562330633, 2843861.428699663374573 ], [ 4160475.701158917509019, 2844424.896137134637684 ], [ 4158372.402720834128559, 2845368.90906744170934 ], [ 4157111.925579064525664, 2845422.937350878026336 ], [ 4158019.870853838510811, 2846085.556751454714686 ], [ 4161130.718675851356238, 2846282.774898871313781 ], [ 4163611.985288226511329, 2847347.195960396435112 ], [ 4163834.295211178716272, 2847069.759344084188342 ] ] ] } },
{ "type": "Feature", "properties": { "featurecla": "Lake", "scalerank": 9.0, "name": null, "name_en": null, "ne_id": 1159118349.0 }, "geometry": { "type": "Polygon", "coordinates": [ [ [ 4192681.807908224407583, 2846704.215567084960639 ], [ 4192137.682604592759162, 2847727.627782680094242 ], [ 4191464.689892326015979, 2848587.681964265648276 ], [ 4189833.228984859772027, 2850201.879179150331765 ], [ 4190352.532363263890147, 2850285.56024644523859 ], [ 4190725.923163921572268, 2850141.894751650746912 ], [ 4191250.822028799913824, 2849592.56566200684756 ], [ 4193414.237635567318648, 2848253.326671545393765 ], [ 4193987.153290533460677, 2847484.528168258722872 ], [ 4193822.416050706058741, 2846274.625926127191633 ], [ 4194028.933032426983118, 2844984.562468100339174 ], [ 4194519.471382305026054, 2843864.208484570495784 ], [ 4195094.296427955850959, 2843063.945556223858148 ], [ 4193986.073489188216627, 2843146.232374307699502 ], [ 4193407.66771498741582, 2844041.473618466872722 ], [ 4192681.807908224407583, 2846704.215567084960639 ] ] ] } },
{ "type": "Feature", "properties": { "featurecla": "Lake", "scalerank": 9.0, "name": null, "name_en": null, "ne_id": 1159118367.0 }, "geometry": { "type": "Polygon", "coordinates": [ [ [ 4196444.671251705847681, 2841788.382374418899417 ], [ 4196933.767602737061679, 2841681.513701248448342 ], [ 4195704.681323446333408, 2840903.551234006416053 ], [ 4193033.152706271968782, 2837851.907409776933491 ], [ 4193333.382331209722906, 2839573.721345619764179 ], [ 4193921.241606276482344, 2841370.378958713728935 ], [ 4194687.51292320061475, 2842572.641335825435817 ], [ 4195527.442125621251762, 2842416.373457650188357 ], [ 4195851.160489017143846, 2842081.0854447116144 ], [ 4196129.824402765370905, 2841902.328994153998792 ], [ 4196444.671251705847681, 2841788.382374418899417 ] ] ] } },
{ "type": "Feature", "properties": { "featurecla": "Lake", "scalerank": 9.0, "name": null, "name_en": null, "ne_id": 1159118383.0 }, "geometry": { "type": "Polygon", "coordinates": [ [ [ 4241851.599163293838501, 2853942.513553687836975 ], [ 4241975.349519802257419, 2853790.281946351286024 ], [ 4241963.540285527706146, 2853251.108729660511017 ], [ 4239799.313835311681032, 2852383.246858683880419 ], [ 4238643.415148813277483, 2852262.862121057230979 ], [ 4237926.987464495934546, 2853051.335985632613301 ], [ 4238178.552972887642682, 2854235.856635843403637 ], [ 4239297.511860460974276, 2854702.818955390714109 ], [ 4240618.255559040233493, 2854609.802478779572994 ], [ 4241459.091595526784658, 2854049.67174047511071 ], [ 4241677.8045390015468, 2853933.845668613910675 ], [ 4241851.599163293838501, 2853942.513553687836975 ] ] ] } },
{ "type": "Feature", "properties": { "featurecla": "Lake", "scalerank": 9.0, "name": null, "name_en": null, "ne_id": 1159118401.0 }, "geometry": { "type": "Polygon", "coordinates": [ [ [ 4279914.584774283692241, 2817296.910058504901826 ], [ 4280962.880399782210588, 2817737.351772294845432 ], [ 4281001.037324512377381, 2817074.11018023500219 ], [ 4280426.380423929542303, 2816882.647617754992098 ], [ 4280032.243328715674579, 2816606.539755349047482 ], [ 4279707.292776738293469, 2816144.306724432855844 ], [ 4279278.136725421994925, 2815454.336616551503539 ], [ 4279801.32419500220567, 2814501.985241684596986 ], [ 4279953.354844837449491, 2813211.547902793157846 ], [ 4279731.731658471748233, 2811963.10111486306414 ], [ 4279102.280266563408077, 2811008.244590416550636 ], [ 4278811.531307341530919, 2811308.515280555468053 ], [ 4278568.770966901443899, 2811453.107741580810398 ], [ 4277714.993134864605963, 2811689.711998286191374 ], [ 4278023.607206542044878, 2811073.543571854941547 ], [ 4278220.777984607033432, 2810355.996124283410609 ], [ 4278137.99321695510298, 2809749.270704550668597 ], [ 4277606.706350032240152, 2809465.612247981131077 ], [ 4277186.526170945726335, 2809980.426137005444616 ], [ 4277256.671737063676119, 2811156.742361951619387 ], [ 4277509.208298024721444, 2812216.67743772175163 ], [ 4277670.148153364658356, 2812479.297793284058571 ], [ 4277830.324728205800056, 2815847.085956130642444 ], [ 4277645.03506922069937, 2817389.172288271132857 ], [ 4276851.978470854461193, 2818294.735257613938302 ], [ 4276809.001321999356151, 2819052.767596706748009 ], [ 4278592.169643935747445, 2819946.367226860951632 ], [ 4278291.451694090850651, 2818376.560005048755556 ], [ 4278868.957902516238391, 2817490.589850126765668 ], [ 4279914.584774283692241, 2817296.910058504901826 ] ] ] } },
{ "type": "Feature", "properties": { "featurecla": "Lake", "scalerank": 9.0, "name": "Jezioro Dąbie", "name_en": "Dąbie", "ne_id": 1159118421.0 }, "geometry": { "type": "Polygon", "coordinates": [ [ [ 4302307.768027188256383, 2966635.553745836485177 ], [ 4302575.822712435387075, 2965700.682949982583523 ], [ 4302069.594284788705409, 2964430.796808760147542 ], [ 4299503.400914938189089, 2963664.96089772740379 ], [ 4298756.544531495310366, 2962888.001862918492407 ], [ 4300064.664726397953928, 2961384.11671652412042 ], [ 4299547.025653449818492, 2960875.422072340268642 ], [ 4298900.01283972710371, 2960612.473444797098637 ], [ 4298193.291972463019192, 2960694.887094132136554 ], [ 4297439.952723618596792, 2961218.690695731900632 ], [ 4297636.77997556887567, 2961706.989779179915786 ], [ 4297688.482459481805563, 2962090.994172401260585 ], [ 4297692.489127018488944, 2962630.654614851344377 ], [ 4297733.252169399522245, 2963489.929977918975055 ], [ 4297344.76015785522759, 2962735.742501264438033 ], [ 4295763.795278405770659, 2964381.927751087583601 ], [ 4295805.071319810114801, 2965844.086941007059067 ], [ 4296676.90652306098491, 2966438.048501808196306 ], [ 4297598.195966588333249, 2965639.124557942152023 ], [ 4298116.313011299818754, 2967036.160114209167659 ], [ 4298123.951629862189293, 2968718.428995338734239 ], [ 4297951.935849503614008, 2970548.072019361890852 ], [ 4298061.273153750225902, 2973315.741128015331924 ], [ 4297962.931947856210172, 2973975.949039035942405 ], [ 4298031.18655245937407, 2974392.791422070004046 ], [ 4298586.121342658065259, 2974586.482683947309852 ], [ 4299565.269573168829083, 2974648.435664945282042 ], [ 4299880.579691085033119, 2974446.286465751007199 ], [ 4300176.316720586270094, 2973957.301968364976346 ], [ 4300317.891616940498352, 2972919.054332355037332 ], [ 4300617.010654660873115, 2972081.234337800182402 ], [ 4301069.711167108267546, 2971507.079994461964816 ], [ 4301644.348226679489017, 2971099.410742868669331 ], [ 4301410.387927381321788, 2968831.394519307184964 ], [ 4301435.815688920207322, 2968134.879684372339398 ], [ 4301785.8587562199682, 2967395.585819360800087 ], [ 4302307.768027188256383, 2966635.553745836485177 ] ] ] } },
{ "type": "Feature", "properties": { "featurecla": "Lake", "scalerank": 9.0, "name": null, "name_en": null, "ne_id": 1159122363.0 }, "geometry": { "type": "Polygon", "coordinates": [ [ [ 4235722.124492798000574, 3559801.25445124739781 ], [ 4232930.209306352771819, 3559707.409548157826066 ], [ 4230626.454983825795352, 3558873.2606135699898 ], [ 4230071.226957973092794, 3559034.71913150511682 ], [ 4230942.311048961244524, 3560333.390441342256963 ], [ 4232055.860836919397116, 3561132.969628035090864 ], [ 4237254.744739962741733, 3561652.055738414172083 ], [ 4238190.943285548128188, 3562347.041407898999751 ], [ 4238498.342839155346155, 3563615.169261057861149 ], [ 4237737.916313258931041, 3565623.463227747008204 ], [ 4236694.499737039208412, 3566525.5431266319938 ], [ 4234315.271680449135602, 3566518.289851693436503 ], [ 4233234.260935692116618, 3567226.699096382129937 ], [ 4234804.756508650258183, 3568373.746977130882442 ], [ 4236551.797744937241077, 3568152.707737193442881 ], [ 4239824.499888631515205, 3566128.718741156626493 ], [ 4239344.019484087824821, 3567575.916189063806087 ], [ 4240320.406880542635918, 3568402.181294385809451 ], [ 4242991.922252597287297, 3571572.996423137839884 ], [ 4243111.807261822745204, 3569816.150914534460753 ], [ 4243127.315654442645609, 3569271.875148150138557 ], [ 4243594.92983911652118, 3566381.175327679608017 ], [ 4243850.073573952540755, 3563734.719021311961114 ], [ 4244363.089903551153839, 3561488.423748615197837 ], [ 4245623.625484254211187, 3559767.491602841299027 ], [ 4244908.621139044873416, 3558699.183546130545437 ], [ 4243905.664460324682295, 3556043.202464174013585 ], [ 4243154.57137390691787, 3555005.296519276220351 ], [ 4239702.944518781267107, 3552784.888161429669708 ], [ 4238490.986195104196668, 3552522.721845143474638 ], [ 4238224.72614779882133, 3552827.955166551284492 ], [ 4238281.672088680788875, 3553568.456204402260482 ], [ 4238562.494303455576301, 3554738.558686283417046 ], [ 4238547.763526738621294, 3555282.649608003906906 ], [ 4238657.82539626955986, 3555673.651343793142587 ], [ 4238802.729923362843692, 3556034.612075899727643 ], [ 4238852.214813265949488, 3556325.970172485802323 ], [ 4238657.652923562563956, 3556827.669350693002343 ], [ 4238116.436438011936843, 3557597.963751716073602 ], [ 4237969.686660788021982, 3558134.510806553065777 ], [ 4237256.429063079878688, 3559311.808098544366658 ], [ 4235722.124492798000574, 3559801.25445124739781 ] ] ] } },
{ "type": "Feature", "properties": { "featurecla": "Lake", "scalerank": 9.0, "name": null, "name_en": null, "ne_id": 1159122373.0 }, "geometry": { "type": "Polygon", "coordinates": [ [ [ 4253758.377824620343745, 3514335.965015201363713 ], [ 4254111.900528583675623, 3512371.807085985783488 ], [ 4254036.434982180595398, 3511406.494650182779878 ], [ 4253375.234865142032504, 3510982.175372551660985 ], [ 4252587.423386557027698, 3510710.453410115092993 ], [ 4251514.854585810564458, 3509877.413161139935255 ], [ 4250870.797830927185714, 3509998.923829080536962 ], [ 4251943.231333339586854, 3512785.227723293472081 ], [ 4252224.442828595638275, 3513955.052277060691267 ], [ 4251677.214769965969026, 3514146.304205041378736 ], [ 4251353.976907866075635, 3514511.193728977348655 ], [ 4250753.337448053061962, 3515596.081490768585354 ], [ 4250061.071915855631232, 3516259.245912950951606 ], [ 4248962.604419114999473, 3516161.731702981516719 ], [ 4248183.949465694837272, 3516595.873536892235279 ], [ 4245089.005179177038372, 3522018.202991760801524 ], [ 4244164.83467330224812, 3524110.111865716055036 ], [ 4242497.064593238756061, 3523788.754698843695223 ], [ 4241009.765156339854002, 3521492.738094898872077 ], [ 4240695.453196831047535, 3517663.583115437999368 ], [ 4238291.803917874582112, 3517590.037504923995584 ], [ 4237288.911941565573215, 3518173.494155360385776 ], [ 4236729.117903677746654, 3520383.442641238681972 ], [ 4237437.715763051062822, 3520263.49869933957234 ], [ 4238026.429807843640447, 3520489.123312454205006 ], [ 4238421.230224590748549, 3521184.159685953520238 ], [ 4238625.057056616991758, 3523757.967619601171464 ], [ 4239089.407671895809472, 3524104.803300276398659 ], [ 4239708.779404702596366, 3524076.241190810222179 ], [ 4240313.471956676803529, 3524303.160273356363177 ], [ 4241524.633082649670541, 3527031.595780909527093 ], [ 4241977.263551355339587, 3527570.331120388582349 ], [ 4242657.032809969037771, 3527930.128906929865479 ], [ 4243970.269742525182664, 3528294.998302202671766 ], [ 4245047.815611767582595, 3527557.273632194846869 ], [ 4245984.1846934389323, 3526106.762690536677837 ], [ 4246684.766211377456784, 3524418.325172058772296 ], [ 4247426.926645260304213, 3520906.793325119186193 ], [ 4248285.835516633465886, 3519388.290532560553402 ], [ 4249355.795558236539364, 3518266.898789023980498 ], [ 4250423.871093181893229, 3517465.945337136276066 ], [ 4252579.773251950740814, 3516666.720068385824561 ], [ 4253376.302892399020493, 3515946.201386953238398 ], [ 4253758.377824620343745, 3514335.965015201363713 ] ] ] } },
{ "type": "Feature", "properties": { "featurecla": "Lake", "scalerank": 9.0, "name": null, "name_en": null, "ne_id": 1159122389.0 }, "geometry": { "type": "Polygon", "coordinates": [ [ [ 4341269.727188348770142, 3529315.991399546619505 ], [ 4344793.670193944126368, 3527167.444103349931538 ], [ 4344854.20568891055882, 3526434.569929504301399 ], [ 4337844.83821174968034, 3524706.772116811480373 ], [ 4334386.590341071598232, 3524813.369062827434391 ], [ 4331383.846420700661838, 3527204.059750720858574 ], [ 4330696.557634359225631, 3529330.650584107264876 ], [ 4331898.792665739543736, 3530195.966021540574729 ], [ 4333708.730564337223768, 3530564.925148393958807 ], [ 4334908.770797485485673, 3531238.546446555294096 ], [ 4335276.271358538419008, 3533321.258786623831838 ], [ 4334606.778426236473024, 3534582.822723128832877 ], [ 4333527.881500004790723, 3535747.54199050180614 ], [ 4332709.953745002858341, 3537414.631886430084705 ], [ 4333540.639640355482697, 3536839.402878074906766 ], [ 4335141.586382417008281, 3535203.300867940764874 ], [ 4336001.082824268378317, 3534695.023451528977603 ], [ 4337126.717930347658694, 3533791.351217073388398 ], [ 4338602.618028396740556, 3533108.905851216986775 ], [ 4339955.535593467764556, 3532096.092423296533525 ], [ 4340665.005461305379868, 3530164.85809209709987 ], [ 4341269.727188348770142, 3529315.991399546619505 ] ] ] } },
{ "type": "Feature", "properties": { "featurecla": "Lake", "scalerank": 9.0, "name": null, "name_en": null, "ne_id": 1159122403.0 }, "geometry": { "type": "Polygon", "coordinates": [ [ [ 4341298.827485602349043, 3464152.388571843039244 ], [ 4345016.939457518048584, 3462307.592857819981873 ], [ 4345081.677757541649044, 3461512.174354202579707 ], [ 4344394.344773663207889, 3461392.235601880587637 ], [ 4342635.817853515967727, 3462114.468941919505596 ], [ 4337310.837956194765866, 3461751.497063979972154 ], [ 4335989.942734014242887, 3461262.346148082055151 ], [ 4334931.79700464848429, 3460025.876416479237378 ], [ 4336468.653329300694168, 3458226.27792686317116 ], [ 4337292.516365830786526, 3457491.18549707531929 ], [ 4339203.020079484209418, 3457003.045237528625876 ], [ 4340235.6235520709306, 3456221.136242042295635 ], [ 4341141.928192038089037, 3455109.114765608683228 ], [ 4341723.061747321859002, 3453811.011821776628494 ], [ 4338289.737062200903893, 3453728.298331302125007 ], [ 4337441.914045261219144, 3453468.761720396112651 ], [ 4337236.535946059040725, 3451979.71835872111842 ], [ 4336885.015966450795531, 3451471.611680371221155 ], [ 4336127.95630993694067, 3452212.035084504634142 ], [ 4335823.06960476282984, 3453052.336730978451669 ], [ 4335847.312439977191389, 3453822.631886784918606 ], [ 4336137.880478021688759, 3454453.929877690039575 ], [ 4336547.495142312720418, 3454870.575473219156265 ], [ 4332465.767418124713004, 3458519.102056847885251 ], [ 4331172.782438691705465, 3460050.896970939822495 ], [ 4331302.396673515439034, 3461437.843664790038019 ], [ 4332712.595880679786205, 3462957.198286334052682 ], [ 4334486.945741506293416, 3464153.619697151705623 ], [ 4335780.842678509652615, 3464544.178039868362248 ], [ 4335424.382098601199687, 3463683.318060593679547 ], [ 4337033.084614745341241, 3462465.943732051644474 ], [ 4338392.343464237637818, 3462894.481114454567432 ], [ 4339727.423071028664708, 3463833.952746195252985 ], [ 4341298.827485602349043, 3464152.388571843039244 ] ] ] } },
{ "type": "Feature", "properties": { "featurecla": "Lake", "scalerank": 9.0, "name": null, "name_en": null, "ne_id": 1159122419.0 }, "geometry": { "type": "Polygon", "coordinates": [ [ [ 4309215.524583133868873, 3453560.974525446072221 ], [ 4309321.913179667666554, 3452800.672484372742474 ], [ 4308609.379979988560081, 3453708.906600719317794 ], [ 4308221.61537666991353, 3454832.834577155765146 ], [ 4307916.263721055351198, 3455994.795444005168974 ], [ 4307393.538496404886246, 3457109.047408322803676 ], [ 4306774.944921505637467, 3457672.367778945248574 ], [ 4305285.27518848516047, 3458301.030587143264711 ], [ 4304523.681505112908781, 3459206.424128389917314 ], [ 4304271.95474271569401, 3457268.152050968725234 ], [ 4304832.223925825208426, 3456092.258773402776569 ], [ 4305710.455539355054498, 3455227.347183554433286 ], [ 4306467.461165678687394, 3454161.853690677788109 ], [ 4306468.681766277179122, 3453201.912240916863084 ], [ 4307027.635590182617307, 3452058.255867559462786 ], [ 4307882.404786132276058, 3451064.100431125145406 ], [ 4308702.872125412337482, 3450547.614888851996511 ], [ 4308188.628808509558439, 3449422.338123154826462 ], [ 4308182.357965661212802, 3448333.949463761877269 ], [ 4308502.650463606230915, 3447205.265122934244573 ], [ 4309026.487171433866024, 3446091.401419094763696 ], [ 4307767.451197414658964, 3446064.147390897851437 ], [ 4306904.128479472361505, 3446929.667131816502661 ], [ 4302814.365206751972437, 3455307.835239106789231 ], [ 4301957.007889068685472, 3456366.795670562889427 ], [ 4301778.70989594142884, 3456962.13685630261898 ], [ 4301419.006986330263317, 3457480.599831691477448 ], [ 4300706.684942685067654, 3457462.069525480736047 ], [ 4300427.162837726995349, 3457090.263426681514829 ], [ 4300121.623377700336277, 3456364.640666680410504 ], [ 4299701.945020158775151, 3455087.01727760117501 ], [ 4299259.136700754053891, 3453167.914265970699489 ], [ 4299248.284490627236664, 3451631.317534912843257 ], [ 4299573.811651123687625, 3450150.463916310109198 ], [ 4300171.584000088274479, 3448432.929798416793346 ], [ 4299059.132856725715101, 3448514.526922934688628 ], [ 4297820.998934952542186, 3449419.430634086951613 ], [ 4296789.3465895075351, 3450787.00533048575744 ], [ 4296310.24660555459559, 3452289.313235090579838 ], [ 4295509.909977307543159, 3453769.348143583163619 ], [ 4293923.861775055527687, 3455067.107418904546648 ], [ 4291638.851548790931702, 3456413.349223629571497 ], [ 4290414.903243420645595, 3459401.117599154822528 ], [ 4288388.766096390783787, 3461982.711643510963768 ], [ 4287444.160976459272206, 3463902.514355905354023 ], [ 4289504.144474633969367, 3464778.78463760856539 ], [ 4288431.012170824222267, 3466593.701332767959684 ], [ 4287813.522727840580046, 3468695.901828383095562 ], [ 4287803.209913548082113, 3470839.526712603867054 ], [ 4288557.272438614629209, 3472939.336091943085194 ], [ 4288578.471233740448952, 3471884.540621200576425 ], [ 4288717.073094079270959, 3471093.832940400578082 ], [ 4288926.928117085248232, 3470500.042600678279996 ], [ 4289445.755402863956988, 3469351.291637065820396 ], [ 4290315.809075864031911, 3467778.627707790583372 ], [ 4290547.22715684492141, 3467122.413008767180145 ], [ 4290572.499244557693601, 3466260.047339835204184 ], [ 4290361.094383941963315, 3464645.417727130465209 ], [ 4290326.320127591490746, 3464163.008156963158399 ], [ 4290342.750361621379852, 3463428.104180948343128 ], [ 4290252.928505389019847, 3463005.941190895158798 ], [ 4290228.445802115835249, 3462620.259096830151975 ], [ 4290479.085723357275128, 3461933.424163713585585 ], [ 4291025.088219375349581, 3461394.871326658409089 ], [ 4291804.888332794420421, 3461160.466961478348821 ], [ 4292579.698118702508509, 3461245.859029379207641 ], [ 4293550.509379317983985, 3462176.989902258850634 ], [ 4294088.061693786643445, 3461766.224944117944688 ], [ 4294630.953571298159659, 3461035.884202946443111 ], [ 4295130.526031370274723, 3460686.610486239660531 ], [ 4295585.781746389344335, 3460974.329497992061079 ], [ 4296221.820625025779009, 3462074.788063576444983 ], [ 4296609.302729977294803, 3462357.904852815438062 ], [ 4297583.257265307940543, 3462746.202699592802674 ], [ 4297862.762388429604471, 3463597.947808618657291 ], [ 4297594.289589044637978, 3464763.270979335531592 ], [ 4296941.321366743184626, 3466093.69876753538847 ], [ 4297844.48536971770227, 3466029.090386308263987 ], [ 4298673.403130903840065, 3465575.354531390592456 ], [ 4299484.508509031496942, 3464896.46889407467097 ], [ 4300241.887247044593096, 3464021.888246252201498 ], [ 4299462.008103309199214, 3463294.587322521954775 ], [ 4299950.570149718783796, 3462144.952798193320632 ], [ 4300438.194097751751542, 3461251.355245842132717 ], [ 4301040.811337958090007, 3460654.014805095735937 ], [ 4301867.564050734043121, 3460488.755373204126954 ], [ 4302331.520664514042437, 3460649.822780641261488 ], [ 4303105.988758124411106, 3461217.188391948118806 ], [ 4303593.555855938233435, 3461284.075312545523047 ], [ 4304053.27110110130161, 3461028.964539032429457 ], [ 4304814.494007966481149, 3460123.447037718258798 ], [ 4305252.925620017573237, 3459930.941316052339971 ], [ 4306190.730376957915723, 3460350.60338952858001 ], [ 4306711.408872763626277, 3460900.332154978066683 ], [ 4307251.969839809462428, 3460939.464889114256948 ], [ 4308215.973424804396927, 3459825.159351848997176 ], [ 4308603.485656981356442, 3458701.104139856994152 ], [ 4308813.075937610119581, 3456988.062114239670336 ], [ 4308880.46170389931649, 3455360.755106130614877 ], [ 4308819.217844735831022, 3454332.202879591844976 ], [ 4309143.906960600987077, 3453843.782608869485557 ], [ 4309215.524583133868873, 3453560.974525446072221 ] ] ] } },
{ "type": "Feature", "properties": { "featurecla": "Lake", "scalerank": 9.0, "name": null, "name_en": null, "ne_id": 1159122453.0 }, "geometry": { "type": "Polygon", "coordinates": [ [ [ 4027956.252186394762248, 3032224.123919733334333 ], [ 4028443.334254276007414, 3031656.582265702076256 ], [ 4027541.587355543859303, 3026833.912859143223614 ], [ 4027157.156441354658455, 3025690.771298007573932 ], [ 4026026.064710764214396, 3024765.298187013249844 ], [ 4025533.722943203989416, 3026220.375934006180614 ], [ 4025261.506043918896466, 3028342.244195243343711 ], [ 4024771.783153309486806, 3029417.160608564969152 ], [ 4022317.63875206746161, 3028866.023644315078855 ], [ 4021273.252604627050459, 3029304.84364899713546 ], [ 4021729.703042701818049, 3031208.505650924053043 ], [ 4022749.389736873097718, 3031942.30481344088912 ], [ 4024182.025717621669173, 3031886.117582760285586 ], [ 4025562.015139173250645, 3031259.602332538925111 ], [ 4026275.032839262392372, 3030185.997241482604295 ], [ 4026198.46610814332962, 3030565.881738731171936 ], [ 4026159.299752498976886, 3030914.28530287835747 ], [ 4026064.14970335830003, 3031294.070946763735265 ], [ 4025876.177980012726039, 3031641.651478531304747 ], [ 4026561.950306768063456, 3032089.209783060476184 ], [ 4027285.900598803069443, 3032346.932793377432972 ], [ 4027956.252186394762248, 3032224.123919733334333 ] ] ] } },
{ "type": "Feature", "properties": { "featurecla": "Lake", "scalerank": 9.0, "name": null, "name_en": null, "ne_id": 1159122467.0 }, "geometry": { "type": "Polygon", "coordinates": [ [ [ 4729491.099290437065065, 3082803.685469611547887 ], [ 4729665.195976061746478, 3082895.354206127114594 ], [ 4730011.33748300652951, 3083687.993330261670053 ], [ 4730371.469253552146256, 3084033.705643819645047 ], [ 4730746.408034973777831, 3084285.541852920781821 ], [ 4731170.089199872687459, 3084705.564908242784441 ], [ 4732739.760707542300224, 3087168.545527128502727 ], [ 4735115.257793573662639, 3086808.293420521076769 ], [ 4736269.952194621786475, 3086896.108405817765743 ], [ 4737261.235742945224047, 3087888.82413589861244 ], [ 4734724.797878118231893, 3089377.62451687362045 ], [ 4733890.904407388530672, 3089590.715308987069875 ], [ 4733700.674638131633401, 3090722.897900095209479 ], [ 4733013.77656421251595, 3093501.925346180330962 ], [ 4732393.758413034491241, 3094205.645166505593807 ], [ 4732242.611165193840861, 3094919.749004310928285 ], [ 4732158.94958733022213, 3095702.535085291601717 ], [ 4732575.95355024561286, 3095885.424665329512209 ], [ 4732770.066010142676532, 3095388.744672828819603 ], [ 4733975.695595286786556, 3094906.720600637607276 ], [ 4733882.886219777166843, 3093980.358547531068325 ], [ 4734530.76767404563725, 3093760.326461492106318 ], [ 4735486.810425341129303, 3094762.134322141762823 ], [ 4736633.074524941854179, 3095234.626070494763553 ], [ 4737202.048836196772754, 3093560.286984649021178 ], [ 4737904.677362311631441, 3091682.305229037534446 ], [ 4738532.685719814151525, 3092313.116372027434409 ], [ 4737931.439887898974121, 3093176.651368278078735 ], [ 4738905.801321843639016, 3094644.524223194457591 ], [ 4740390.136349058710039, 3093945.507437207270414 ], [ 4741263.539318977855146, 3094465.072713661473244 ], [ 4742811.757651280611753, 3093922.855574967805296 ], [ 4742225.380051194690168, 3093015.458961020223796 ], [ 4740981.635304036550224, 3092956.53288164222613 ], [ 4739393.387712696567178, 3092251.29977991245687 ], [ 4739068.598629218526185, 3090961.246028099674731 ], [ 4738753.119945916347206, 3090417.861872639041394 ], [ 4737939.866304918192327, 3090950.127136344555765 ], [ 4737442.274632448330522, 3090645.840376045554876 ], [ 4737333.659502675756812, 3090147.036568759474903 ], [ 4737804.48520870693028, 3089323.665396458934993 ], [ 4738708.074496682733297, 3089564.594369631260633 ], [ 4739795.674394890666008, 3089466.795092074666172 ], [ 4741611.850951689295471, 3086703.90671426570043 ], [ 4741164.971094626002014, 3085882.330635684542358 ], [ 4740511.452947693876922, 3085488.56905555492267 ], [ 4739561.951246606186032, 3085528.916600339114666 ], [ 4738540.488252940587699, 3085076.526240352541208 ], [ 4738068.680881202220917, 3084134.552009894046932 ], [ 4738230.529105174355209, 3083358.101769936736673 ], [ 4739429.302066328935325, 3082234.049948406871408 ], [ 4739534.492517043836415, 3081576.929474795237184 ], [ 4739144.158134270459414, 3080359.134693565778434 ], [ 4740453.551876510493457, 3078595.717068845406175 ], [ 4740311.353299301117659, 3077786.006648157723248 ], [ 4740028.101850973442197, 3077195.106644929386675 ], [ 4738328.481556202284992, 3077262.327037742827088 ], [ 4737293.761881846003234, 3079108.725545598659664 ], [ 4736584.555929120630026, 3079768.560481400229037 ], [ 4736977.513472798280418, 3080686.986218674574047 ], [ 4737193.992138417437673, 3081459.600301338359714 ], [ 4736497.469625131227076, 3082632.122940513305366 ], [ 4735606.071307436563075, 3084319.207266107201576 ], [ 4733736.573285343125463, 3085380.437773671466857 ], [ 4734187.720228686928749, 3083736.767555817961693 ], [ 4734555.954213274642825, 3082740.104709207545966 ], [ 4734292.445395378395915, 3082024.35144623927772 ], [ 4733182.257169110700488, 3081602.426413630135357 ], [ 4733565.203589369542897, 3080969.436305978801101 ], [ 4731785.503520464524627, 3080343.151306900661439 ], [ 4731239.594732174649835, 3080096.315373706631362 ], [ 4730907.595016452483833, 3080525.049971238244325 ], [ 4731045.423365667462349, 3081394.002370059955865 ], [ 4730644.648151392117143, 3082654.406775476876646 ], [ 4729972.844740346074104, 3082141.871422548778355 ], [ 4729491.099290437065065, 3082803.685469611547887 ] ] ] } },
{ "type": "Feature", "properties": { "featurecla": "Lake", "scalerank": 9.0, "name": null, "name_en": null, "ne_id": 1159122477.0 }, "geometry": { "type": "Polygon", "coordinates": [ [ [ 4613884.63240294251591, 3027926.735567000694573 ], [ 4615659.405529550276697, 3029118.761905414517969 ], [ 4615102.978281568735838, 3027735.469479064457119 ], [ 4614173.65827463939786, 3026303.306483281776309 ], [ 4613618.262056080624461, 3024760.728591886814684 ], [ 4614263.17106690723449, 3023024.312658649403602 ], [ 4613802.310355076566339, 3021334.4982645730488 ], [ 4611088.532032204791903, 3016698.896751724183559 ], [ 4610262.141979087144136, 3013716.424307111185044 ], [ 4609677.38742982596159, 3012809.88636607164517 ], [ 4608844.610227415338159, 3013372.403967665508389 ], [ 4609343.648576866835356, 3014938.445168068632483 ], [ 4611189.762229146435857, 3019267.593580845743418 ], [ 4611309.186622095294297, 3020241.519015804398805 ], [ 4611786.170518778264523, 3020655.229605546221137 ], [ 4612325.012724259868264, 3020885.417940315790474 ], [ 4612700.401881632395089, 3021349.844222842715681 ], [ 4612742.349092479795218, 3021898.426253783516586 ], [ 4612722.569095080718398, 3022918.133949685841799 ], [ 4612561.899062247946858, 3023855.507018980104476 ], [ 4612117.153235540725291, 3024212.596488333772868 ], [ 4611059.865312928333879, 3024617.434368310496211 ], [ 4609960.315987684763968, 3025783.67341293534264 ], [ 4607761.782360562123358, 3028851.583871052600443 ], [ 4606597.23342077434063, 3030968.345792450476438 ], [ 4606842.771933476440609, 3031990.563292440026999 ], [ 4607693.922550378367305, 3031845.684513449668884 ], [ 4608421.596695344895124, 3030470.878546032123268 ], [ 4608886.775549361482263, 3030531.494698140770197 ], [ 4608717.350672847591341, 3032266.515469240024686 ], [ 4609030.398135444149375, 3033201.887596650980413 ], [ 4609633.682514721527696, 3033216.735805400647223 ], [ 4610386.975339908152819, 3032228.894782872404903 ], [ 4611224.350901054218411, 3032913.537904923316091 ], [ 4611759.093151791021228, 3032152.869857885874808 ], [ 4612545.190475474111736, 3029476.252937357872725 ], [ 4613353.103088813833892, 3028080.595616578124464 ], [ 4613884.63240294251591, 3027926.735567000694573 ] ] ] } },
{ "type": "Feature", "properties": { "featurecla": "Lake", "scalerank": 9.0, "name": null, "name_en": null, "ne_id": 1159122489.0 }, "geometry": { "type": "Polygon", "coordinates": [ [ [ 4734099.631898721680045, 3051411.62364642508328 ], [ 4733813.482803038321435, 3051293.983833663631231 ], [ 4733238.91127356979996, 3052901.880159132648259 ], [ 4732106.993263303302228, 3053427.503431285731494 ], [ 4730486.568469713442028, 3055727.085021441336721 ], [ 4729277.313567653298378, 3057268.879779375623912 ], [ 4726940.314848057925701, 3059724.530533639248461 ], [ 4726721.242654221132398, 3061486.115264733787626 ], [ 4727778.158822799101472, 3063319.491511400789022 ], [ 4729167.709119585342705, 3064596.173457050696015 ], [ 4729911.48024542722851, 3064681.122273475863039 ], [ 4729629.340431688353419, 3062744.355740346480161 ], [ 4728684.186927652917802, 3061890.199475843925029 ], [ 4728252.523589821532369, 3061020.638194189872593 ], [ 4729524.81198438629508, 3059071.660115316044539 ], [ 4730117.64194952044636, 3058555.491661720443517 ], [ 4731351.794247515499592, 3057819.621808039024472 ], [ 4732034.991704887710512, 3057093.369950087275356 ], [ 4732398.866121452301741, 3056348.906924540642649 ], [ 4732591.318934733048081, 3055609.501820399425924 ], [ 4732829.453435309231281, 3054941.453981205821037 ], [ 4733730.497813634574413, 3053425.110803674440831 ], [ 4734099.631898721680045, 3051411.62364642508328 ] ] ] } },
{ "type": "Feature", "properties": { "featurecla": "Lake", "scalerank": 9.0, "name": null, "name_en": null, "ne_id": 1159122499.0 }, "geometry": { "type": "Polygon", "coordinates": [ [ [ 4750181.176706522703171, 3049977.657383951358497 ], [ 4749207.449623608961701, 3046932.955970338080078 ], [ 4748976.199566818773746, 3046478.631246532779187 ], [ 4746144.884191791526973, 3046697.682727368548512 ], [ 4745143.564727609977126, 3046537.283171470742673 ], [ 4746306.836720498278737, 3045568.687678140122443 ], [ 4746709.390925805084407, 3045312.410032556857914 ], [ 4746835.820120995864272, 3044049.406840172130615 ], [ 4748864.386155812069774, 3042321.811652631964535 ], [ 4749736.553348045796156, 3040569.156724262516946 ], [ 4748753.565340254455805, 3039929.914458799641579 ], [ 4748149.293187310919166, 3039897.055206662975252 ], [ 4746979.601464930921793, 3040896.437535198871046 ], [ 4746902.36795755662024, 3041140.701700121164322 ], [ 4746831.241910643875599, 3042059.637480031233281 ], [ 4746749.002148338593543, 3042335.182697486598045 ], [ 4746553.377794927917421, 3042367.993770415894687 ], [ 4746053.729795290157199, 3042159.638994129840285 ], [ 4745839.5473388498649, 3042189.508064353838563 ], [ 4745492.526610030792654, 3042454.76568915694952 ], [ 4742066.726229133084416, 3043768.308048742357641 ], [ 4741240.368438398465514, 3043700.877737859264016 ], [ 4740363.680329674854875, 3043112.397688617464155 ], [ 4739245.930469098500907, 3041523.671529796905816 ], [ 4738525.758284848183393, 3041024.618238974828273 ], [ 4738900.228062942624092, 3042623.457137477584183 ], [ 4739348.780005508102477, 3043753.05174700403586 ], [ 4739518.796740701422095, 3044838.496809543576092 ], [ 4739005.788052645511925, 3046392.851065409369767 ], [ 4738181.747601446695626, 3047513.00170779414475 ], [ 4737615.642903409898281, 3047487.391920157242566 ], [ 4735934.73965553753078, 3044655.570564380846918 ], [ 4735757.770643440075219, 3043729.633163978811353 ], [ 4735717.811536553315818, 3042055.690760058350861 ], [ 4736115.241882791742682, 3038815.350754773709923 ], [ 4736073.890821098349988, 3037750.580031464807689 ], [ 4735399.270083136856556, 3038285.496105465572327 ], [ 4735002.540735238231719, 3039473.565961851738393 ], [ 4734853.641685324721038, 3041021.408462052699178 ], [ 4734935.381192204542458, 3044241.188253819476813 ], [ 4734897.07784073241055, 3044363.422549697104841 ], [ 4734850.235726751387119, 3044901.217236085794866 ], [ 4734884.819067737087607, 3045637.869312642142177 ], [ 4735031.051981253549457, 3046404.997158395592123 ], [ 4735309.23398145660758, 3046929.999568153638393 ], [ 4736512.904488989152014, 3048210.793165992479771 ], [ 4736398.996681291610003, 3048930.450252219568938 ], [ 4735623.004916657693684, 3049032.200656620785594 ], [ 4735060.778797093778849, 3049584.782820196356624 ], [ 4734008.105846095830202, 3050924.524314108770341 ], [ 4733813.482803038321435, 3051293.983833663631231 ], [ 4734099.631898721680045, 3051411.62364642508328 ], [ 4735644.000498410314322, 3050258.17116808379069 ], [ 4737356.472718596458435, 3049242.473843021318316 ], [ 4738975.073375863954425, 3049338.924520805478096 ], [ 4738648.750882878899574, 3049479.556176457554102 ], [ 4737952.819166727364063, 3049914.388721322175115 ], [ 4737833.68783862888813, 3050665.30380984954536 ], [ 4738565.731086201965809, 3051198.496741458773613 ], [ 4739620.238444738090038, 3051494.411988290492445 ], [ 4740295.465242290869355, 3050566.903792649507523 ], [ 4741598.68376549705863, 3050879.218717786017805 ], [ 4741867.266613250598311, 3051339.097437827847898 ], [ 4746290.740714908577502, 3051950.715022616554052 ], [ 4748786.304163036867976, 3053089.991044311784208 ], [ 4749917.574552848935127, 3053849.977717462461442 ], [ 4750680.002767198719084, 3054069.336744200438261 ], [ 4751563.7456627888605, 3053538.252724952064455 ], [ 4752334.28223872743547, 3054529.407412339467555 ], [ 4752758.661881489679217, 3054020.462690610904247 ], [ 4752887.198881995864213, 3052757.581632575020194 ], [ 4752815.268576456233859, 3051558.533430782146752 ], [ 4752244.593588806688786, 3050503.455874949228019 ], [ 4751516.959904851391912, 3050417.915596170816571 ], [ 4750759.027875434607267, 3050520.133067855611444 ], [ 4750181.176706522703171, 3049977.657383951358497 ] ] ] } },
{ "type": "Feature", "properties": { "featurecla": "Lake", "scalerank": 9.0, "name": null, "name_en": null, "ne_id": 1159122511.0 }, "geometry": { "type": "Polygon", "coordinates": [ [ [ 4761139.643608991056681, 3041101.843458668794483 ], [ 4761629.306960162706673, 3041021.365510016214103 ], [ 4760441.911497485823929, 3040121.400874138809741 ], [ 4757445.168465519323945, 3040146.952555515337735 ], [ 4755500.503921704366803, 3038034.429412903264165 ], [ 4754081.657343315891922, 3037259.325963782612234 ], [ 4752358.677652517333627, 3036640.439304809086025 ], [ 4751867.419453223235905, 3037690.525058045517653 ], [ 4756411.996809986419976, 3040171.720131342764944 ], [ 4755610.067648511379957, 3040651.346516830846667 ], [ 4754862.325153142213821, 3040562.271298783365637 ], [ 4753440.862495596520603, 3039690.545891176909208 ], [ 4753679.219633738510311, 3041044.641795099712908 ], [ 4754050.605487868189812, 3042163.620508854743093 ], [ 4754813.286000782623887, 3042158.760090967174619 ], [ 4754934.859093103557825, 3041408.321975979022682 ], [ 4758899.276402129791677, 3043271.852640534751117 ], [ 4760009.815523559227586, 3043003.587007187306881 ], [ 4759858.511523324996233, 3042529.580971043091267 ], [ 4759803.235703716985881, 3042167.528729843907058 ], [ 4759758.517505881376565, 3041389.981474892701954 ], [ 4760256.472341514192522, 3041374.911070128902793 ], [ 4761139.643608991056681, 3041101.843458668794483 ] ] ] } },
{ "type": "Feature", "properties": { "featurecla": "Lake", "scalerank": 9.0, "name": null, "name_en": null, "ne_id": 1159122527.0 }, "geometry": { "type": "Polygon", "coordinates": [ [ [ 4741818.647361260838807, 3077716.899804259184748 ], [ 4743199.45080197788775, 3077668.251482904423028 ], [ 4744403.802951919846237, 3077480.236389784142375 ], [ 4745212.789866399019957, 3077182.423629695549607 ], [ 4746101.227651400491595, 3075997.601986217312515 ], [ 4745842.270702733658254, 3074887.513620748184621 ], [ 4746467.587074933573604, 3074410.622650516219437 ], [ 4746573.568243681453168, 3073753.694271618500352 ], [ 4740119.547047580592334, 3062984.473103975877166 ], [ 4738748.362630696967244, 3061858.068382415920496 ], [ 4738303.472547142766416, 3062798.135394650977105 ], [ 4739464.413130087777972, 3063882.578177236020565 ], [ 4739888.744523206725717, 3064894.565511586144567 ], [ 4741728.633459016680717, 3068860.354092662222683 ], [ 4743445.807846998795867, 3071237.683891757857054 ], [ 4743130.119839058257639, 3073303.270480195060372 ], [ 4742377.073768535628915, 3073977.206457356922328 ], [ 4741185.122988613322377, 3075006.511259862221777 ], [ 4741261.339652576483786, 3076158.720146124251187 ], [ 4741818.647361260838807, 3077716.899804259184748 ] ] ] } },
{ "type": "Feature", "properties": { "featurecla": "Lake", "scalerank": 9.0, "name": null, "name_en": null, "ne_id": 1159122673.0 }, "geometry": { "type": "Polygon", "coordinates": [ [ [ 5180182.349842238239944, 3242035.150979222729802 ], [ 5181084.507371066138148, 3240207.144074578769505 ], [ 5180933.464735167101026, 3239412.625987735111266 ], [ 5179226.430654432624578, 3237091.510292683262378 ], [ 5178531.633677077479661, 3234677.767767421435565 ], [ 5177968.653579773381352, 3234070.123533516656607 ], [ 5177126.01769070327282, 3235028.622837154194713 ], [ 5177210.218637478537858, 3235936.296931458637118 ], [ 5177016.198587711900473, 3237033.01816046750173 ], [ 5176594.213229739107192, 3238200.844475211109966 ], [ 5176002.609689597971737, 3239291.189855924807489 ], [ 5176564.929193576797843, 3239537.822334318887442 ], [ 5176896.032301226630807, 3240084.330107722431421 ], [ 5177055.682202866300941, 3240848.043730384670198 ], [ 5177089.078150775283575, 3241873.675351399928331 ], [ 5176593.231725743971765, 3241808.427308510057628 ], [ 5175267.10673988237977, 3242081.92181847197935 ], [ 5176314.12943659350276, 3244162.051700677722692 ], [ 5176909.425707858987153, 3244712.836083652451634 ], [ 5177436.476992439478636, 3243867.934988114982843 ], [ 5178997.197474293410778, 3243066.663416291587055 ], [ 5180182.349842238239944, 3242035.150979222729802 ] ] ] } },
{ "type": "Feature", "properties": { "featurecla": "Lake", "scalerank": 9.0, "name": null, "name_en": null, "ne_id": 1159122691.0 }, "geometry": { "type": "Polygon", "coordinates": [ [ [ 5179941.881701494567096, 3523143.002205915749073 ], [ 5179975.170978223904967, 3523152.403215170372277 ], [ 5179975.843583750538528, 3523086.38179184962064 ], [ 5179951.883561010472476, 3522980.298883228562772 ], [ 5179943.896349265240133, 3522944.937949021812528 ], [ 5179917.922023463994265, 3523036.919477637391537 ], [ 5179933.895410900004208, 3523107.641278821974993 ], [ 5179941.881701494567096, 3523143.002205915749073 ] ] ] } },
{ "type": "Feature", "properties": { "featurecla": "Lake", "scalerank": 9.0, "name": null, "name_en": null, "ne_id": 1159122711.0 }, "geometry": { "type": "Polygon", "coordinates": [ [ [ 5184969.622205366380513, 3525129.093377946875989 ], [ 5185459.31045245192945, 3523910.233885572291911 ], [ 5185014.62967699021101, 3522625.035728980787098 ], [ 5183543.380863710306585, 3520453.261720177717507 ], [ 5183019.762710174545646, 3520205.748292943462729 ], [ 5182510.711712027899921, 3520161.07255541253835 ], [ 5181974.315258091315627, 3520340.468061887659132 ], [ 5181419.300493327900767, 3520713.288570077158511 ], [ 5181366.646608009934425, 3520963.253167028073221 ], [ 5180915.602331892587245, 3521795.868582237511873 ], [ 5180355.420724305324256, 3522697.001568804495037 ], [ 5179975.170978223904967, 3523152.403215170372277 ], [ 5180130.740351282991469, 3524255.755904580932111 ], [ 5180658.635137922130525, 3525629.97842845087871 ], [ 5181311.814811463467777, 3526940.530687905848026 ], [ 5181961.686092304997146, 3527753.670750879216939 ], [ 5183321.939040520228446, 3528404.074956581927836 ], [ 5183964.367928932420909, 3527658.953027944080532 ], [ 5184355.642283421009779, 3526279.616570177022368 ], [ 5184969.622205366380513, 3525129.093377946875989 ] ] ] } },
{ "type": "Feature", "properties": { "featurecla": "Lake", "scalerank": 9.0, "name": null, "name_en": null, "ne_id": 1159122741.0 }, "geometry": { "type": "Polygon", "coordinates": [ [ [ 4827808.78348658233881, 3092969.365459820255637 ], [ 4828308.037712095305324, 3090612.208117490634322 ], [ 4827154.738092791289091, 3091016.851665628142655 ], [ 4826408.111189175397158, 3090528.840812713839114 ], [ 4825851.370265286415815, 3089720.871888169553131 ], [ 4825288.136046979576349, 3089265.946250900626183 ], [ 4822299.914464559406042, 3089118.484348051715642 ], [ 4821631.638614765368402, 3088613.156556800939143 ], [ 4821375.660430237650871, 3088985.986105812247843 ], [ 4821153.038410033099353, 3089171.64820103906095 ], [ 4820647.569666370749474, 3089242.61090075224638 ], [ 4820904.792500060983002, 3089288.386129395104945 ], [ 4821103.050165991298854, 3089452.421855804976076 ], [ 4821260.699780540540814, 3089737.982223015744239 ], [ 4821364.91538642719388, 3090110.594549468252808 ], [ 4821987.790790716186166, 3090125.022135098930448 ], [ 4826649.032363502308726, 3092568.02683649212122 ], [ 4826509.17180459946394, 3093347.797246443107724 ], [ 4824739.665597151964903, 3092966.382845755200833 ], [ 4823843.350933582521975, 3092999.212554707191885 ], [ 4822977.582511029206216, 3093391.756997061427683 ], [ 4823081.791332321241498, 3094504.85614012228325 ], [ 4822899.49434114061296, 3095631.173127744346857 ], [ 4823163.731068341061473, 3096483.193071830552071 ], [ 4824642.406492843292654, 3096683.373148011043668 ], [ 4824726.20142300799489, 3096215.469137297477573 ], [ 4824656.817147061228752, 3096074.268644629511982 ], [ 4824473.357132757082582, 3096041.421117182821035 ], [ 4824282.715752653777599, 3095942.90919256163761 ], [ 4826750.699128156527877, 3094324.777806453872472 ], [ 4827808.78348658233881, 3092969.365459820255637 ] ] ] } },
{ "type": "Feature", "properties": { "featurecla": "Lake", "scalerank": 9.0, "name": null, "name_en": null, "ne_id": 1159122763.0 }, "geometry": { "type": "Polygon", "coordinates": [ [ [ 4997681.313007138669491, 3432047.410517313983291 ], [ 4999611.913408160209656, 3431616.315307862590998 ], [ 4991908.565058056265116, 3421912.946126264519989 ], [ 4990058.080929445102811, 3420439.122394116595387 ], [ 4988752.404030725359917, 3420725.326568377669901 ], [ 4988487.272999900393188, 3424126.674610740505159 ], [ 4989140.676448922604322, 3427740.799629754852504 ], [ 4990338.551805751398206, 3430697.630948210135102 ], [ 4991751.036700728349388, 3432103.861972904298455 ], [ 4992733.354156970046461, 3432658.996583354659379 ], [ 4994190.754582936875522, 3434174.882034312933683 ], [ 4995186.441795147024095, 3434439.669962260406464 ], [ 4995812.479456353932619, 3434291.525228594429791 ], [ 4996438.243057175539434, 3433914.566895900294185 ], [ 4996969.020665182732046, 3433253.968303745146841 ], [ 4997368.264664605259895, 3432235.783127526286989 ], [ 4997681.313007138669491, 3432047.410517313983291 ] ] ] } },
{ "type": "Feature", "properties": { "featurecla": "Lake", "scalerank": 9.0, "name": null, "name_en": null, "ne_id": 1159122773.0 }, "geometry": { "type": "Polygon", "coordinates": [ [ [ 5037094.661905226297677, 3229067.277265270240605 ], [ 5037907.911181851290166, 3228637.172480499837548 ], [ 5038435.063869922421873, 3226284.488092464394867 ], [ 5037874.388150777667761, 3223353.978741763625294 ], [ 5036558.644936636090279, 3221160.799479071050882 ], [ 5034855.914268087595701, 3221125.307587766554207 ], [ 5034031.316628450527787, 3220869.813391614239663 ], [ 5033378.13605978153646, 3221012.102420329581946 ], [ 5030859.609725107438862, 3222808.138982209842652 ], [ 5030625.07414657343179, 3224316.632842615246773 ], [ 5030115.651147183962166, 3225306.152107122354209 ], [ 5029516.604044074192643, 3225298.536593184806406 ], [ 5028871.313937006518245, 3225410.569585806690156 ], [ 5028269.922569705173373, 3226802.222170861903578 ], [ 5028149.711455802433193, 3228141.737323966808617 ], [ 5028474.342191486619413, 3228769.751304414123297 ], [ 5029087.36172779276967, 3229203.740001338534057 ], [ 5029764.438544163480401, 3229847.919297038111836 ], [ 5030811.827823048457503, 3229047.443425954319537 ], [ 5031962.882552647963166, 3228368.726357244420797 ], [ 5033117.763063713908195, 3227919.024651411455125 ], [ 5034183.619985352270305, 3227774.585312967654318 ], [ 5035195.770360245369375, 3228106.373031803406775 ], [ 5036179.022255510091782, 3228724.792238449677825 ], [ 5037094.661905226297677, 3229067.277265270240605 ] ] ] } },
{ "type": "Feature", "properties": { "featurecla": "Lake", "scalerank": 9.0, "name": null, "name_en": null, "ne_id": 1159122787.0 }, "geometry": { "type": "Polygon", "coordinates": [ [ [ 5041591.841247572563589, 3389438.342794702388346 ], [ 5041935.322989017702639, 3388016.39753555227071 ], [ 5041672.654196280986071, 3386317.264201663434505 ], [ 5040244.148693521507084, 3385678.278327623382211 ], [ 5037341.765869999304414, 3385797.36624115658924 ], [ 5036117.426832810044289, 3387563.635731125250459 ], [ 5034822.329202227294445, 3388037.663435673806816 ], [ 5033484.06342501938343, 3388011.134077115915716 ], [ 5032081.64416484721005, 3388329.348086107522249 ], [ 5031911.4205561876297, 3389040.715899959206581 ], [ 5034415.790413471870124, 3390262.153916937764734 ], [ 5035471.66698192153126, 3391235.206117916386575 ], [ 5035140.174328691326082, 3392463.905944611877203 ], [ 5034618.130120249465108, 3393352.485686266794801 ], [ 5034734.406045373529196, 3394001.88891458325088 ], [ 5035308.080527681857347, 3394107.027647156268358 ], [ 5036972.200444504618645, 3392773.577451614197344 ], [ 5037602.714791127480567, 3392794.521528127137572 ], [ 5038249.742230912670493, 3393048.532670091837645 ], [ 5039015.306151038967073, 3393036.800188452005386 ], [ 5040271.939355245791376, 3392194.943645599298179 ], [ 5041088.578027224168181, 3390919.884243578650057 ], [ 5041591.841247572563589, 3389438.342794702388346 ] ] ] } },
{ "type": "Feature", "properties": { "featurecla": "Lake", "scalerank": 9.0, "name": null, "name_en": null, "ne_id": 1159122801.0 }, "geometry": { "type": "Polygon", "coordinates": [ [ [ 4881049.545972216874361, 3508032.495642605237663 ], [ 4882436.820702689699829, 3506661.775244454853237 ], [ 4882241.060153602622449, 3506099.074423586018384 ], [ 4881980.219683062285185, 3506011.635756138246506 ], [ 4881233.641957149840891, 3506408.84679186809808 ], [ 4879994.033002965152264, 3506246.412679907865822 ], [ 4878322.094769499264657, 3506482.660761245992035 ], [ 4876802.409318281337619, 3507077.221427573356777 ], [ 4876032.093617394566536, 3507926.481387455016375 ], [ 4875193.512128071859479, 3509771.832932607736439 ], [ 4873749.553169904276729, 3511849.510896880645305 ], [ 4872207.645036775618792, 3513483.49083647551015 ], [ 4871084.923695424571633, 3514194.853307010605931 ], [ 4872284.665303952991962, 3514868.288857892155647 ], [ 4875612.944117769598961, 3513183.744632810354233 ], [ 4877406.252633705735207, 3513102.722790502477437 ], [ 4877527.599946119822562, 3512606.618682697415352 ], [ 4877463.788870844990015, 3512495.466205495875329 ], [ 4877290.377945533022285, 3512491.73983463877812 ], [ 4877126.43352307472378, 3512359.625026675406843 ], [ 4879027.352155084721744, 3511519.421634609811008 ], [ 4880125.267580290324986, 3509859.289133062120527 ], [ 4881049.545972216874361, 3508032.495642605237663 ] ] ] } },
{ "type": "Feature", "properties": { "featurecla": "Lake", "scalerank": 2.0, "name": "Mälaren", "name_en": "Mälaren", "ne_id": 1159122891.0 }, "geometry": { "type": "MultiPolygon", "coordinates": [ [ [ [ 4445201.235225096344948, 3615420.588138892315328 ], [ 4443374.560624469071627, 3616317.74222139082849 ], [ 4442354.708071730099618, 3615852.673104926478118 ], [ 4439496.729878938756883, 3612418.524273399729282 ], [ 4438918.555906563997269, 3611357.558820731006563 ], [ 4438872.852033780887723, 3610708.243559449911118 ], [ 4438444.307706865482032, 3609631.270294253248721 ], [ 4438382.148302487097681, 3608980.240559822879732 ], [ 4438515.609823427163064, 3608350.179857552982867 ], [ 4438914.959745971485972, 3607394.241961737163365 ], [ 4439018.527637960389256, 3606889.87717074342072 ], [ 4439104.273956872522831, 3605320.493176960851997 ], [ 4438979.682525702752173, 3604018.563365063164383 ], [ 4438560.861924463883042, 3603458.303729359060526 ], [ 4437771.108766505494714, 3604050.325808117166162 ], [ 4437581.711027702316642, 3607058.230966971255839 ], [ 4435309.489620514214039, 3608104.603492543101311 ], [ 4430449.494136200286448, 3607751.732994133140892 ], [ 4430519.842804435640574, 3607082.702050377614796 ], [ 4432900.349630599841475, 3606560.620490208733827 ], [ 4432424.580920654349029, 3605286.341138503048569 ], [ 4431408.44854512065649, 3604438.3897700086236 ], [ 4430214.069882849231362, 3604183.968455314170569 ], [ 4429203.97816232778132, 3604689.966238729190081 ], [ 4430200.765197461470962, 3605567.523135107941926 ], [ 4430670.585523996502161, 3605649.106412226334214 ], [ 4429971.114669427275658, 3606026.542168533429503 ], [ 4428560.307418070733547, 3606426.208648855332285 ], [ 4427861.177675731480122, 3606804.015845023561269 ], [ 4427964.684918251819909, 3607233.545573954470456 ], [ 4428099.361637108959258, 3608310.538791814818978 ], [ 4424431.818911269307137, 3609345.749065548647195 ], [ 4422687.545776504091918, 3609165.207942390814424 ], [ 4421250.505148633383214, 3607600.006597308907658 ], [ 4422206.714788652025163, 3606957.801422569900751 ], [ 4422726.437096274457872, 3605755.459636848419905 ], [ 4423274.150335780344903, 3602527.370550339110196 ], [ 4423000.28878103941679, 3601822.891368491575122 ], [ 4422457.537616953253746, 3602765.129061997402459 ], [ 4421382.057289745658636, 3605520.317298190202564 ], [ 4420814.029898468405008, 3606073.763239280786365 ], [ 4419985.207962039858103, 3606278.501913036685437 ], [ 4417541.982098281383514, 3607606.519521086476743 ], [ 4415136.998685598373413, 3609873.627032759599388 ], [ 4412683.947213063016534, 3610849.114985661581159 ], [ 4408208.392973812296987, 3611494.815570758190006 ], [ 4409462.247737514786422, 3606854.885102418251336 ], [ 4410345.628772460855544, 3605108.190967550501227 ], [ 4411639.617176542058587, 3604368.757802373729646 ], [ 4411706.865489008836448, 3603699.435184595640749 ], [ 4401356.048276945948601, 3603348.577923625241965 ], [ 4401281.111557911150157, 3604113.723841804079711 ], [ 4403247.257150040008128, 3604564.271026969887316 ], [ 4404329.289268121123314, 3605121.578690845053643 ], [ 4404922.678453449159861, 3605952.779441671911627 ], [ 4404628.676096316426992, 3606760.704554683063179 ], [ 4402235.461064365692437, 3610162.607690584845841 ], [ 4405700.200839432887733, 3611567.2267957450822 ], [ 4406171.79394980892539, 3612451.188667084090412 ], [ 4405473.408740289509296, 3614185.018016084097326 ], [ 4404166.579868911765516, 3614763.96707059442997 ], [ 4401383.282451767474413, 3614650.645608135033399 ], [ 4396236.514217844232917, 3615693.752851624041796 ], [ 4393730.848460307344794, 3615612.493309235665947 ], [ 4390832.435495622456074, 3613628.138236086815596 ], [ 4390552.640260547399521, 3614148.618575349450111 ], [ 4390431.689800654537976, 3615070.577439309563488 ], [ 4390204.926408265717328, 3615724.923572850879282 ], [ 4387212.367296152748168, 3617710.07406879356131 ], [ 4436237.911067009903491, 3617710.07406879356131 ], [ 4437946.058778567239642, 3616892.313429025001824 ], [ 4439657.11815650574863, 3616592.73430721508339 ], [ 4442408.868794075213373, 3617710.07406879356131 ], [ 4446049.032866884954274, 3617710.07406879356131 ], [ 4449231.312728700228035, 3617118.821790677029639 ], [ 4449371.432887659408152, 3615844.88394216215238 ], [ 4445201.235225096344948, 3615420.588138892315328 ] ] ], [ [ [ 4381910.557269754819572, 3617323.032273725606501 ], [ 4382138.922453311271966, 3616636.278256026096642 ], [ 4382146.813076929189265, 3616025.474447821266949 ], [ 4381809.641679594293237, 3615768.649184834212065 ], [ 4378033.523288106545806, 3615417.525825385935605 ], [ 4377512.775354735553265, 3615723.389628370758146 ], [ 4376159.966112048365176, 3617710.07406879356131 ], [ 4381688.343538336455822, 3617710.07406879356131 ], [ 4381910.557269754819572, 3617323.032273725606501 ] ] ] ] } },
{ "type": "Feature", "properties": { "featurecla": "Reservoir", "scalerank": 7.0, "name": "Embalse de Entrepeas", "name_en": "Embalse de Entrepeñas", "ne_id": 1159125457.0 }, "geometry": { "type": "Polygon", "coordinates": [ [ [ 2963082.592319585382938, 1672983.300901315174997 ], [ 2963871.984873628243804, 1672685.076645196182653 ], [ 2961636.89249927457422, 1670761.956896595656872 ], [ 2960682.967135017737746, 1670178.681413314305246 ], [ 2959332.391862144693732, 1669663.930938062025234 ], [ 2958734.054404598660767, 1669279.587838975945488 ], [ 2956684.125525689218193, 1667585.690371895208955 ], [ 2956095.281476252712309, 1666972.291926444740966 ], [ 2955958.761174626648426, 1666183.116006083786488 ], [ 2955911.85709926718846, 1665410.934599892469123 ], [ 2955611.365506917703897, 1664747.632871048524976 ], [ 2953722.276457039173692, 1662993.758378086611629 ], [ 2952068.426345541141927, 1661101.808455462567508 ], [ 2951555.960439161863178, 1659076.910523795289919 ], [ 2953051.774457630701363, 1656833.813279770314693 ], [ 2951316.797414490953088, 1655410.849752924172208 ], [ 2949086.465948656201363, 1651569.602855628356338 ], [ 2947738.697830704040825, 1650958.09767538192682 ], [ 2946799.345221244264394, 1652195.05538631696254 ], [ 2947611.184970426373184, 1654363.321092841913924 ], [ 2949692.871020750142634, 1657416.551196059212089 ], [ 2948994.896945545449853, 1659749.519524543778971 ], [ 2950497.38943415787071, 1662545.311016204766929 ], [ 2952785.742178504355252, 1664879.491254454245791 ], [ 2954329.297736436594278, 1665782.436038882704452 ], [ 2954495.476778584998101, 1666241.352973214350641 ], [ 2955888.744369908235967, 1667853.318850930780172 ], [ 2956184.806293984409422, 1668062.178234016755596 ], [ 2956629.380957692861557, 1668700.499837362207472 ], [ 2959217.263918745331466, 1670789.002638992620632 ], [ 2961720.812092167325318, 1672470.148352568270639 ], [ 2963082.592319585382938, 1672983.300901315174997 ] ] ] } },
{ "type": "Feature", "properties": { "featurecla": "Reservoir", "scalerank": 7.0, "name": "Embalse de García de Sola", "name_en": "García Sola", "ne_id": 1159125599.0 }, "geometry": { "type": "Polygon", "coordinates": [ [ [ 2730619.961910111363977, 1559210.749094510218129 ], [ 2734839.628005707636476, 1564643.965757484547794 ], [ 2736510.550745720043778, 1563971.44203135301359 ], [ 2734569.96760281175375, 1560923.936677742050961 ], [ 2733270.965766810346395, 1559385.86087594460696 ], [ 2731679.721317557152361, 1558597.775256380671635 ], [ 2730547.618318944703788, 1557255.324341929284856 ], [ 2729714.895850153639913, 1556869.129618949256837 ], [ 2729537.27775910962373, 1556380.381075941259041 ], [ 2729465.649329057894647, 1556033.925054935971275 ], [ 2727918.174487717915326, 1557930.555836352519691 ], [ 2730619.961910111363977, 1559210.749094510218129 ] ] ] } },
{ "type": "Feature", "properties": { "featurecla": "Reservoir", "scalerank": 7.0, "name": "Embalse de Orellana", "name_en": "Orellana", "ne_id": 1159125611.0 }, "geometry": { "type": "Polygon", "coordinates": [ [ [ 2729339.580865030176938, 1555238.919537649024278 ], [ 2729046.801297184079885, 1554872.489428547909483 ], [ 2728569.337961509823799, 1554971.236330829560757 ], [ 2728032.258447634056211, 1555213.738233995856717 ], [ 2727559.744040917605162, 1555213.00889734365046 ], [ 2726684.918787736445665, 1554934.33704816037789 ], [ 2725214.982002421282232, 1554680.611193070188165 ], [ 2724370.128237697295845, 1554363.141784488689154 ], [ 2722762.482992920093238, 1553448.597943638684228 ], [ 2720487.553354816511273, 1551786.027746706269681 ], [ 2719987.602771925739944, 1551594.356040032347664 ], [ 2719655.663697330281138, 1551104.872029099846259 ], [ 2719020.859429252333939, 1548608.290954199852422 ], [ 2718620.611828124616295, 1547607.211787624517456 ], [ 2718113.409115268848836, 1546891.284059885889292 ], [ 2717457.633375765755773, 1546567.81679615820758 ], [ 2717306.679483451880515, 1545843.397278097458184 ], [ 2716622.28337081708014, 1547530.692495366092771 ], [ 2716964.697367820888758, 1549233.906433638185263 ], [ 2718691.400573838502169, 1552488.598468812648207 ], [ 2720764.408536937087774, 1557412.218989953631535 ], [ 2721763.367776051163673, 1558715.446042307885364 ], [ 2724967.939246832858771, 1556505.659737552516162 ], [ 2727918.174487717915326, 1557930.555836352519691 ], [ 2729465.649329057894647, 1556033.925054935971275 ], [ 2729339.580865030176938, 1555238.919537649024278 ] ] ] } },
{ "type": "Feature", "properties": { "featurecla": "Reservoir", "scalerank": 7.0, "name": "Embalse de Cala", "name_en": "Embalse de Cala", "ne_id": 1159125665.0 }, "geometry": { "type": "Polygon", "coordinates": [ [ [ 2733772.645623975433409, 1570707.635941466549411 ], [ 2733935.211470996495336, 1571494.73334636259824 ], [ 2734496.86020736861974, 1571378.758136393269524 ], [ 2735121.624831984750926, 1570396.348835407756269 ], [ 2736425.635700272396207, 1569372.498904111795127 ], [ 2737812.071737188845873, 1568561.795573381474242 ], [ 2738634.785299202427268, 1568228.418178012128919 ], [ 2739872.324857896193862, 1568860.20723769813776 ], [ 2740863.186388117261231, 1569903.82646131888032 ], [ 2741823.632462599314749, 1570428.663115700241178 ], [ 2750388.121774637140334, 1565068.298193874303252 ], [ 2750227.731996775604784, 1564280.68731863098219 ], [ 2747963.740617564413697, 1565103.113297603093088 ], [ 2744478.724795988760889, 1567423.238716332241893 ], [ 2742436.162799406796694, 1568202.671579892979935 ], [ 2741062.990348455496132, 1568024.910563383484259 ], [ 2742089.533399089239538, 1566698.436490272870287 ], [ 2746870.943794111721218, 1562930.654825934907421 ], [ 2747470.831288908142596, 1562250.353521102573723 ], [ 2747719.522452608682215, 1561346.403436221648008 ], [ 2747564.921299415640533, 1559901.172704838914797 ], [ 2747596.356080528348684, 1558680.501979212043807 ], [ 2748392.877875814214349, 1556647.531013104366139 ], [ 2748520.965347462333739, 1555899.430156077025458 ], [ 2749043.772799455560744, 1554020.760909825563431 ], [ 2752615.384837077464908, 1550571.256966113811359 ], [ 2753499.995702650398016, 1548390.068279354833066 ], [ 2750120.651194783858955, 1550158.73552830494009 ], [ 2748664.881189128849655, 1551406.557294619269669 ], [ 2747617.38974726665765, 1552965.506194796878844 ], [ 2746950.884830124676228, 1555201.919147688895464 ], [ 2746180.254033018369228, 1559297.588876317953691 ], [ 2745360.524828117340803, 1560712.143038062378764 ], [ 2743486.091186701320112, 1561390.810556592885405 ], [ 2742671.420606747735292, 1562017.094652722589672 ], [ 2742353.133676860947162, 1562640.265273072989658 ], [ 2742085.884246852248907, 1563449.930496946442872 ], [ 2741561.338409724645317, 1564246.719922034535557 ], [ 2740519.370118118822575, 1564755.876589807216078 ], [ 2740301.480128248222172, 1564997.538486278848723 ], [ 2738660.935868844389915, 1566187.979250182863325 ], [ 2738252.662118941545486, 1566370.404167986474931 ], [ 2738134.878841024823487, 1566788.524349631275982 ], [ 2737662.59739941265434, 1566721.564091918291524 ], [ 2737102.526989466510713, 1566475.752094009425491 ], [ 2736684.813139358535409, 1566364.795634382637218 ], [ 2736179.279181639663875, 1566074.988604787969962 ], [ 2736182.478321988135576, 1565286.466179083101451 ], [ 2736510.550745720043778, 1563971.44203135301359 ], [ 2734839.628005707636476, 1564643.965757484547794 ], [ 2733772.645623975433409, 1570707.635941466549411 ] ] ] } },
{ "type": "Feature", "properties": { "featurecla": "Reservoir", "scalerank": 9.0, "name": "Embalse de Buendía", "name_en": "Buendía", "ne_id": 1159126023.0 }, "geometry": { "type": "Polygon", "coordinates": [ [ [ 2966216.725688132923096, 1640197.429305183235556 ], [ 2967538.067448217887431, 1640004.730346566997468 ], [ 2965748.008300343062729, 1639561.979646446881816 ], [ 2963965.53585349349305, 1640256.613538059405982 ], [ 2962448.509538638405502, 1641556.797845847671852 ], [ 2961400.287224872037768, 1642907.142608028138056 ], [ 2960172.949349450413138, 1643572.98188795032911 ], [ 2952539.850946863181889, 1643977.328394048148766 ], [ 2951106.534383890684694, 1643737.385818587848917 ], [ 2950039.645643014460802, 1642816.10324242291972 ], [ 2948456.253423989750445, 1639349.108164036413655 ], [ 2948426.840776477474719, 1638605.853964116191491 ], [ 2948866.376073910854757, 1637553.513180718291551 ], [ 2949579.401946170721203, 1636714.13789278967306 ], [ 2950222.178219404071569, 1636114.786782002774999 ], [ 2950543.470222243107855, 1635310.831842410843819 ], [ 2950267.881954384967685, 1633861.76107644662261 ], [ 2949531.742508445866406, 1635648.642407963518053 ], [ 2949068.938130759634078, 1634557.403074049856514 ], [ 2948598.798643332440406, 1631124.432042725151405 ], [ 2947748.449729098938406, 1632540.93646836001426 ], [ 2946576.825517408549786, 1633395.054889942053705 ], [ 2945681.21457508392632, 1634689.61697473237291 ], [ 2945846.143020517192781, 1640290.53267680387944 ], [ 2944974.889619720634073, 1640930.221934689441696 ], [ 2943478.930648490320891, 1640767.798015103908256 ], [ 2941723.377202935516834, 1641399.524192190496251 ], [ 2944224.403196118306369, 1643403.761986903380603 ], [ 2946188.35866186581552, 1644330.741162006976083 ], [ 2946715.959689184091985, 1644434.186208067694679 ], [ 2948292.041090548504144, 1644062.7213906920515 ], [ 2948433.524227926973253, 1644233.361451781354845 ], [ 2950618.163713986985385, 1644505.131472063018009 ], [ 2950896.765274254605174, 1644391.807085430715233 ], [ 2951568.808583764359355, 1644828.460730942897499 ], [ 2952243.953911304939538, 1645427.272922140080482 ], [ 2952786.30578399123624, 1646049.088654214749113 ], [ 2953058.923486724495888, 1646619.974349128082395 ], [ 2954273.006419125013053, 1645954.800546672195196 ], [ 2960379.680722571443766, 1644415.583147760480642 ], [ 2962564.285708262585104, 1644626.36839475762099 ], [ 2962725.660938469693065, 1644045.907357361167669 ], [ 2964172.362349638715386, 1641684.648253172403201 ], [ 2965110.429432812612504, 1640776.446734512690455 ], [ 2966216.725688132923096, 1640197.429305183235556 ] ] ] } },
{ "type": "Feature", "properties": { "featurecla": "Reservoir", "scalerank": 9.0, "name": "Kauno marios", "name_en": "Kaunas", "ne_id": 1159126063.0 }, "geometry": { "type": "Polygon", "coordinates": [ [ [ 4879381.108850119635463, 3189875.778798651415855 ], [ 4880339.273696723394096, 3187832.634228013455868 ], [ 4879714.053499408997595, 3185868.678743291646242 ], [ 4876395.937534282915294, 3186612.92869519488886 ], [ 4874795.307733399793506, 3186205.584630818106234 ], [ 4874960.250058468431234, 3183426.621119040530175 ], [ 4874684.338440325111151, 3183308.580246684607118 ], [ 4874564.205510846339166, 3183446.86460756091401 ], [ 4874515.98039229400456, 3183695.994098814204335 ], [ 4874395.683968315832317, 3184028.098413589410484 ], [ 4873751.580129724927247, 3186488.127465556841344 ], [ 4875339.256216196343303, 3187538.837054228875786 ], [ 4877616.7496391935274, 3188013.40361291822046 ], [ 4879149.943736938759685, 3188764.240017764270306 ], [ 4878261.368490177206695, 3189399.130915519781411 ], [ 4877798.890700393356383, 3189858.511144453193992 ], [ 4877546.280221818946302, 3190294.113014333881438 ], [ 4877168.115779859013855, 3190608.357908157631755 ], [ 4876539.543990853242576, 3190292.280443741008639 ], [ 4875528.06862102728337, 3189546.531485200393945 ], [ 4875246.08086044806987, 3189750.325616776477545 ], [ 4874897.827926171943545, 3190199.785687424708158 ], [ 4874423.842554662376642, 3190624.888603040482849 ], [ 4872560.469215896911919, 3190716.414628610014915 ], [ 4872326.255942113697529, 3191252.700243488885462 ], [ 4872439.198268159292638, 3192017.698021604679525 ], [ 4872294.69610117841512, 3192668.2793073290959 ], [ 4871868.883024502545595, 3193232.141302172094584 ], [ 4871670.786146151833236, 3193678.502669875044376 ], [ 4871335.303064770996571, 3193872.130589057691395 ], [ 4870545.120560101233423, 3193816.385592657141387 ], [ 4869161.914541487582028, 3194324.871583975385875 ], [ 4868533.497087513096631, 3194203.731060650665313 ], [ 4865455.918825564906001, 3189864.710345204919577 ], [ 4864797.391605276614428, 3190578.24450684664771 ], [ 4864420.473347648978233, 3191281.210064504761249 ], [ 4864342.992629408836365, 3191976.978858498390764 ], [ 4864528.896645865403116, 3192658.646698024589568 ], [ 4865606.509409703314304, 3192671.587197956163436 ], [ 4868299.20843493193388, 3195709.375294572673738 ], [ 4869572.918293721973896, 3196633.541274503804743 ], [ 4871111.374042315408587, 3195993.721610430628061 ], [ 4874432.93066490162164, 3192500.827078158035874 ], [ 4876129.038453860208392, 3191925.240898456424475 ], [ 4877717.622213043272495, 3191426.227289375849068 ], [ 4879381.108850119635463, 3189875.778798651415855 ] ] ] } },
{ "type": "Feature", "properties": { "featurecla": "Alkaline Lake", "scalerank": 2.0, "name": "IJsselmeer", "name_en": "IJsselmeer", "ne_id": 1159126631.0 }, "geometry": { "type": "Polygon", "coordinates": [ [ [ 3729620.970507194288075, 2863594.883434223942459 ], [ 3729385.215674279723316, 2861452.94483499461785 ], [ 3728454.755768860690296, 2859001.330025040078908 ], [ 3727078.086475545540452, 2856891.924421449191868 ], [ 3724201.042053463868797, 2853283.374826720450073 ], [ 3722681.562279113102704, 2851785.395011284854263 ], [ 3720465.477134713437408, 2850327.943344408180565 ], [ 3718136.601754950359464, 2849290.014027810655534 ], [ 3714240.72744167316705, 2848345.164464523084462 ], [ 3712152.08853979408741, 2846820.407466788776219 ], [ 3708919.548303232993931, 2843399.734148488845676 ], [ 3706485.812719172332436, 2838474.689975456800312 ], [ 3705641.865936223883182, 2837701.593533436767757 ], [ 3699898.796347567345947, 2836657.839030803181231 ], [ 3697104.570623052772135, 2837084.613348892889917 ], [ 3694322.081180693116039, 2838621.810457339510322 ], [ 3688505.752772201783955, 2843461.164161220192909 ], [ 3687159.240887019317597, 2843674.510052501689643 ], [ 3684330.772448846604675, 2843508.724678335245699 ], [ 3682777.704578660894185, 2843831.840099027846009 ], [ 3681613.149523048661649, 2844447.055063375737518 ], [ 3678435.883012901060283, 2846939.422303490806371 ], [ 3677133.045152207370847, 2847501.546202344354242 ], [ 3674191.627132439054549, 2847951.784592633601278 ], [ 3673132.299622462131083, 2848371.841240062844008 ], [ 3669203.967109229881316, 2851143.411700994707644 ], [ 3669605.488071675878018, 2851623.466826557647437 ], [ 3670043.41020193323493, 2851783.935870971530676 ], [ 3670163.618929241318256, 2851839.186234716325998 ], [ 3670217.294818488880992, 2852628.38208136241883 ], [ 3671172.38417146820575, 2852404.95023537427187 ], [ 3671526.5707619022578, 2852190.664873916190118 ], [ 3671960.296935568097979, 2851717.322411716450006 ], [ 3672013.680442606564611, 2852506.5380898588337 ], [ 3672984.230364786460996, 2851648.170897138305008 ], [ 3673659.633618781808764, 2852744.321417050436139 ], [ 3674272.151775734033436, 2854352.179662485606968 ], [ 3675123.078396318480372, 2855183.016244456171989 ], [ 3675852.169636871665716, 2855356.180074475705624 ], [ 3676589.292480079457164, 2855941.168793690856546 ], [ 3677270.072340381797403, 2856847.131291887257248 ], [ 3677806.754994939547032, 2857921.320798235014081 ], [ 3676781.378339692950249, 2858528.749410423915833 ], [ 3676340.983970590401441, 2859477.831664298661053 ], [ 3675997.206473503261805, 2860420.503934965934604 ], [ 3675287.466950795147568, 2861102.330289860721678 ], [ 3676619.452373107895255, 2861615.708136041648686 ], [ 3677163.504487446509302, 2861642.812974478118122 ], [ 3676928.81008340511471, 2862768.437012888025492 ], [ 3676765.587551612406969, 2863223.326677319128066 ], [ 3678187.902093428187072, 2864523.88847929937765 ], [ 3677863.659398216754198, 2867209.421205513179302 ], [ 3676028.785832310561091, 2872152.775463166646659 ], [ 3675337.014038282446563, 2875370.893635216169059 ], [ 3675423.615555016789585, 2878092.754445218481123 ], [ 3676505.089744270313531, 2879827.98949455935508 ], [ 3678835.252841065637767, 2880052.816581820137799 ], [ 3680539.132924803998321, 2879273.586677137762308 ], [ 3680979.275242038071156, 2878927.292978384066373 ], [ 3682052.850466425996274, 2877651.228784737177193 ], [ 3683004.818941183388233, 2877747.147956302855164 ], [ 3683990.435517402831465, 2878063.045169341843575 ], [ 3688167.724401304963976, 2880296.468774629756808 ], [ 3689282.192260830663145, 2881429.588481785729527 ], [ 3690312.721285509411246, 2883963.693130856379867 ], [ 3691309.756046713329852, 2884787.653630296699703 ], [ 3693546.324679332319647, 2885723.038991868961602 ], [ 3693403.685923202428967, 2886810.331332150381058 ], [ 3693306.481053550262004, 2888307.010448293760419 ], [ 3693141.821883512660861, 2889649.448632306419313 ], [ 3692718.095754125155509, 2890247.329702858347446 ], [ 3689498.307755426503718, 2891944.657984423451126 ], [ 3688467.814660445787013, 2892074.729130859486759 ], [ 3687559.159275276120752, 2892006.810836238320917 ], [ 3686768.127351290080696, 2891677.669960293918848 ], [ 3686052.178411975037307, 2891026.587703375145793 ], [ 3685112.259306775871664, 2890485.406430426053703 ], [ 3684338.422378945164382, 2891011.873424065299332 ], [ 3683683.403959882445633, 2891879.554382330738008 ], [ 3683022.811827959492803, 2892367.096613867208362 ], [ 3682216.355472730007023, 2893847.651739024091512 ], [ 3682516.361332491971552, 2900710.944017722271383 ], [ 3682326.853117946535349, 2903070.812331521883607 ], [ 3679540.09433978702873, 2909917.97715043509379 ], [ 3678242.175304074771702, 2911147.050551211927086 ], [ 3681025.580626505892724, 2912071.237856116145849 ], [ 3683944.915074191056192, 2913622.462272194679826 ], [ 3694804.812840619590133, 2922021.505166844464839 ], [ 3700487.228719447273761, 2925151.138752620201558 ], [ 3701046.931191162206233, 2922800.584438550751656 ], [ 3701423.580120221246034, 2921793.765197657048702 ], [ 3701982.975791297852993, 2920648.727272509597242 ], [ 3702585.905829180497676, 2920198.854239185340703 ], [ 3702789.139186282642186, 2918854.098115170840174 ], [ 3702626.51789401518181, 2917468.66788921225816 ], [ 3702147.650061700027436, 2916229.793530638795346 ], [ 3702702.139668300747871, 2914990.101391778327525 ], [ 3702861.248705685138702, 2913235.86353934975341 ], [ 3702486.279876025393605, 2911514.807225107215345 ], [ 3701342.90664378227666, 2910380.778728386387229 ], [ 3702114.819980587810278, 2908620.131837983150035 ], [ 3701469.828097850549966, 2907803.970013091340661 ], [ 3700384.020540876779705, 2907300.847009589895606 ], [ 3699579.137368968687952, 2906082.620624442119151 ], [ 3699189.155992856714875, 2905980.208737852983177 ], [ 3698861.685379061847925, 2905651.897081892471761 ], [ 3698756.024378114845604, 2904580.229013453703374 ], [ 3698941.718126327730715, 2903870.851703830529004 ], [ 3699323.265714108012617, 2903529.781657310202718 ], [ 3699783.302174419630319, 2903215.548425460234284 ], [ 3700191.351771110203117, 2902682.615911287255585 ], [ 3701514.171864743810147, 2901426.775836867745966 ], [ 3703527.015336597338319, 2900762.929780672769994 ], [ 3707648.285702148452401, 2900351.638582311104983 ], [ 3708457.263015172444284, 2900080.477744700852782 ], [ 3709926.34821480885148, 2898976.81121886940673 ], [ 3710907.859248195774853, 2898695.668300298508257 ], [ 3711967.717413929756731, 2898758.82123906025663 ], [ 3712677.264394607394934, 2899065.105465209111571 ], [ 3714132.135592889972031, 2899961.2111692186445 ], [ 3715225.753479237202555, 2900276.710174920968711 ], [ 3716224.042432515416294, 2900281.015549405943602 ], [ 3720850.177500727586448, 2898646.511690280865878 ], [ 3721584.341785890515894, 2898064.923094770405442 ], [ 3719220.38788998965174, 2897695.246652678120881 ], [ 3717224.974653617478907, 2896417.248011275194585 ], [ 3715510.982015337329358, 2894394.13221379276365 ], [ 3714051.051857894286513, 2891817.468340082094073 ], [ 3713337.336665019392967, 2889196.699137364048511 ], [ 3712609.59011656139046, 2884738.021404068917036 ], [ 3712454.918860497884452, 2880530.644700053613633 ], [ 3713517.565459735691547, 2878628.624991621356457 ], [ 3714285.183338644914329, 2877917.3448645346798 ], [ 3715687.761323637794703, 2874886.266972471028566 ], [ 3716179.686350230127573, 2874064.802998350467533 ], [ 3717218.857155166100711, 2873686.818648143205792 ], [ 3725881.31147756613791, 2873662.668819193728268 ], [ 3727019.158081179950386, 2873312.930231360718608 ], [ 3727904.975709305144846, 2872597.315085178706795 ], [ 3728512.535285937134176, 2871390.38878070935607 ], [ 3728855.790128958411515, 2869596.190955631900579 ], [ 3729462.517302840016782, 2865600.424858908634633 ], [ 3729620.970507194288075, 2863594.883434223942459 ] ], [ [ 3728627.917183801531792, 2864157.582343919668347 ], [ 3727603.985416031908244, 2868969.307853505481035 ], [ 3717393.82072818512097, 2872059.891498754732311 ], [ 3715737.389790726359934, 2874090.827793354634196 ], [ 3714508.31569409230724, 2873212.33282922860235 ], [ 3710643.649846864398569, 2872174.316029981244355 ], [ 3709461.120377203449607, 2871452.75583582604304 ], [ 3706400.433684536255896, 2868752.850786527153105 ], [ 3705778.619172206148505, 2868695.558875056914985 ], [ 3704438.736997538246214, 2868904.133252262603492 ], [ 3703911.124367760960013, 2868492.578331063035876 ], [ 3702083.426738371141255, 2864546.785194380674511 ], [ 3701171.487408800516278, 2863873.852177483029664 ], [ 3698641.900221169926226, 2863016.226359480060637 ], [ 3695520.172116151079535, 2860453.292823924683034 ], [ 3690496.920301424339414, 2858806.015906954184175 ], [ 3687520.552670008502901, 2856206.875383844599128 ], [ 3683282.273369450122118, 2854230.732387571129948 ], [ 3681288.925834595225751, 2852522.243042037356645 ], [ 3680126.94683557190001, 2851964.56479966128245 ], [ 3680673.627964785322547, 2850247.949976263567805 ], [ 3680765.109337321482599, 2848688.198650100734085 ], [ 3681148.182025939226151, 2847426.389121192973107 ], [ 3682471.523448741063476, 2846578.660986106842756 ], [ 3685460.145082145929337, 2846542.646434485912323 ], [ 3686552.339546408969909, 2846313.479523384012282 ], [ 3690950.40821421565488, 2844319.538688825443387 ], [ 3692985.630281567573547, 2843017.474314809311181 ], [ 3696717.6125368764624, 2839613.023004472721368 ], [ 3698435.039817096665502, 2838777.105523170437664 ], [ 3702785.824177217669785, 2838699.424066503532231 ], [ 3705185.310148047748953, 2839472.56744261784479 ], [ 3706678.634873744565994, 2841347.432027478236705 ], [ 3707247.001790394540876, 2844007.390341524034739 ], [ 3706903.528408933896571, 2847324.649615339469165 ], [ 3708799.297901602927595, 2848193.167397728655487 ], [ 3709746.196696656290442, 2848453.415114659350365 ], [ 3710834.462195092346519, 2848483.538831980898976 ], [ 3711809.884955352172256, 2848900.96098334947601 ], [ 3713323.0391472755, 2850871.573060669470578 ], [ 3714143.199401376768947, 2851298.609159264713526 ], [ 3715863.823687982745469, 2851546.154538071714342 ], [ 3719100.893446371890604, 2852878.920287588145584 ], [ 3721033.067648406606168, 2853115.998735895380378 ], [ 3722925.128139918670058, 2853673.059789533726871 ], [ 3724738.976061204448342, 2855249.448468380607665 ], [ 3726308.260853892657906, 2857315.668954499531537 ], [ 3727467.667284924071282, 2859342.019298522267491 ], [ 3728470.607865463010967, 2862042.952301610261202 ], [ 3728627.917183801531792, 2864157.582343919668347 ] ] ] } },
{ "type": "Feature", "properties": { "featurecla": "Alkaline Lake", "scalerank": 3.0, "name": "Kaliningradskiy Zaliv", "name_en": "Vistula Lagoon", "ne_id": 1159126681.0 }, "geometry": { "type": "Polygon", "coordinates": [ [ [ 4616716.939570187591016, 3122944.877644317224622 ], [ 4616987.233792881481349, 3123557.269594917073846 ], [ 4617385.076155661605299, 3124186.894538748078048 ], [ 4618155.910572668537498, 3124802.937360054347664 ], [ 4618963.566436920315027, 3125008.102416806854308 ], [ 4619705.551921057514846, 3125012.511995062232018 ], [ 4620268.821943197399378, 3125376.844299062155187 ], [ 4620493.929547173902392, 3126591.478855118155479 ], [ 4619539.475628050044179, 3127198.18874365510419 ], [ 4619109.257353167980909, 3128868.101665340829641 ], [ 4619082.13110176846385, 3130848.674442909657955 ], [ 4619282.48614455293864, 3132380.055854477453977 ], [ 4619838.802338627167046, 3133607.720526678487659 ], [ 4620713.500620454549789, 3134398.660467258188874 ], [ 4621798.672958800569177, 3134866.369378642644733 ], [ 4623022.802598536014557, 3135129.249214387033135 ], [ 4624318.862610621377826, 3134730.066326084546745 ], [ 4624803.341038323007524, 3133355.819447328336537 ], [ 4625121.138225850649178, 3131574.688713567331433 ], [ 4625863.157218521460891, 3129947.688928029499948 ], [ 4627222.577624678611755, 3128693.517691481858492 ], [ 4628037.017217552289367, 3128709.271228515077382 ], [ 4629439.355416406877339, 3130790.866762173362076 ], [ 4633086.185717252083123, 3133663.884280670899898 ], [ 4647414.523603154346347, 3134807.820698675699532 ], [ 4647530.268419739790261, 3133991.401636283844709 ], [ 4643313.802029679529369, 3131249.808490509632975 ], [ 4642468.055083565413952, 3130266.155361343640834 ], [ 4641203.205309750512242, 3128295.255632260348648 ], [ 4640484.55199264921248, 3127458.045638541691005 ], [ 4638873.29830674175173, 3126624.333894341252744 ], [ 4631363.492131529375911, 3121004.249259879346937 ], [ 4630215.375548604875803, 3120430.024237669538707 ], [ 4629638.081278048455715, 3120030.560495066456497 ], [ 4629023.763486942276359, 3118409.835758569650352 ], [ 4628395.627132513560355, 3117971.601595760323107 ], [ 4627597.588482551276684, 3117958.275778501294553 ], [ 4627143.243748380802572, 3118152.125112626235932 ], [ 4626677.124169716611505, 3118568.436572150792927 ], [ 4625861.040667107328773, 3119096.99702924862504 ], [ 4623389.239601420238614, 3118952.084913345053792 ], [ 4622245.017763274721801, 3116012.559994149953127 ], [ 4621281.351754629984498, 3112138.180909650865942 ], [ 4619361.834499910473824, 3109255.217477204278111 ], [ 4615479.84735148306936, 3106813.953680710401386 ], [ 4611534.62186648696661, 3114188.010220270138234 ], [ 4616716.939570187591016, 3122944.877644317224622 ] ] ] } },
{ "type": "Feature", "properties": { "featurecla": "Alkaline Lake", "scalerank": 3.0, "name": "Zalew Wislany", "name_en": "Vistula Lagoon", "ne_id": 1159126693.0 }, "geometry": { "type": "Polygon", "coordinates": [ [ [ 4614342.03809049911797, 3106405.778209910728037 ], [ 4614034.727187428623438, 3105916.881237066350877 ], [ 4613839.500662473030388, 3104867.227573172654957 ], [ 4613570.864666567184031, 3103807.813209152314812 ], [ 4613010.989476772025228, 3103253.355664327740669 ], [ 4611264.361216095276177, 3102509.109462612308562 ], [ 4610669.045845559798181, 3102078.21666311705485 ], [ 4609982.788145044818521, 3102051.115399438422173 ], [ 4610155.254712324589491, 3101594.266576688736677 ], [ 4610474.460479638539255, 3100453.302203729283065 ], [ 4610646.992159479297698, 3099996.478271842934191 ], [ 4609704.620569080114365, 3099647.654183057136834 ], [ 4609346.962954262271523, 3098544.954269325360656 ], [ 4609174.929070978425443, 3097306.985874029807746 ], [ 4608695.321352314203978, 3096699.928028400056064 ], [ 4607831.419040930457413, 3096457.903573775198311 ], [ 4607033.136388141661882, 3096000.866732340306044 ], [ 4603387.670458800159395, 3092484.489712476730347 ], [ 4600972.393844840116799, 3091817.273827218450606 ], [ 4599997.242846838198602, 3091274.661401568446308 ], [ 4595546.229638524353504, 3087565.18053175881505 ], [ 4594784.256435048766434, 3087243.159794786944985 ], [ 4594040.231696669943631, 3086635.941914687864482 ], [ 4592648.917783007025719, 3084954.985417150892317 ], [ 4591397.406512698158622, 3082174.028517285827547 ], [ 4591063.272123920731246, 3081715.835864549037069 ], [ 4590701.987700534984469, 3081030.520523187238723 ], [ 4589970.74211688991636, 3077965.391589913517237 ], [ 4589246.084458826109767, 3077042.222381415776908 ], [ 4589082.596877071075141, 3078619.00646752724424 ], [ 4589176.066450150683522, 3079940.99268597504124 ], [ 4589493.552151279523969, 3080972.048716579563916 ], [ 4590014.278227924369276, 3081581.744435803499073 ], [ 4589909.873251002281904, 3082399.239886839408427 ], [ 4588461.843773447908461, 3082022.815218273550272 ], [ 4582812.783661630004644, 3082041.521335165016353 ], [ 4581133.837041741237044, 3082756.493243622593582 ], [ 4581059.826871950179338, 3083641.733682020101696 ], [ 4581127.820861723273993, 3084289.264203859493136 ], [ 4581352.228202069178224, 3084732.853520262055099 ], [ 4581729.08850044477731, 3085003.972458538599312 ], [ 4581037.926301529631019, 3085300.319717759266496 ], [ 4579344.293242352083325, 3087036.299846628680825 ], [ 4579261.364436201751232, 3087696.8142283950001 ], [ 4581711.41373529098928, 3088995.575738479848951 ], [ 4587071.327140365727246, 3090154.070139519870281 ], [ 4589601.556945810094476, 3091243.920658607501537 ], [ 4592100.980035865679383, 3093002.541937371250242 ], [ 4608845.995215456932783, 3109640.271332334727049 ], [ 4611534.62186648696661, 3114188.010220270138234 ], [ 4615479.84735148306936, 3106813.953680710401386 ], [ 4614342.03809049911797, 3106405.778209910728037 ] ] ] } }
]
}
