{
"type": "FeatureCollection",
"name": "rivers",
"crs": { "type": "name", "properties": { "name": "urn:ogc:def:crs:EPSG::3034" } },
"features": [
{ "type": "Feature", "properties": { "featurecla": "River", "scalerank": 9.0, "rivernum": 984.0, "name": "Oum Er Rbia", "name_en": "Oum Er-Rbia", "strokeweig": 0.2 }, "geometry": { "type": "LineString", "coordinates": [ [ 2307288.355124336667359, 967325.395516966702417 ], [ 2301897.718904039822519, 971545.725003717700019 ], [ 2300354.895381866954267, 972900.691488259937614 ], [ 2298808.429168727714568, 974248.594191942363977 ], [ 2298024.923033474013209, 975339.108022339874879 ], [ 2296633.864537928253412, 974159.845035624224693 ], [ 2295829.88971833884716, 977240.519575018202886 ], [ 2296768.794799321331084, 983256.743049015058205 ] ] } },
{ "type": "Feature", "properties": { "featurecla": "River", "scalerank": 9.0, "rivernum": 1049.0, "name": "Moulouya", "name_en": "Moulouya", "strokeweig": 0.2 }, "geometry": { "type": "LineString", "coordinates": [ [ 2765738.814416107255965, 967325.395516966702417 ], [ 2767464.290953220799565, 971305.331847137771547 ], [ 2769165.570910634938627, 973356.719418729888275 ], [ 2775255.926982418168336, 978204.302113547921181 ], [ 2780153.248923440929502, 985129.314748683944345 ], [ 2784110.978238602168858, 988884.078252888051793 ], [ 2784817.311186630278826, 989951.434190864907578 ], [ 2785803.926007818430662, 992138.346862894715741 ], [ 2786307.115092670544982, 993021.579560112440959 ], [ 2791111.637060263194144, 998823.305552697042003 ], [ 2792705.029194751754403, 999951.378038783557713 ], [ 2800136.882496817503124, 1003263.937786741415039 ], [ 2800914.16649331478402, 1004084.412306515267119 ], [ 2801289.452994477003813, 1004905.162523698993027 ], [ 2801756.885391927324235, 1005552.228088702308014 ], [ 2802813.302547686267644, 1005867.852407803991809 ], [ 2804373.063784248195589, 1006829.849728701636195 ], [ 2807558.193208806682378, 1010948.01519240392372 ], [ 2809861.410929668229073, 1012100.662835394497961 ], [ 2812432.240269587375224, 1012506.363814314827323 ], [ 2813580.891063597053289, 1012941.854896097676829 ], [ 2817848.516125921159983, 1015809.348008088069037 ], [ 2818630.836501185316592, 1016627.028678520349786 ], [ 2818902.121198973618448, 1017427.581395480316132 ], [ 2818683.233157034963369, 1018160.469197073020041 ], [ 2818331.644209285266697, 1018850.707579668611288 ], [ 2818048.733599741011858, 1020366.227734216954559 ], [ 2817778.711025210097432, 1021207.326181523269042 ], [ 2817957.393299706280231, 1022062.657074067043141 ], [ 2819179.093028350267559, 1022948.299037302378565 ], [ 2828024.971872062422335, 1025647.120219834614545 ], [ 2830342.025451431982219, 1027063.247615348780528 ], [ 2845426.534095848910511, 1041543.441428205231205 ], [ 2852724.65995957236737, 1046177.305164794204757 ], [ 2860039.145049141719937, 1048199.592031029984355 ], [ 2861263.554822018370032, 1047989.917949668830261 ], [ 2862394.155877206008881, 1047549.168050290318206 ], [ 2863640.425040218513459, 1047294.991490159649402 ], [ 2865227.89227197598666, 1047661.63987254910171 ], [ 2866653.693866237998009, 1048435.355905991978943 ], [ 2867465.35757414624095, 1049203.8991709491238 ], [ 2873315.482741663698107, 1057791.692998822312802 ], [ 2875110.777340688742697, 1059725.660564940888435 ], [ 2876791.373098192270845, 1060987.209112425567582 ], [ 2880950.610518306493759, 1063118.34548982582055 ] ] } },
{ "type": "Feature", "properties": { "featurecla": "River", "scalerank": 8.0, "rivernum": 817.0, "name": "Oued Sebou", "name_en": "Sebou", "strokeweig": 0.2 }, "geometry": { "type": "LineString", "coordinates": [ [ 2649023.703488449566066, 967325.395516966702417 ], [ 2648393.432631765026599, 968514.271470887819305 ], [ 2645199.331316134892404, 971398.940493084955961 ], [ 2642199.270247680135071, 976630.372695553814992 ], [ 2640727.314485468901694, 978157.237628424074501 ], [ 2636643.077607722952962, 981015.980743421474472 ], [ 2633121.661992257460952, 986172.254777521826327 ], [ 2631828.590073035564274, 987401.442650675773621 ], [ 2627911.151047480292618, 990302.081326740793884 ], [ 2627348.799626919440925, 991652.192795811453834 ], [ 2627858.05950264306739, 993385.317113373661414 ], [ 2629827.804892670363188, 998096.805284769507125 ], [ 2629997.888500056229532, 999357.770335504319519 ], [ 2629462.911723636090755, 1001986.354085278697312 ], [ 2629057.153627134393901, 1003034.842876992886886 ], [ 2628555.064063652418554, 1003803.456803439650685 ], [ 2628391.58495510276407, 1004716.370670392876491 ], [ 2628965.136495807208121, 1006166.283898808062077 ], [ 2631718.178310276009142, 1009666.44958759075962 ], [ 2632317.426753202453256, 1011133.052479306003079 ], [ 2631544.619860560633242, 1012724.846990083344281 ], [ 2631218.379601251333952, 1012694.539263091050088 ], [ 2629346.395551857538521, 1012953.093387721804902 ], [ 2628591.85027211625129, 1013293.585488567594439 ], [ 2627738.890888452529907, 1014455.893769664457068 ], [ 2627239.40889332164079, 1015678.871008621063083 ], [ 2626528.621319394558668, 1016701.242337722564116 ], [ 2625026.430356894619763, 1017231.94183976855129 ], [ 2617507.867091316729784, 1018394.584037241060287 ], [ 2616779.697552491910756, 1018703.387602782808244 ], [ 2616061.055428933817893, 1018768.948591197142377 ], [ 2614159.787607405334711, 1017506.606357644079253 ], [ 2613388.503257071599364, 1018296.403472141362727 ], [ 2612092.907068191096187, 1020951.477407248457894 ], [ 2610491.533088822849095, 1022130.616557160392404 ], [ 2608748.280904937069863, 1022582.296625535236672 ], [ 2606928.437029695138335, 1022489.917218866758049 ], [ 2598097.849130950402468, 1020690.464996302034706 ], [ 2594692.642103456892073, 1020750.725206184666604 ], [ 2589115.786249553319067, 1022037.344010965665802 ], [ 2587336.146529632620513, 1022735.6292827015277 ], [ 2585906.696503099054098, 1023954.556950306287035 ], [ 2582829.763507100753486, 1030957.821103302994743 ], [ 2581343.773596134968102, 1033197.978665791451931 ], [ 2579681.98909239564091, 1034543.040763678494841 ], [ 2577766.097095680423081, 1035687.358590294141322 ], [ 2576582.802255698479712, 1037111.78443714696914 ], [ 2574453.616732208989561, 1040804.748087570769712 ], [ 2573337.597002287395298, 1041160.330394039396197 ], [ 2562217.863030615728348, 1042057.44335558777675 ], [ 2560668.053592596203089, 1042803.397183989407495 ], [ 2559140.881630826741457, 1044397.749721486587077 ], [ 2556421.580444097518921, 1048717.990438683191314 ], [ 2554542.63960078265518, 1052631.8646033431869 ], [ 2553342.820391685236245, 1054370.681719283107668 ], [ 2551767.989550131838769, 1055166.435109649319202 ], [ 2548004.594580551143736, 1053228.615221353480592 ], [ 2547336.532247592695057, 1054647.139020367292687 ], [ 2547432.700108109042048, 1059085.308681163005531 ], [ 2547107.360633446834981, 1060226.034052913775668 ], [ 2546412.354180186055601, 1060905.957996906014159 ], [ 2545984.218705566134304, 1061638.651176371611655 ], [ 2547017.198726072441787, 1064445.93225597939454 ], [ 2546852.025477210059762, 1065601.501037024892867 ], [ 2546175.713686539791524, 1066499.609773735515773 ], [ 2545270.738199117593467, 1067234.065436067292467 ], [ 2544457.776256279088557, 1067612.379409562796354 ], [ 2542833.171651992015541, 1067746.81578910863027 ], [ 2542082.138259120285511, 1067925.723824789049104 ], [ 2541165.815226572565734, 1068502.215747992973775 ], [ 2539445.971265607513487, 1069978.072144076460972 ], [ 2531815.837583594955504, 1073344.316523774061352 ], [ 2528633.384318309370428, 1073549.848423137096688 ], [ 2524976.969352651387453, 1072278.055963413091376 ], [ 2518198.656448765657842, 1067973.351518680108711 ], [ 2514448.092142505571246, 1066392.742663134820759 ], [ 2510816.969601334072649, 1066483.575398500310257 ], [ 2509402.635043496266007, 1067618.988220198079944 ], [ 2508484.57774970959872, 1068932.450076604029164 ], [ 2507494.415305871050805, 1069299.845433854265139 ], [ 2504484.278960354626179, 1066333.347531773848459 ], [ 2503055.923057341948152, 1065996.008332768687978 ], [ 2501576.548903223592788, 1065954.268776225857437 ], [ 2500092.450895566493273, 1065627.26788117736578 ], [ 2499323.677720387466252, 1064938.361299136187881 ], [ 2498934.712380402721465, 1064074.5131520035211 ], [ 2498446.422401836141944, 1063322.166880240198225 ], [ 2496503.097231432795525, 1062620.826090512331575 ], [ 2496009.68157487269491, 1061847.403050169348717 ], [ 2496004.427795995026827, 1060938.329236576799303 ], [ 2496556.059777748771012, 1060145.327921181218699 ], [ 2497877.094279140233994, 1058969.566886777058244 ], [ 2497463.668363247998059, 1058834.807480617426336 ], [ 2495605.233796607702971, 1059247.102425086311996 ], [ 2495165.840838552452624, 1059171.247234391979873 ], [ 2494749.117783279158175, 1059338.055637144949287 ], [ 2494258.713255675509572, 1059393.530903593637049 ], [ 2493609.95202050358057, 1058994.947935759322718 ], [ 2493434.312689028680325, 1058383.279908746946603 ], [ 2493824.862001441419125, 1056746.674747364362702 ], [ 2493812.178986032959074, 1056181.543604526435956 ], [ 2493188.820035333745182, 1055264.763949362561107 ], [ 2492628.890140617266297, 1054770.771102271275595 ], [ 2492036.193162847775966, 1054356.628812027862296 ], [ 2489858.592725210823119, 1052160.666816612239927 ], [ 2488215.315307933371514, 1051548.077022260287777 ], [ 2487575.550555188208818, 1051498.571331023005769 ], [ 2486134.728351180441678, 1051706.647443226305768 ], [ 2485267.622879405505955, 1051430.538323105545714 ], [ 2484637.270926398225129, 1050794.117381187854335 ], [ 2483714.278543600812554, 1049026.403525259578601 ], [ 2483169.097529273945838, 1048328.759112148312852 ], [ 2481193.821314356289804, 1047232.902978501748294 ], [ 2481019.633240098133683, 1048415.14098643604666 ], [ 2481016.701097850687802, 1050123.880336113506928 ], [ 2479574.647115677595139, 1050592.696125473827124 ], [ 2477872.646590271499008, 1049622.111897077411413 ], [ 2476455.13522513397038, 1048280.043961813673377 ], [ 2474952.277119929902256, 1047294.868365000933409 ], [ 2472400.246725497767329, 1047448.210755291162059 ] ] } },
{ "type": "Feature", "properties": { "featurecla": "River", "scalerank": 9.0, "rivernum": 987.0, "name": null, "name_en": null, "strokeweig": 0.15 }, "geometry": { "type": "LineString", "coordinates": [ [ 5261896.747150736860931, 3400981.61699347011745 ], [ 5260145.741789536550641, 3401901.775867607444525 ], [ 5258057.151872320100665, 3403904.485132510773838 ], [ 5256565.049089788459241, 3406296.445661430247128 ], [ 5256245.323293228633702, 3408147.27432238869369 ], [ 5256389.058028984814882, 3409886.64837354561314 ], [ 5256021.453356279060245, 3412014.761978391557932 ], [ 5254767.290574261918664, 3413724.110243921168149 ], [ 5252782.29368313960731, 3414412.520598763599992 ], [ 5250965.990998930297792, 3413915.116826138459146 ], [ 5250134.517424710094929, 3412739.011566702276468 ], [ 5249750.428463786840439, 3411418.966254418250173 ], [ 5249026.896333726122975, 3410576.797647656407207 ], [ 5248006.441130677238107, 3409675.935468704905361 ], [ 5245767.000447789207101, 3406900.979116649366915 ], [ 5243956.538533270359039, 3405865.784595692530274 ], [ 5243186.03835617005825, 3404945.749259129166603 ], [ 5242677.194362047128379, 3403481.511115241330117 ], [ 5242495.804661720059812, 3401766.41567074181512 ], [ 5241996.867133542895317, 3400168.256024195812643 ], [ 5239006.542284341529012, 3397723.36651363177225 ] ] } },
{ "type": "Feature", "properties": { "featurecla": "River", "scalerank": 9.0, "rivernum": 987.0, "name": null, "name_en": null, "strokeweig": 0.15 }, "geometry": { "type": "LineString", "coordinates": [ [ 5216875.950712338089943, 3382643.062810267321765 ], [ 5215228.599419723264873, 3378335.965015073306859 ], [ 5220296.489395335316658, 3372300.604609066620469 ], [ 5225590.720932139083743, 3367931.390044359955937 ], [ 5230469.810606246814132, 3367493.051435001660138 ], [ 5232478.366885978728533, 3373342.190257432870567 ], [ 5234270.124136500060558, 3379478.00011571822688 ], [ 5235311.676010189577937, 3381474.695889164693654 ], [ 5235231.511040868237615, 3384129.42384853027761 ], [ 5233686.692393822595477, 3385107.357706321403384 ], [ 5232226.525494567118585, 3385013.648540365509689 ], [ 5229726.21108690649271, 3390718.348988797515631 ], [ 5229064.624496812932193, 3392173.978095105383545 ] ] } },
{ "type": "Feature", "properties": { "featurecla": "River", "scalerank": 9.0, "rivernum": 987.0, "name": null, "name_en": null, "strokeweig": 0.25 }, "geometry": { "type": "LineString", "coordinates": [ [ 5237107.828645864501595, 3602059.476747488602996 ], [ 5235587.578940498642623, 3606069.776772419922054 ], [ 5233963.683752386830747, 3609477.116792713757604 ], [ 5232782.614717368036509, 3610724.177883748430759 ], [ 5232392.52470516320318, 3613094.25569613231346 ], [ 5231737.189737075008452, 3614867.603301975876093 ], [ 5230666.932585574686527, 3616347.392400889657438 ], [ 5230428.709028845652938, 3617710.07406879356131 ] ] } },
{ "type": "Feature", "properties": { "featurecla": "River", "scalerank": 9.0, "rivernum": 987.0, "name": null, "name_en": null, "strokeweig": 0.2 }, "geometry": { "type": "LineString", "coordinates": [ [ 5239006.542284341529012, 3397723.36651363177225 ], [ 5236509.44253430981189, 3395697.254755130968988 ], [ 5234997.603439604863524, 3395438.850195677019656 ], [ 5233597.21014831867069, 3394845.541707038879395 ], [ 5231540.429177256301045, 3391592.626446263864636 ], [ 5230032.565739246085286, 3391641.653725848533213 ], [ 5229064.624496812932193, 3392173.978095105383545 ], [ 5227128.017301404848695, 3396472.709794682450593 ], [ 5224609.855718343518674, 3398901.6474719629623 ], [ 5222103.425964156165719, 3400638.756593115627766 ], [ 5219731.922412709333003, 3400338.203235767781734 ], [ 5217330.293561233207583, 3399603.066928307525814 ], [ 5215855.615033773705363, 3400117.373399479780346 ], [ 5214418.322259720414877, 3401272.631052259355783 ], [ 5212617.556140646338463, 3401838.120997044723481 ], [ 5211018.072995663620532, 3402181.555791195016354 ], [ 5210369.920540826395154, 3406277.043209739495069 ], [ 5211775.227678183466196, 3410360.568523707799613 ], [ 5213275.354662022553384, 3414310.896408036351204 ], [ 5215730.15294773504138, 3416768.659680843353271 ], [ 5216992.021446862258017, 3417302.330587166361511 ], [ 5217908.988053537905216, 3418467.534738652408123 ], [ 5217600.809050245210528, 3419594.30836307676509 ], [ 5217252.678811667487025, 3420775.540157376788557 ], [ 5217617.49541112408042, 3422093.798546469304711 ], [ 5217880.441049403510988, 3423457.225717919878662 ], [ 5217190.246698788367212, 3426235.628408723510802 ], [ 5216563.313395543023944, 3428694.922381365206093 ], [ 5215900.526697049848735, 3429822.42374282842502 ], [ 5215330.2861198913306, 3431450.70114958146587 ], [ 5215576.788538587279618, 3434386.583040647208691 ], [ 5215147.827176078222692, 3437336.022803375963122 ], [ 5214909.331115294247866, 3440202.818392323330045 ], [ 5215083.330270029604435, 3443146.372538439929485 ], [ 5214361.233758464455605, 3448446.28643867559731 ], [ 5215095.505373594351113, 3452437.152065207250416 ], [ 5216268.362361347302794, 3453327.09385459497571 ], [ 5216446.26580351497978, 3455197.643186673987657 ], [ 5215189.600793979130685, 3456278.667622313834727 ], [ 5214458.309968080371618, 3457921.913143198471516 ], [ 5214874.179031318984926, 3459679.546657015569508 ], [ 5215019.684373742900789, 3461362.673580723814666 ], [ 5214465.501882725395262, 3464036.765993536449969 ], [ 5215054.779687413945794, 3466017.637310734018683 ], [ 5214950.619927764870226, 3470325.872690632939339 ], [ 5212930.039397859014571, 3474751.657630307599902 ], [ 5210080.236816863529384, 3479632.288758212700486 ], [ 5210143.42580134049058, 3484588.214574404992163 ], [ 5209297.19815569370985, 3490118.943698946852237 ], [ 5207007.386519118212163, 3495285.351461121812463 ], [ 5205776.418753273785114, 3496064.045493274461478 ], [ 5204766.677550489082932, 3497142.608403166756034 ], [ 5204438.160673454403877, 3499526.295359718613327 ], [ 5205169.768626224249601, 3500851.494129186496139 ], [ 5208519.491880113258958, 3501407.292128577362746 ], [ 5211837.860583179630339, 3502303.076354627497494 ], [ 5216080.929883072152734, 3502155.253022476099432 ], [ 5219632.627152072265744, 3504043.42664008308202 ], [ 5220072.927662644535303, 3507100.423388401046395 ], [ 5219051.614848206751049, 3510590.801046508830041 ], [ 5217857.709813655354083, 3512631.14274115068838 ], [ 5217056.672155160456896, 3515148.961015763226897 ], [ 5217145.252655439078808, 3518041.196249110158533 ], [ 5217695.411527076736093, 3520630.723709693178535 ], [ 5218660.622784558683634, 3522480.453141935169697 ], [ 5219377.742999698966742, 3524519.752304250374436 ] ] } },
{ "type": "Feature", "properties": { "featurecla": "River", "scalerank": 9.0, "rivernum": 987.0, "name": null, "name_en": null, "strokeweig": 0.25 }, "geometry": { "type": "LineString", "coordinates": [ [ 5219377.742999698966742, 3524519.752304250374436 ], [ 5223544.224099818617105, 3526660.595571014098823 ], [ 5226996.317681200802326, 3530510.363580785691738 ], [ 5228245.877459671348333, 3532043.237097704783082 ], [ 5228815.790303377434611, 3534172.439233201555908 ], [ 5227977.786571279168129, 3534517.656711479648948 ], [ 5227048.665491184219718, 3535538.568583734799176 ], [ 5227981.555958772078156, 3536818.962253314442933 ], [ 5229186.697857646271586, 3537904.609714576043189 ], [ 5230071.843237178400159, 3538229.404653998557478 ], [ 5230923.649894535541534, 3538555.576301652006805 ], [ 5231412.702053332701325, 3539885.157210980076343 ], [ 5232003.247529100626707, 3541203.653679185546935 ], [ 5233088.075873689725995, 3543867.94119980186224 ], [ 5232464.516611568629742, 3547933.664067164063454 ], [ 5233379.072023683227599, 3550785.807362632360309 ], [ 5234627.953946813941002, 3553410.102368889376521 ], [ 5234813.428023005835712, 3557114.129303211346269 ], [ 5234523.752500536851585, 3561115.717071460094303 ], [ 5233782.711127649061382, 3563101.679711458273232 ], [ 5233045.725708910264075, 3564675.142915850039572 ], [ 5232962.656705084256828, 3567947.27370800729841 ], [ 5232782.095953013747931, 3571113.443465576507151 ], [ 5231282.628795396536589, 3573778.668267858214676 ], [ 5231393.350906953215599, 3576024.906026072334498 ], [ 5231545.513874461874366, 3582923.787395374849439 ], [ 5231639.271868188865483, 3589619.492688509169966 ], [ 5232711.873048776760697, 3591354.877260654699057 ], [ 5233734.375511780381203, 3592760.952857553493232 ], [ 5234895.216377316974103, 3594117.952704525087029 ], [ 5235441.661094221286476, 3596373.582212839275599 ], [ 5235326.468846645206213, 3599781.498390070628375 ], [ 5236241.695246966555715, 3602314.973149800207466 ] ] } },
{ "type": "Feature", "properties": { "featurecla": "River", "scalerank": 9.0, "rivernum": 1050.0, "name": "Vltava", "name_en": "Vltava", "strokeweig": 0.15 }, "geometry": { "type": "LineString", "coordinates": [ [ 4252805.586094402708113, 2485255.412410140037537 ], [ 4255310.805322406813502, 2485036.026487412396818 ], [ 4258307.580793213099241, 2483828.400976292788982 ], [ 4262534.796320214867592, 2480388.684281850233674 ], [ 4263758.453310705721378, 2480266.506552479229867 ], [ 4264919.111431704834104, 2480569.532399705611169 ], [ 4266515.940275491215289, 2480117.619148118887097 ], [ 4270717.6747085172683, 2477806.950762619730085 ], [ 4272635.888593853451312, 2474208.287667964585125 ], [ 4273263.157375263050199, 2473671.035054404754192 ], [ 4274862.826218525879085, 2471574.642637083306909 ], [ 4278682.850156677886844, 2467975.625631222501397 ], [ 4279669.244558249600232, 2466714.749824076890945 ], [ 4280453.363022030331194, 2464056.115378172136843 ], [ 4281304.049308081157506, 2462433.547279729973525 ], [ 4282797.261556830257177, 2461463.08805720647797 ] ] } },
{ "type": "Feature", "properties": { "featurecla": "River", "scalerank": 9.0, "rivernum": 1050.0, "name": "Vltava", "name_en": "Vltava", "strokeweig": 0.2 }, "geometry": { "type": "LineString", "coordinates": [ [ 4282902.331243840046227, 2461639.52319259988144 ], [ 4283310.228657032363117, 2461288.507675035391003 ], [ 4285310.021999809890985, 2460277.821064315270633 ], [ 4286631.404616032727063, 2459299.019423079676926 ], [ 4287179.936422670260072, 2458672.222661686595529 ], [ 4287593.544195304624736, 2457783.224534787237644 ], [ 4287854.39907614979893, 2455879.59931995999068 ], [ 4288084.551624123938382, 2454980.549672787077725 ], [ 4288585.683634455315769, 2454277.686461552977562 ], [ 4289831.489711264148355, 2453571.270503968931735 ], [ 4290413.862693942151964, 2453104.257018953561783 ], [ 4291517.586954198777676, 2451896.385437767952681 ], [ 4291967.450555058196187, 2451753.228126304689795 ], [ 4293807.134116163477302, 2451834.847796142101288 ], [ 4294146.949361224658787, 2451669.949675146024674 ], [ 4294314.800411286763847, 2451469.153406599070877 ], [ 4294618.460044279694557, 2450894.984625323209912 ], [ 4294713.577310729771852, 2450750.551473161671311 ], [ 4297136.48245638050139, 2448343.544101764913648 ], [ 4298079.416884548030794, 2447866.172107887454331 ], [ 4299147.09725134819746, 2447892.699281924404204 ], [ 4301316.719096690416336, 2448502.831479931250215 ], [ 4302362.696457583457232, 2448300.153950894251466 ], [ 4302718.720796750858426, 2448044.736780626699328 ], [ 4302859.995470359921455, 2447829.513810051605105 ], [ 4303007.164110988378525, 2447693.468841556925327 ], [ 4303340.746511099860072, 2447647.022543648723513 ], [ 4303698.454346240498126, 2447785.941599270794541 ], [ 4304415.995843383483589, 2448326.76628362108022 ], [ 4304866.792936514131725, 2448360.792982045095414 ], [ 4305255.831258716061711, 2448138.991114583332092 ], [ 4306353.229771878570318, 2447059.720563870389014 ], [ 4307271.517283100634813, 2446548.327273642644286 ], [ 4308207.048598872497678, 2446340.314327395986766 ], [ 4309082.210509493947029, 2446567.793199751991779 ], [ 4309850.946963397786021, 2447417.24831000296399 ], [ 4310520.147194094955921, 2448649.895070940256119 ], [ 4310720.785344631411135, 2449497.480917580425739 ], [ 4310294.856339101679623, 2452284.284038610756397 ], [ 4310003.227060656063259, 2453567.910404939204454 ], [ 4308417.364473087713122, 2458344.003479097504169 ], [ 4305823.676044979132712, 2461981.367476191371679 ], [ 4305198.6157415965572, 2464480.704115919303149 ], [ 4305450.65463169105351, 2465993.212925014086068 ], [ 4306145.434913186356425, 2466874.676251332741231 ], [ 4309014.810085028409958, 2468244.200997445266694 ], [ 4309467.186361163854599, 2468633.574588550720364 ], [ 4309782.729360949248075, 2469164.674681469798088 ], [ 4309904.873292441479862, 2470031.211628300137818 ], [ 4309788.838450172916055, 2471989.952177798841149 ], [ 4309923.324339051730931, 2472938.679216069169343 ], [ 4310312.132637902162969, 2473689.647272275295109 ], [ 4310401.304948369041085, 2473939.328476539812982 ], [ 4310431.0358313806355, 2474314.244169750250876 ], [ 4310425.068348005414009, 2474589.810414792969823 ], [ 4310392.248139094561338, 2474850.642548950389028 ], [ 4310377.856790875084698, 2476084.856691983062774 ], [ 4310422.578114317730069, 2476673.512647109106183 ], [ 4310592.280027753673494, 2477140.835401713382453 ], [ 4311028.227839080616832, 2477673.938820516224951 ], [ 4311996.895811009220779, 2478449.103360263630748 ], [ 4312933.908857794478536, 2478996.570051895454526 ], [ 4313798.234624959528446, 2479713.286702286917716 ], [ 4314581.045542734675109, 2480974.47630717465654 ], [ 4314821.807928676716983, 2482263.518282344099134 ], [ 4315015.841348480433226, 2484495.789569900371134 ], [ 4314996.68960552662611, 2486531.231830969918519 ], [ 4314523.302581251598895, 2487212.177308976650238 ], [ 4315482.087180549278855, 2487940.20666616037488 ], [ 4314388.958926295861602, 2489324.734467483125627 ], [ 4313877.453718954697251, 2489782.677917130291462 ], [ 4313375.325436996296048, 2490086.189855163916945 ], [ 4313817.619906531646848, 2492898.262398568913341 ], [ 4314178.239740941673517, 2493963.234115590341389 ], [ 4315075.694954401813447, 2494656.014904211740941 ], [ 4314729.029173227027059, 2496277.417873308062553 ], [ 4314380.497107822448015, 2502155.665619460865855 ], [ 4313507.790112094022334, 2504047.470178965479136 ], [ 4313715.386529243551195, 2505347.569478090852499 ], [ 4313585.971063032746315, 2507034.615448484197259 ], [ 4313219.815448101609945, 2508707.367646888829768 ], [ 4312704.124141186475754, 2509950.69311639200896 ], [ 4311942.248688528314233, 2510482.932939650956541 ], [ 4309271.17644782550633, 2511807.660036348737776 ], [ 4308128.127285687252879, 2512685.561436613090336 ], [ 4306943.674904677085578, 2513048.887857957277447 ], [ 4305752.709839098155499, 2513701.104187612421811 ], [ 4305152.624425644986331, 2515013.618318755179644 ], [ 4305027.667654006741941, 2516377.755356553476304 ], [ 4304769.568745346739888, 2517434.539745846763253 ], [ 4304280.352699221111834, 2518448.854142282623798 ], [ 4303424.356449242681265, 2519686.050827571190894 ], [ 4300297.800302901305258, 2523242.421770992223173 ], [ 4298006.189143872819841, 2528159.339491823688149 ], [ 4297330.127739707008004, 2528882.291505505330861 ], [ 4297198.334035602398217, 2529683.854727911762893 ], [ 4296172.489939086139202, 2531311.56145253777504 ], [ 4295037.294417422264814, 2532704.637713502626866 ], [ 4294511.43342449888587, 2532792.861561283003539 ], [ 4294346.676981968805194, 2533098.712592700961977 ], [ 4294004.359671793878078, 2533394.463242054916918 ], [ 4293641.115562949329615, 2533938.60472309589386 ], [ 4293240.873484659008682, 2535859.803837528452277 ], [ 4292527.972455768845975, 2537382.38886777125299 ], [ 4292369.997883174568415, 2538358.526618356816471 ], [ 4292455.285789139568806, 2539269.633887951727957 ], [ 4292800.669405030086637, 2541022.963108426425606 ], [ 4292814.18110188934952, 2541990.42516829399392 ], [ 4291840.460966713726521, 2548192.408334226347506 ], [ 4292061.521405464969575, 2550017.452449118252844 ] ] } },
{ "type": "Feature", "properties": { "featurecla": "River", "scalerank": 9.0, "rivernum": 1050.0, "name": "Vltava", "name_en": "Vltava", "strokeweig": 0.25 }, "geometry": { "type": "LineString", "coordinates": [ [ 4292061.521405464969575, 2550017.452449118252844 ], [ 4292778.733925253152847, 2551818.158662565052509 ], [ 4293191.373956099152565, 2552485.217430375982076 ], [ 4293834.403774049133062, 2553060.383798880502582 ], [ 4294350.262704740278423, 2551618.789045198820531 ], [ 4295351.977010338567197, 2553974.702078802976757 ], [ 4296029.065478940494359, 2554662.451378915924579 ], [ 4297039.43547710031271, 2554715.410997924860567 ], [ 4296458.13999882992357, 2557282.574111057445407 ], [ 4297254.243906286545098, 2558673.52269313018769 ], [ 4298694.004255334846675, 2559597.586191874928772 ], [ 4300023.468320646323264, 2560767.838884769938886 ], [ 4299713.742579688318074, 2561227.891684939619154 ], [ 4299413.136769145727158, 2561415.280594212934375 ], [ 4298646.344209296628833, 2561415.330130015965551 ], [ 4299496.490514034405351, 2561622.41767028812319 ], [ 4300169.796680639497936, 2562055.752177105285227 ], [ 4300504.012108263559639, 2562750.435886387713253 ], [ 4300368.821017926558852, 2563722.420371446292847 ], [ 4302061.102663710713387, 2564373.327274322975427 ], [ 4302867.139923392795026, 2564394.514966726768762 ], [ 4303695.793214958161116, 2563918.008457574993372 ], [ 4303386.598365755751729, 2564827.119051749818027 ], [ 4303332.2092105159536, 2565459.672915069852024 ], [ 4303518.594478303566575, 2566915.608959791250527 ], [ 4304698.104588613845408, 2566144.775246678851545 ], [ 4305755.592821319587529, 2566685.780894190073013 ], [ 4306754.282995557412505, 2567751.576908313203603 ], [ 4307743.873498498462141, 2568564.827976176515222 ], [ 4306844.647012636996806, 2569656.466292124707252 ], [ 4306612.730284779332578, 2571145.375631561968476 ], [ 4306998.797529179602861, 2572652.849502179771662 ], [ 4307906.994008864276111, 2573784.468775138258934 ], [ 4307516.818279, 2574620.16297272592783 ], [ 4307834.212261043488979, 2574996.517222173046321 ], [ 4308392.128796051256359, 2575329.558502263855189 ], [ 4308723.257178176194429, 2576040.46475727763027 ], [ 4308780.969724649563432, 2577226.217210429720581 ], [ 4308657.089280406013131, 2577421.053920274134725 ], [ 4308325.903614947572351, 2577277.63340707262978 ], [ 4307687.391527836211026, 2577441.551135285291821 ], [ 4305925.186081956140697, 2578499.882550860289484 ], [ 4305224.517374501563609, 2579141.152373561169952 ], [ 4304634.943046228960156, 2580201.575985205359757 ], [ 4304560.930141625925899, 2580874.977348395623267 ], [ 4304706.830966302193701, 2581561.461801398079842 ], [ 4304909.81554657779634, 2582143.638954003341496 ], [ 4304973.641018502414227, 2582496.852632505819201 ], [ 4304731.193620832636952, 2583034.115073477383703 ], [ 4304089.018264624290168, 2584130.841838411986828 ], [ 4303642.435538725927472, 2585194.575791888870299 ], [ 4303290.136001635342836, 2585586.13439599564299 ], [ 4302975.969777729362249, 2586022.005813453812152 ], [ 4302823.348945496603847, 2586709.146744372788817 ], [ 4302966.584397476166487, 2587440.07926112273708 ], [ 4303813.290304753929377, 2587629.548038982786238 ], [ 4304155.624953750520945, 2588259.391284012235701 ], [ 4304319.140661375597119, 2589214.88795354263857 ], [ 4304404.373052213340998, 2590231.408830401487648 ], [ 4304329.042037366889417, 2595021.43599621579051 ], [ 4304550.886439147405326, 2596978.743465987965465 ], [ 4305039.845051414333284, 2598878.472358791623265 ], [ 4305800.334824586287141, 2600981.071475020144135 ], [ 4304662.874941418878734, 2602639.033464453183115 ], [ 4305112.321923352777958, 2603716.7711037886329 ], [ 4307455.071663655340672, 2605118.601726199034601 ], [ 4307721.651596271432936, 2606133.04172044293955 ], [ 4306426.168697076849639, 2606772.193563445471227 ], [ 4303486.985374702140689, 2607450.072465427219868 ], [ 4303803.275402223691344, 2610923.588759872596711 ], [ 4303695.804225980304182, 2611876.074280332308263 ], [ 4302969.363551948219538, 2612909.889140241779387 ], [ 4302275.123713593930006, 2613065.632451637182385 ], [ 4300352.762784554623067, 2612478.935214105993509 ], [ 4301254.62440768070519, 2613774.836604162119329 ], [ 4301566.958307922817767, 2614481.629272263031453 ], [ 4301635.382161618210375, 2615489.22289720363915 ], [ 4301312.544031082652509, 2615359.75023706862703 ], [ 4300528.10266580991447, 2616534.906058626715094 ], [ 4299751.76573876477778, 2617978.594324015080929 ], [ 4299519.451670181006193, 2618603.261911958921701 ], [ 4297379.477568199858069, 2620040.63713037641719 ], [ 4296785.996868734247983, 2620683.684873807244003 ], [ 4296357.726208552718163, 2621846.048872043378651 ], [ 4296682.422901634126902, 2622745.021479499526322 ], [ 4297742.570323046296835, 2624075.882543564308435 ], [ 4298198.119266219437122, 2627036.945359335746616 ], [ 4298516.662205895408988, 2627799.11171750491485 ], [ 4299152.817371001467109, 2628136.059946784749627 ], [ 4305712.67715475615114, 2628981.634123087860644 ], [ 4307183.720565135590732, 2629687.912501260638237 ], [ 4307280.353647937066853, 2631256.987572656013072 ] ] } },
{ "type": "Feature", "properties": { "featurecla": "River", "scalerank": 9.0, "rivernum": 1057.0, "name": "Vienne", "name_en": "Vienne", "strokeweig": 0.15 }, "geometry": { "type": "LineString", "coordinates": [ [ 3395771.642586886882782, 2155977.140680251643062 ], [ 3391160.606059488840401, 2155589.72008220013231 ], [ 3389178.530341859906912, 2155879.128443215973675 ], [ 3387648.177550485357642, 2157537.826223430223763 ], [ 3386560.356203020550311, 2156520.116919358726591 ], [ 3385579.185526476241648, 2156033.28519967617467 ], [ 3385113.49418632639572, 2156349.558197245001793 ], [ 3385560.119250014424324, 2157768.861661949194968 ], [ 3384703.861936563625932, 2158506.938680969178677 ], [ 3381635.490410113241524, 2159753.566020343452692 ], [ 3377961.594893879257143, 2162102.226263210643083 ], [ 3376623.904322223272175, 2162665.517405382823199 ], [ 3376469.211451455019414, 2162772.923556250054389 ] ] } },
{ "type": "Feature", "properties": { "featurecla": "River", "scalerank": 9.0, "rivernum": 1057.0, "name": "Vienne", "name_en": "Vienne", "strokeweig": 0.2 }, "geometry": { "type": "LineString", "coordinates": [ [ 3376469.211451455019414, 2162772.923556250054389 ], [ 3375410.107828552369028, 2163733.977042131125927 ], [ 3374641.704199033789337, 2164641.248390634544194 ], [ 3374072.082205456215888, 2165076.18782994011417 ], [ 3371844.294441105797887, 2165296.746263635344803 ], [ 3368790.102206617593765, 2166946.574089731089771 ], [ 3364995.149010038003325, 2168002.847961345221847 ], [ 3362741.504014430567622, 2169440.075385342352092 ], [ 3360857.621519750915468, 2171312.146303889341652 ], [ 3358070.169373841956258, 2175466.177008110098541 ], [ 3354541.249425909481943, 2182160.3223767131567 ], [ 3353372.669140003621578, 2181494.847676331177354 ], [ 3349501.126589638181031, 2180334.487920532003045 ], [ 3348593.143724692054093, 2179535.907280651386827 ], [ 3347649.685862885788083, 2177655.88124612858519 ], [ 3345857.840850822161883, 2176588.668017762247473 ], [ 3342364.449310155119747, 2175387.808866420760751 ], [ 3339666.577380108647048, 2173264.768497646786273 ], [ 3338299.440834776498377, 2172522.338367312215269 ], [ 3336540.055976298172027, 2172375.576425350271165 ], [ 3334954.074574862141162, 2172963.475522888824344 ], [ 3333951.634177690837532, 2174117.302422437816858 ], [ 3332712.058937939349562, 2177353.031907254830003 ], [ 3330837.129792787600309, 2180737.623154030647129 ], [ 3328536.774188052862883, 2182368.041905052959919 ], [ 3315856.198030818719417, 2186087.929410683456808 ], [ 3309277.63133161701262, 2185423.766666310839355 ], [ 3306020.545492746867239, 2186108.256441879086196 ], [ 3301890.471888874191791, 2187848.85666843643412 ], [ 3299152.292480672709644, 2190536.981769292615354 ], [ 3300026.956180362962186, 2194070.621913672890514 ], [ 3300028.436767434235662, 2195682.063982290681452 ], [ 3303579.682901128195226, 2206434.758223933633417 ], [ 3304073.483530540019274, 2208585.088837861083448 ], [ 3304345.429621467366815, 2210644.224248450249434 ], [ 3304374.021259323228151, 2212702.347710689995438 ] ] } },
{ "type": "Feature", "properties": { "featurecla": "River", "scalerank": 9.0, "rivernum": 1057.0, "name": "Vienne", "name_en": "Vienne", "strokeweig": 0.25 }, "geometry": { "type": "LineString", "coordinates": [ [ 3304374.021259323228151, 2212702.347710689995438 ], [ 3304223.716873195488006, 2214568.467189314309508 ], [ 3303905.020295260474086, 2216556.643623357638717 ], [ 3304412.430519186891615, 2216492.27101189410314 ], [ 3304444.137276544701308, 2217322.982014368288219 ], [ 3304342.66457629436627, 2219628.029987131711096 ], [ 3304375.669692969880998, 2220265.113270054571331 ], [ 3304889.190225683618337, 2221122.108333954121917 ], [ 3305492.033195359632373, 2221814.114804668352008 ], [ 3305922.971976220607758, 2222602.129423991777003 ], [ 3305851.822662315331399, 2223782.319786871783435 ], [ 3306358.564427129924297, 2223718.127244113013148 ], [ 3306112.482828947715461, 2225113.878425434697419 ], [ 3306242.595966302789748, 2225415.352049659471959 ], [ 3306635.957154979929328, 2225908.70334511809051 ], [ 3306428.38670411054045, 2226504.66051202872768 ], [ 3306384.114658112637699, 2226735.486473886296153 ], [ 3306829.13748411135748, 2227434.252394149079919 ], [ 3306322.739497809670866, 2227498.401388065889478 ], [ 3306984.752299215178937, 2229388.456928524188697 ], [ 3307440.572211237158626, 2234060.006582221016288 ], [ 3309061.699947969987988, 2237736.063534867018461 ], [ 3309345.938865850213915, 2239983.719061399810016 ], [ 3309293.79902878543362, 2244872.627205527387559 ], [ 3308886.446353578940034, 2245705.685882176272571 ], [ 3308335.956500355619937, 2246477.460517625324428 ], [ 3307816.597074575256556, 2247377.810775434598327 ], [ 3307396.480366724543273, 2248596.760422200430185 ], [ 3306552.33731351653114, 2252982.386357341893017 ], [ 3306333.459596669767052, 2253619.539901939220726 ], [ 3306213.31960811605677, 2254342.145281201228499 ], [ 3306263.514055543579161, 2255654.987438572570682 ], [ 3306447.272210787050426, 2256466.027657196857035 ], [ 3307071.068081794306636, 2258407.771800429094583 ], [ 3307247.352862026076764, 2259304.511903345584869 ], [ 3306804.558905951213092, 2260619.141707189846784 ], [ 3304786.615504206158221, 2264068.695938963908702 ], [ 3304415.71591405570507, 2265308.184987323358655 ], [ 3302502.940657177008688, 2275990.433261621277779 ], [ 3302318.807253368198872, 2279147.778467227704823 ], [ 3303017.996561326552182, 2289949.54390671197325 ], [ 3303462.783148148562759, 2291653.609906865749508 ], [ 3304750.119790262542665, 2293752.489913933910429 ], [ 3305215.670586723368615, 2295594.24071608716622 ], [ 3305766.567559451796114, 2296773.504014774225652 ], [ 3307892.563641901127994, 2299427.126125993207097 ], [ 3308505.406703762710094, 2301096.419566986616701 ], [ 3308475.93751006713137, 2303046.560242897365242 ], [ 3307704.84159960784018, 2305740.561912273056805 ], [ 3307805.720071461051702, 2307515.081817246973515 ], [ 3307428.914287668652833, 2312814.559026539325714 ], [ 3307032.530849439557642, 2315444.700141549110413 ], [ 3305388.006049334537238, 2317981.572629913222045 ], [ 3303259.432053057942539, 2319977.978136014658958 ], [ 3301403.435634591151029, 2320999.851274686399847 ], [ 3292976.517594407778233, 2323655.582362477201968 ], [ 3291748.602090025320649, 2324844.931311982218176 ], [ 3290441.870399224571884, 2325268.87949946615845 ], [ 3282960.857887554913759, 2329348.131476361770183 ], [ 3280350.203700685407966, 2330089.373668637592345 ], [ 3278203.444499023258686, 2331402.87329176813364 ], [ 3276406.844311841763556, 2333083.516941777896136 ], [ 3274867.883829387836158, 2334952.665679661091417 ] ] } },
{ "type": "Feature", "properties": { "featurecla": "River", "scalerank": 9.0, "rivernum": 1061.0, "name": "Mio", "name_en": "Minho", "strokeweig": 0.15 }, "geometry": { "type": "LineString", "coordinates": [ [ 2646277.505546514876187, 2011089.013576500816271 ], [ 2640778.955786068923771, 2019169.910628348123282 ], [ 2639983.380362471565604, 2019876.240658468334004 ], [ 2638820.987505100667477, 2020276.821706910151988 ], [ 2636987.716147869359702, 2020213.928400652948767 ], [ 2635363.303282123059034, 2019517.435392583720386 ], [ 2633933.419270391575992, 2018277.414089273195714 ], [ 2632673.219264692161232, 2016613.709376504644752 ], [ 2632297.919216366484761, 2015573.881243398878723 ], [ 2632202.475201671477407, 2014681.331838288344443 ], [ 2631772.471186490729451, 2013901.843613094184548 ], [ 2630384.419755056500435, 2013189.937476681545377 ], [ 2628916.80364744970575, 2013271.803567150374874 ], [ 2625840.581154282204807, 2014565.82136128237471 ], [ 2624460.020302383229136, 2014375.099941540975124 ], [ 2619228.358905956614763, 2011891.868447350338101 ], [ 2617690.881162853445858, 2010462.859379533212632 ], [ 2615430.842210695147514, 2006507.20983139006421 ], [ 2615124.545585739891976, 2003115.035074626561254 ], [ 2616158.630397100932896, 1999867.593613206176087 ], [ 2618732.063357430510223, 1994926.3317232998088 ] ] } },
{ "type": "Feature", "properties": { "featurecla": "River", "scalerank": 9.0, "rivernum": 1061.0, "name": "Mio", "name_en": "Minho", "strokeweig": 0.2 }, "geometry": { "type": "LineString", "coordinates": [ [ 2618732.063357430510223, 1994926.3317232998088 ], [ 2619547.557721482589841, 1993429.483523347647861 ], [ 2620147.866024039220065, 1991783.656343345995992 ], [ 2620265.849991374649107, 1989974.43099491042085 ], [ 2619647.764067816548049, 1988011.299856985919178 ], [ 2619037.320016417652369, 1986973.387775465846062 ], [ 2613466.328992133960128, 1979967.849677563644946 ], [ 2612891.884547792840749, 1979563.129541393369436 ], [ 2611705.868383090943098, 1978898.790522078052163 ], [ 2610591.177496602758765, 1978067.684909912990406 ], [ 2606426.976929439231753, 1973891.87136328779161 ], [ 2605502.480932179372758, 1972761.9016860187985 ], [ 2604504.303070120513439, 1971758.752687539439648 ], [ 2603328.605793894268572, 1971081.933796976227313 ], [ 2602132.006987874396145, 1970666.170110939769074 ], [ 2601916.270705228671432, 1970275.214022101834416 ], [ 2601394.687328923959285, 1968647.135123396990821 ], [ 2601047.800174455158412, 1968146.646304878871888 ], [ 2600552.891859585419297, 1967812.922295649535954 ], [ 2599818.602439015172422, 1967534.951006622286513 ], [ 2598014.950573893263936, 1967153.672636906150728 ], [ 2597548.225420592352748, 1966788.732939847745001 ], [ 2597327.857870461884886, 1966298.224004985298961 ], [ 2596784.997714411932975, 1964160.765926135703921 ], [ 2596851.169616446830332, 1962911.440889907302335 ], [ 2597209.189995964057744, 1961803.104126594495028 ], [ 2597444.789891839493066, 1960711.109715974424034 ], [ 2597157.398031922057271, 1959501.891209188150242 ], [ 2597010.779422205872834, 1958407.975431695114821 ], [ 2595956.445262715220451, 1957154.704148547723889 ], [ 2595271.926654106006026, 1955819.220583341782913 ], [ 2595068.89701840095222, 1954363.265078753232956 ], [ 2595474.929158076643944, 1952780.208944763988256 ], [ 2595715.896797232329845, 1952530.759368693921715 ], [ 2595994.534008497837931, 1952435.478097598068416 ], [ 2596225.951575112529099, 1952229.227455387124792 ], [ 2596309.444374289363623, 1951664.335554417455569 ], [ 2596196.715705754235387, 1951120.119927866617218 ], [ 2595959.552553473971784, 1950742.407166173681617 ], [ 2595362.226559250615537, 1950044.246127828489989 ], [ 2594891.306924060452729, 1949105.567719527287409 ], [ 2594190.724182131700218, 1947144.722250132355839 ], [ 2593740.533251649700105, 1946192.762774954084307 ], [ 2593235.157520562876016, 1945526.583407535683364 ], [ 2581006.496440446935594, 1935273.56712341750972 ], [ 2578921.567343766801059, 1934282.786546022864059 ], [ 2576610.09249679511413, 1934007.969892612658441 ], [ 2574155.916470435913652, 1934197.176948401844129 ], [ 2566552.22680721944198, 1936382.303020680323243 ], [ 2564925.006611290387809, 1936386.30723274173215 ], [ 2563314.748626887332648, 1935988.370293133193627 ], [ 2562519.17685862723738, 1935523.986436921637505 ], [ 2560588.948947488330305, 1933659.995754739735276 ], [ 2559561.280269362032413, 1933079.201086923712865 ], [ 2556093.890481155831367, 1931927.446046757511795 ], [ 2554070.367957894690335, 1930497.153728678124025 ], [ 2550558.41405828949064, 1926419.992756937397644 ], [ 2548635.813353579025716, 1924774.160669407341629 ], [ 2548986.146352130919695, 1924214.014388815965503 ], [ 2549904.379633924923837, 1923151.113429374527186 ], [ 2550145.830746579449624, 1922511.973223404958844 ], [ 2549869.096606350503862, 1921036.750343005172908 ], [ 2548852.21713355416432, 1920325.80217355536297 ], [ 2547555.020945094525814, 1920132.986503522610292 ] ] } },
{ "type": "Feature", "properties": { "featurecla": "River", "scalerank": 9.0, "rivernum": 1062.0, "name": "Dora Baltea", "name_en": "Dora Baltea", "strokeweig": 0.15 }, "geometry": { "type": "LineString", "coordinates": [ [ 3765207.52951553137973, 2139085.22841124702245 ], [ 3768694.934247241355479, 2139984.143552063498646 ], [ 3770293.540831649210304, 2139917.886218712199479 ], [ 3781678.792143355123699, 2131939.228481214493513 ], [ 3783785.809013021178544, 2131146.326085356064141 ], [ 3791115.787418719846755, 2129821.675978243350983 ], [ 3792031.531143243424594, 2130155.918752806726843 ], [ 3792912.171565284952521, 2130739.028551312629133 ], [ 3794008.425533809233457, 2131277.439264583401382 ], [ 3796622.817416950128973, 2131715.667373116128147 ], [ 3799272.064851139672101, 2131601.137565202079713 ] ] } },
{ "type": "Feature", "properties": { "featurecla": "River", "scalerank": 9.0, "rivernum": 1062.0, "name": "Dora Baltea", "name_en": "Dora Baltea", "strokeweig": 0.2 }, "geometry": { "type": "LineString", "coordinates": [ [ 3799272.064851139672101, 2131601.137565202079713 ], [ 3804533.084639870561659, 2131037.668351627420634 ], [ 3808680.969361283350736, 2131630.567160430829972 ], [ 3809027.233021489810199, 2131842.385099241975695 ], [ 3809717.355975391808897, 2132629.343785359058529 ], [ 3810076.978312409482896, 2132911.820804577786475 ], [ 3810568.870918726082891, 2132968.753748973365873 ], [ 3810936.512413785327226, 2132729.932128354907036 ], [ 3811276.555288548115641, 2132436.804383465554565 ], [ 3811689.276099561713636, 2132330.723354163579643 ], [ 3813393.064437052235007, 2132931.292185016907752 ], [ 3814104.807630208786577, 2132954.856096878647804 ], [ 3814859.665612552780658, 2132724.439183882903308 ], [ 3816538.711582561954856, 2131918.854499841574579 ], [ 3817434.605711713898927, 2131713.096107062883675 ], [ 3821741.467407243791968, 2131942.010567400604486 ], [ 3822890.230964154470712, 2130994.843098060227931 ], [ 3823550.594887921586633, 2127994.907361399382353 ], [ 3823865.713275054935366, 2125366.408503940794617 ], [ 3824321.313519838731736, 2124023.004427589010447 ], [ 3825311.934554370120168, 2123260.259406199678779 ], [ 3827209.80932144774124, 2122353.721074197441339 ], [ 3828685.395727415569127, 2121137.07769820606336 ], [ 3830605.82639145385474, 2117770.260225184261799 ], [ 3831960.576536241918802, 2116155.464579556602985 ], [ 3835342.841392373200506, 2113475.475036478601396 ], [ 3836118.612312708981335, 2111826.124530882108957 ], [ 3836514.528102349024266, 2108677.160534883383662 ], [ 3836464.912153096403927, 2107612.614206997677684 ], [ 3836262.161617338191718, 2107005.261023101396859 ], [ 3836189.232185068540275, 2106409.899726548697799 ], [ 3836490.698568965774029, 2105329.790198627859354 ], [ 3837232.371307758614421, 2104107.889028618112206 ], [ 3840329.341382016427815, 2101723.402278558351099 ], [ 3841324.501824948005378, 2099857.794865445233881 ], [ 3841933.382117956876755, 2095176.03248334582895 ], [ 3842519.573949279729277, 2093606.384530467912555 ], [ 3843543.206933518406004, 2091748.14254136942327 ], [ 3844113.9220533776097, 2089323.455334589350969 ], [ 3844651.345261115580797, 2084601.320305321365595 ], [ 3844514.013874561525881, 2084336.578017602674663 ], [ 3844172.297790810465813, 2084069.605440752813593 ], [ 3843865.842031592968851, 2083735.851612643804401 ], [ 3843777.335155863780528, 2083224.914017756935209 ], [ 3843981.699013662990183, 2082824.311459350865334 ], [ 3844665.297623067162931, 2082015.520094957901165 ], [ 3844902.32259749667719, 2081582.450871695298702 ], [ 3845364.666173103731126, 2080421.776757451705635 ], [ 3849063.938924121204764, 2073938.937905353726819 ], [ 3850371.122925964649767, 2072297.85076563898474 ] ] } },
{ "type": "Feature", "properties": { "featurecla": "River", "scalerank": 9.0, "rivernum": 1063.0, "name": "Durance", "name_en": "Durance", "strokeweig": 0.15 }, "geometry": { "type": "LineString", "coordinates": [ [ 3745760.316066083032638, 2044616.592053722124547 ], [ 3744056.385618526954204, 2043546.756961832754314 ], [ 3741004.617378268856555, 2040714.668638446368277 ], [ 3737670.98677962180227, 2036154.323479432845488 ], [ 3737169.784000551328063, 2034811.843899931292981 ], [ 3736882.181898551061749, 2032900.492954532150179 ], [ 3736814.750244360417128, 2028210.303608270129189 ], [ 3736978.942514881491661, 2026240.897268371656537 ], [ 3738348.503874131012708, 2021299.295671634376049 ], [ 3738583.89367351680994, 2018894.018399768974632 ], [ 3737713.68174856249243, 2016344.426475775660947 ], [ 3733632.439733431208879, 2011594.352005863562226 ], [ 3732389.200324103236198, 2009595.399135228479281 ], [ 3730461.80509715154767, 2007101.415898626903072 ], [ 3728169.608367790002376, 2006089.311109251575544 ], [ 3722285.82421637326479, 2005718.965605366043746 ], [ 3721557.352036638185382, 2005480.178967323154211 ] ] } },
{ "type": "Feature", "properties": { "featurecla": "River", "scalerank": 9.0, "rivernum": 1063.0, "name": "Durance", "name_en": "Durance", "strokeweig": 0.2 }, "geometry": { "type": "LineString", "coordinates": [ [ 3721557.352036638185382, 2005480.178967323154211 ], [ 3719522.451353100594133, 2003997.16556656267494 ], [ 3716177.232295082882047, 1999722.604088497813791 ], [ 3713949.933894118759781, 1998013.378566182684153 ], [ 3710942.559757850598544, 1997196.647596213035285 ], [ 3698292.624656136147678, 1998477.15492331655696 ], [ 3696645.452883583959192, 1997917.997383972397074 ], [ 3693249.646588316187263, 1994510.454519594088197 ], [ 3691984.957881425507367, 1993641.651215370278805 ], [ 3689246.632127709686756, 1992536.400593661237508 ], [ 3687989.869857040699571, 1991694.355405836831778 ], [ 3687137.4402986029163, 1990640.344503708649427 ], [ 3685506.78827257361263, 1987145.340280128642917 ], [ 3684737.102630645502359, 1986237.458909994456917 ], [ 3683889.908164896536618, 1985439.530968325678259 ], [ 3683138.935258723795414, 1984536.056663827970624 ], [ 3682699.065686874557287, 1983301.234313715947792 ], [ 3682853.903759854845703, 1982334.355992190074176 ], [ 3683427.114554654341191, 1981869.650116719305515 ], [ 3683803.862068193498999, 1981141.306183298816904 ], [ 3683440.98536067828536, 1979379.377522281836718 ], [ 3683172.022907686885446, 1977123.789562698453665 ], [ 3683686.682403149083257, 1974764.061359424842522 ], [ 3684739.440170099027455, 1972857.853027019416913 ], [ 3686068.826807147357613, 1971966.372072991449386 ], [ 3686353.001049262005836, 1970567.301476980559528 ], [ 3686599.921020872890949, 1967649.395341239869595 ], [ 3686875.672159872017801, 1966226.974000412039459 ], [ 3689227.287385793402791, 1960025.831709448248148 ], [ 3689678.521391023416072, 1958166.14643665868789 ], [ 3689465.042530322447419, 1956329.146209603874013 ], [ 3688306.107686958275735, 1954265.997043546289206 ], [ 3683678.765727605670691, 1949566.680392167065293 ], [ 3682260.734334562439471, 1947360.087641430087388 ], [ 3681186.997692420613021, 1944844.054985824972391 ], [ 3678796.826911475043744, 1936872.043023497331887 ], [ 3677377.909625840838999, 1933569.484142942354083 ], [ 3667845.542763261124492, 1920389.96679653506726 ], [ 3665898.100764892064035, 1918525.197287515737116 ], [ 3663894.288306202739477, 1917362.024826942011714 ], [ 3658617.60847190907225, 1916460.40566709684208 ], [ 3656795.349268695805222, 1915035.01930456282571 ], [ 3653584.268299743067473, 1913634.910783870378509 ], [ 3649562.906147714704275, 1914225.979264507070184 ], [ 3640547.83651759987697, 1917586.791694261832163 ], [ 3639152.350058381445706, 1918403.404770698864013 ], [ 3637866.431334871798754, 1919493.758055218495429 ], [ 3635628.655850543640554, 1922146.046105723828077 ], [ 3634824.783428870607167, 1922773.143570356070995 ], [ 3633921.201767565216869, 1923033.892351351911202 ], [ 3632625.837127566803247, 1923161.049658129923046 ] ] } },
{ "type": "Feature", "properties": { "featurecla": "River", "scalerank": 9.0, "rivernum": 1063.0, "name": "Durance", "name_en": "Durance", "strokeweig": 0.25 }, "geometry": { "type": "LineString", "coordinates": [ [ 3632625.837127566803247, 1923161.049658129923046 ], [ 3628483.660481256432831, 1924208.516461738850921 ], [ 3623634.171795482281595, 1924501.264539805008098 ], [ 3615659.956919021438807, 1929111.713471348863095 ], [ 3614085.259508298244327, 1930485.997133885044605 ], [ 3606979.250091741792858, 1938350.955782800912857 ], [ 3602311.183701203204691, 1941783.386610991088673 ], [ 3592195.566549703478813, 1946536.617051841225475 ], [ 3591430.721188206225634, 1946530.04830335220322 ] ] } },
{ "type": "Feature", "properties": { "featurecla": "River", "scalerank": 9.0, "rivernum": 1064.0, "name": "Tarn", "name_en": "Tarn", "strokeweig": 0.15 }, "geometry": { "type": "LineString", "coordinates": [ [ 3502469.143861401826143, 1984638.747764828149229 ], [ 3502404.21264480240643, 1987608.177384049165994 ], [ 3502842.661197339184582, 1990110.274737022817135 ], [ 3504015.084650504868478, 1992881.848655582405627 ], [ 3504326.335118614137173, 1994627.538222256116569 ], [ 3503917.312009287532419, 1997001.962557699065655 ], [ 3502722.185951818246394, 1999759.709355524741113 ], [ 3502137.910371116828173, 2000241.949512842576951 ], [ 3501735.193308711983263, 2001367.161355516407639 ], [ 3500437.171147973276675, 2001713.600056794704869 ], [ 3499529.114909228868783, 2001745.63770701084286 ], [ 3498435.752133209723979, 2001397.250700162257999 ], [ 3497718.782986880280077, 2000798.917543749790639 ], [ 3497060.338774112984538, 2000004.98387188045308 ], [ 3496324.803196867927909, 1999329.040148746222258 ], [ 3495367.424096404574811, 1999109.393159988569096 ], [ 3494588.809530370868742, 1999450.896888409741223 ], [ 3492243.937207809183747, 2001477.120937153697014 ], [ 3491198.208897782489657, 2001755.601778032723814 ], [ 3490253.174393581226468, 2001588.655774487182498 ], [ 3482421.867413902189583, 1997842.876492026261985 ], [ 3477689.488502183929086, 1998120.782652007881552 ], [ 3476654.620827570091933, 1997320.983820233959705 ], [ 3475295.386088251136243, 1990677.103602409362793 ], [ 3474822.555863557383418, 1989383.671133633004501 ], [ 3474283.865193236619234, 1988493.40356093714945 ], [ 3473657.87848685728386, 1987897.124713998753577 ] ] } },
{ "type": "Feature", "properties": { "featurecla": "River", "scalerank": 9.0, "rivernum": 1064.0, "name": "Tarn", "name_en": "Tarn", "strokeweig": 0.2 }, "geometry": { "type": "LineString", "coordinates": [ [ 3473657.87848685728386, 1987897.124713998753577 ], [ 3472916.323022914119065, 1987494.232876441441476 ], [ 3469769.19126218277961, 1986408.629922979045659 ], [ 3466364.948643697425723, 1983481.816654129419476 ], [ 3464324.760155630297959, 1979602.415502079762518 ], [ 3462029.644617429003119, 1976406.646601836197078 ], [ 3457883.544126350432634, 1975547.605029377620667 ], [ 3453748.048057595733553, 1975818.807099148631096 ], [ 3449590.94581419415772, 1975350.698885067366064 ], [ 3449365.168916220776737, 1975107.49733683350496 ], [ 3449162.063188298139721, 1974663.437481745146215 ], [ 3448858.009944977238774, 1974202.600653789471835 ], [ 3448387.419425008818507, 1973956.496732596307993 ], [ 3446714.686900903005153, 1974237.060758971143514 ], [ 3443588.180386764928699, 1975869.946022530086339 ], [ 3441934.246898343320936, 1975946.135956566780806 ], [ 3441447.47857677238062, 1975654.473314744886011 ], [ 3440491.063060815446079, 1974661.55090904305689 ], [ 3440014.825709435623139, 1974284.168825863627717 ], [ 3439242.434888521209359, 1974004.695098732830957 ], [ 3437671.908370221965015, 1973692.330972192576155 ], [ 3436913.067163038998842, 1973358.819635160965845 ], [ 3435922.995474635623395, 1972502.29538683546707 ], [ 3434065.079852274153382, 1970332.353732615709305 ], [ 3433065.133706173859537, 1969424.151803480228409 ], [ 3430358.776141960173845, 1968632.374565506819636 ], [ 3424827.293328400235623, 1969860.589375293347985 ], [ 3422180.112576881423593, 1969596.729662310099229 ], [ 3420382.839313645847142, 1968471.374392371624708 ], [ 3417072.489852839615196, 1965535.695082952501252 ], [ 3415314.898209566250443, 1964447.32977450476028 ], [ 3413033.695862301625311, 1963977.679264877690002 ], [ 3385633.231686431914568, 1965268.670070856343955 ], [ 3381670.239328975789249, 1964606.806235793745145 ], [ 3375396.902485962957144, 1964477.182932398281991 ], [ 3373361.228301807306707, 1964102.162145992275327 ], [ 3368880.526781833730638, 1962258.068875281373039 ], [ 3361858.263086726423353, 1961176.740571226458997 ], [ 3361009.482326364610344, 1960692.541371751343831 ], [ 3359542.520866457838565, 1959178.469233434647322 ], [ 3359007.958163750357926, 1958760.321772232651711 ], [ 3357197.252475719898939, 1957789.413541775662452 ], [ 3353945.710601461585611, 1954915.394392849411815 ], [ 3352199.744594573974609, 1953856.152073535369709 ], [ 3349706.555869648233056, 1953407.539777808822691 ], [ 3347260.099384796340019, 1953883.989632897311822 ], [ 3344869.533157015684992, 1955085.371024999767542 ], [ 3342592.125494217500091, 1956798.007417758461088 ] ] } },
{ "type": "Feature", "properties": { "featurecla": "River", "scalerank": 9.0, "rivernum": 1064.0, "name": "Tarn", "name_en": "Tarn", "strokeweig": 0.25 }, "geometry": { "type": "LineString", "coordinates": [ [ 3342592.125494217500091, 1956798.007417758461088 ], [ 3338246.663596656173468, 1961306.893475718796253 ], [ 3335088.064169933553785, 1966552.876354751177132 ], [ 3333740.41464133001864, 1968010.49942488479428 ], [ 3328813.355155292432755, 1970271.601428548339754 ], [ 3327452.776735268998891, 1971599.643081991001964 ], [ 3326776.375645868014544, 1973192.857149134855717 ], [ 3325549.550681293942034, 1980202.069942991714925 ], [ 3325472.843978011514992, 1980949.349975642748177 ], [ 3325328.527955556754023, 1981675.389844830380753 ], [ 3324916.87928821425885, 1982733.05100052151829 ], [ 3320387.365104810334742, 1990877.844666206743568 ], [ 3318887.700590630527586, 1992325.855500191450119 ], [ 3316877.496030041016638, 1992890.020867015700787 ], [ 3312379.625762322917581, 1992240.237997731892392 ], [ 3310881.902987036388367, 1992357.081557309953496 ], [ 3308079.717139651998878, 1993870.019838697742671 ], [ 3306943.517078237608075, 1993968.032680544536561 ], [ 3305907.255005406215787, 1993629.123135183937848 ], [ 3304871.919468344189227, 1992984.792727020569146 ], [ 3303974.203855203930289, 1992058.191437285393476 ], [ 3303249.366809743456542, 1990665.122377896215767 ] ] } },
{ "type": "Feature", "properties": { "featurecla": "River", "scalerank": 9.0, "rivernum": 1065.0, "name": "Ofanto", "name_en": "Ofanto", "strokeweig": 0.15 }, "geometry": { "type": "LineString", "coordinates": [ [ 4422912.571466562338173, 1617890.964990946464241 ], [ 4424172.798748813569546, 1618239.555981506593525 ], [ 4428227.999950403347611, 1618417.203683011699468 ], [ 4429143.067041476257145, 1618787.809150530723855 ], [ 4430852.982171348296106, 1619853.666738362750039 ], [ 4431734.981648832559586, 1620230.320884096203372 ], [ 4432556.485584028065205, 1620320.642414876259863 ], [ 4440410.316923423670232, 1619122.008754872484133 ], [ 4451038.476727182976902, 1620305.628557441756129 ], [ 4452512.067985723726451, 1621027.505682348972186 ], [ 4455216.215825919993222, 1623061.243806052487344 ], [ 4456186.56974505726248, 1624124.46949282544665 ], [ 4456722.448642827570438, 1625322.916494079167023 ], [ 4457399.112188538536429, 1628400.987997695570812 ] ] } },
{ "type": "Feature", "properties": { "featurecla": "River", "scalerank": 9.0, "rivernum": 1065.0, "name": "Ofanto", "name_en": "Ofanto", "strokeweig": 0.2 }, "geometry": { "type": "LineString", "coordinates": [ [ 4457399.112188538536429, 1628400.987997695570812 ], [ 4458592.052891108207405, 1631307.648218006361276 ], [ 4458954.252508668228984, 1632812.524044507183135 ], [ 4458686.824021080508828, 1634482.712907293112949 ], [ 4456998.172450814396143, 1637469.655113913584501 ], [ 4456575.019974563270807, 1638968.260663382941857 ], [ 4456997.160722404718399, 1640849.892475491855294 ], [ 4457701.135736481286585, 1642034.176652987254784 ], [ 4458615.996179317124188, 1642981.653479728614911 ], [ 4459657.738258494995534, 1643579.597701986785978 ], [ 4472561.908660824410617, 1643853.8391663369257 ], [ 4474027.391418381594121, 1644167.99434238136746 ], [ 4480211.351769992150366, 1647596.783856750233099 ], [ 4485928.207523032091558, 1652605.213470389600843 ], [ 4487879.977677525021136, 1653694.035609424579889 ], [ 4499350.342321981675923, 1667003.545449674129486 ], [ 4501443.043204227462411, 1668779.440445613814518 ], [ 4505557.829527828842402, 1670546.937974910950288 ], [ 4507119.029433804564178, 1672168.600769532378763 ], [ 4506811.714971952140331, 1674964.084204988321289 ] ] } },
{ "type": "Feature", "properties": { "featurecla": "River", "scalerank": 9.0, "rivernum": 1066.0, "name": "Ialomița", "name_en": "Ialomița", "strokeweig": 0.15 }, "geometry": { "type": "LineString", "coordinates": [ [ 5164519.71926146838814, 2205722.473802078980953 ], [ 5163989.71126966830343, 2200875.578828416764736 ], [ 5164078.314522439613938, 2199272.153865231666714 ], [ 5164754.476579810492694, 2197728.453725851140916 ], [ 5168289.587145114317536, 2192813.888294769451022 ], [ 5169489.395183743909001, 2190027.800784371327609 ], [ 5169913.762642270885408, 2187938.194564473815262 ], [ 5169779.624297308735549, 2185931.870748344343156 ], [ 5169297.626389088109136, 2183353.989656176418066 ], [ 5169400.969164396636188, 2181823.186393824871629 ], [ 5170666.778045780956745, 2178458.44694156665355 ], [ 5170990.471475373953581, 2176877.340181648731232 ], [ 5170813.341051651164889, 2175426.896470696665347 ], [ 5169881.593300775624812, 2173501.834529539104551 ], [ 5169508.289602930657566, 2172163.384488545823842 ], [ 5170282.499868717975914, 2168069.594930018763989 ], [ 5173145.464927822351456, 2165375.933144254609942 ], [ 5176822.545532405376434, 2163795.486482772044837 ], [ 5183349.654577313922346, 2162178.777751109097153 ], [ 5189342.292237405665219, 2159406.029359105508775 ], [ 5192300.278639573603868, 2157444.810101864859462 ] ] } },
{ "type": "Feature", "properties": { "featurecla": "River", "scalerank": 9.0, "rivernum": 1066.0, "name": "Ialomița", "name_en": "Ialomița", "strokeweig": 0.2 }, "geometry": { "type": "LineString", "coordinates": [ [ 5192300.278639573603868, 2157444.810101864859462 ], [ 5194056.035940241999924, 2156144.312136727850884 ], [ 5196091.312550151720643, 2154974.471780542749912 ], [ 5197799.540656344033778, 2154701.841325259767473 ], [ 5203441.348032748326659, 2155190.117147074081004 ], [ 5205151.862218118272722, 2154682.887673620600253 ], [ 5206602.632329708896577, 2153483.457326269242913 ], [ 5207704.688854866661131, 2151418.521519923117012 ], [ 5209896.660161174833775, 2150790.657433085143566 ], [ 5228169.202873654663563, 2155088.408307634759694 ], [ 5232381.821018068119884, 2157587.907640152610838 ], [ 5234143.00653625652194, 2157966.216870759613812 ], [ 5237788.956783154979348, 2157308.309258772060275 ], [ 5244798.734802161343396, 2154185.98953395197168 ], [ 5248170.635413758456707, 2153917.697085462976247 ], [ 5252900.497035523876548, 2155011.026075950358063 ], [ 5254361.330119836144149, 2155875.969212176278234 ], [ 5256270.412206498906016, 2157753.138192770071328 ], [ 5257253.551956763491035, 2158173.198440832085907 ], [ 5257601.197062560357153, 2158100.798467831686139 ], [ 5258737.157193815335631, 2157677.929723408073187 ], [ 5259170.707918582484126, 2157600.805689197033644 ], [ 5259542.995617303065956, 2157793.428867330774665 ], [ 5260418.926268910989165, 2158600.331774216145277 ], [ 5260908.316812427714467, 2158819.698052950203419 ], [ 5261774.737832794897258, 2158787.243969339411706 ], [ 5264509.701637854799628, 2158113.675101432017982 ], [ 5264996.577020526863635, 2158124.790028090123087 ], [ 5266371.887259680777788, 2158498.265120020136237 ], [ 5267016.984054556116462, 2158137.683807572815567 ], [ 5268214.990345320664346, 2156303.851513675414026 ], [ 5268856.95151133928448, 2155823.757632037159055 ], [ 5269613.229305148124695, 2156091.438453890848905 ], [ 5270918.110136557370424, 2157565.993290603160858 ], [ 5271587.556090218015015, 2157908.692817553412169 ], [ 5271882.592980332672596, 2157765.565794177819043 ], [ 5272822.151632362045348, 2157116.308025199919939 ], [ 5273320.745144426822662, 2156960.506051875650883 ], [ 5273859.11971350107342, 2157219.322427216451615 ], [ 5274682.393726862967014, 2158335.687690286897123 ], [ 5275214.090210335329175, 2158539.075685705989599 ], [ 5275757.001838131807745, 2158190.955885512754321 ], [ 5277281.591792090795934, 2156763.25792470946908 ], [ 5278138.38199963606894, 2156360.533220932353288 ], [ 5279214.499559160321951, 2156446.473909997846931 ], [ 5280758.99093334004283, 2157478.949444204103202 ], [ 5281758.704949702136219, 2157845.190865755081177 ], [ 5283255.11453350353986, 2157799.312181414104998 ], [ 5283974.170371323823929, 2157227.586520421784371 ], [ 5284437.305171085521579, 2156361.358227622229606 ], [ 5285133.696349622681737, 2155422.073638917412609 ], [ 5285953.971825473941863, 2154565.617542183957994 ], [ 5286274.770281728357077, 2154131.566529703326523 ], [ 5286752.360293009318411, 2154004.334002608433366 ], [ 5291339.481409791857004, 2154583.508281124290079 ] ] } },
{ "type": "Feature", "properties": { "featurecla": "River", "scalerank": 9.0, "rivernum": 1067.0, "name": "Strymnas", "name_en": "Struma", "strokeweig": 0.15 }, "geometry": { "type": "LineString", "coordinates": [ [ 5051482.621296983212233, 1870555.667034642770886 ], [ 5050210.137071125209332, 1870729.50486435322091 ], [ 5049646.149737068451941, 1870923.594601833727211 ], [ 5049016.147510729730129, 1871285.921220440883189 ], [ 5048735.4766944963485, 1871740.691805589944124 ], [ 5048537.488178201951087, 1873062.278531024930999 ], [ 5048299.826538851484656, 1873543.584173930576071 ], [ 5047715.669822813943028, 1873873.897406043484807 ], [ 5046432.233081647194922, 1874269.433651740197092 ], [ 5045905.306713058613241, 1874658.531464271713048 ], [ 5044719.793848412111402, 1876770.162022891454399 ], [ 5043952.174684909172356, 1878835.79760684678331 ], [ 5042912.961385352537036, 1880535.663444008445367 ], [ 5040952.392590949311852, 1881576.351210203021765 ], [ 5038871.037860612384975, 1881720.230492229107767 ], [ 5036521.377617586404085, 1881389.924929726868868 ], [ 5034235.317726236768067, 1880679.741658659651875 ], [ 5032390.018787549808621, 1879675.349363049259409 ], [ 5031275.655808045528829, 1878014.11676516267471 ], [ 5031249.047472022473812, 1875922.532610819675028 ], [ 5031630.067578227259219, 1873545.802419887855649 ], [ 5031778.173313443548977, 1871025.660519878380001 ], [ 5031345.717488953843713, 1868370.491779958829284 ], [ 5030627.502504981122911, 1867486.067246974445879 ], [ 5029536.920978209935129, 1867809.225613204063848 ], [ 5027974.231936141848564, 1868782.57763375621289 ], [ 5026133.565104047767818, 1869532.734799694269896 ], [ 5024305.861364338546991, 1869579.353552839253098 ], [ 5022567.465684705413878, 1869027.236416163854301 ], [ 5020918.614135697484016, 1868008.007328754058108 ] ] } },
{ "type": "Feature", "properties": { "featurecla": "River", "scalerank": 9.0, "rivernum": 1067.0, "name": "Strymnas", "name_en": "Struma", "strokeweig": 0.2 }, "geometry": { "type": "LineString", "coordinates": [ [ 5020918.614135697484016, 1868008.007328754058108 ], [ 5019395.808383138850331, 1866605.885066649643704 ], [ 5016804.779215662740171, 1863165.372674128040671 ], [ 5015782.076744202524424, 1861344.109454300720245 ], [ 5014677.814498067833483, 1857629.368741608224809 ], [ 5015290.391859422437847, 1854720.256707653636113 ], [ 5021507.860405796207488, 1846415.859121698187664 ], [ 5023656.606340475380421, 1844158.489309524418786 ], [ 5026050.043306963518262, 1842495.11140638589859 ], [ 5029043.957038869149983, 1841421.450169756775722 ], [ 5030987.254564676433802, 1841198.723699004855007 ], [ 5031941.282189321704209, 1840950.115240044659004 ], [ 5032807.95433765091002, 1840336.884051373926923 ], [ 5033497.93253184016794, 1839254.517634852323681 ], [ 5033770.330272865481675, 1838275.903306168038398 ], [ 5034206.890834953635931, 1837318.155950967920944 ], [ 5035364.745936476625502, 1836259.22418806841597 ], [ 5036235.182929387316108, 1835856.55660959566012 ], [ 5039198.334998015314341, 1835082.432167946361005 ], [ 5040398.469584172591567, 1834469.85061620734632 ], [ 5045526.40500464104116, 1829815.596998224733397 ], [ 5046615.071467032656074, 1828468.709957245737314 ], [ 5047606.29443805385381, 1826615.066908470354974 ], [ 5048357.74230051599443, 1824153.849325203569606 ], [ 5048903.551483464427292, 1821655.819745614426211 ], [ 5049683.51011635363102, 1819307.021536676678807 ], [ 5051104.65356291923672, 1817301.261358948424459 ], [ 5054162.452408140525222, 1814162.583382481243461 ], [ 5055438.714109070599079, 1812306.085211436264217 ], [ 5058527.619983749464154, 1804787.491377215366811 ], [ 5059833.680361329577863, 1802599.892465762794018 ], [ 5061563.1487210188061, 1800434.627164512872696 ], [ 5062908.159151188097894, 1798375.259344348916784 ], [ 5063381.299373312853277, 1796306.925809341948479 ], [ 5063707.953562039881945, 1791358.421849090140313 ], [ 5064353.236641052179039, 1789005.729013886768371 ], [ 5068445.107258856296539, 1779629.108363388571888 ], [ 5069840.924147098325193, 1777672.587569379713386 ], [ 5073155.545542236417532, 1773989.111520017962903 ], [ 5074282.513255478814244, 1772011.129696295596659 ], [ 5076541.599687316454947, 1765356.208465730538592 ], [ 5077705.666273655369878, 1763228.447989934589714 ], [ 5079050.864637606777251, 1761289.87178783910349 ], [ 5080562.138726696372032, 1759624.114104306790978 ], [ 5082259.186269130557775, 1758323.867827902780846 ], [ 5083789.519816249608994, 1757430.195129457861185 ], [ 5084941.287504398263991, 1756567.437257319688797 ], [ 5085808.245710350573063, 1755331.992347335908562 ], [ 5086449.379012292250991, 1753311.225547518813983 ], [ 5087025.043822916224599, 1749892.578732913127169 ], [ 5087137.275106579065323, 1748098.503593235276639 ], [ 5087014.183132549747825, 1746501.378510493552312 ], [ 5085859.585667036473751, 1743734.625441920710728 ], [ 5083966.722498267889023, 1742289.871004682034254 ], [ 5075630.725739380344748, 1739690.545712161110714 ], [ 5073836.693402455188334, 1738585.442254878813401 ], [ 5073025.541649312712252, 1736989.242741745198146 ], [ 5073523.374332344159484, 1735421.025635043391958 ], [ 5074819.916718006134033, 1734595.029565601143986 ], [ 5077678.301960960961878, 1733487.586854165885597 ], [ 5078740.814571890048683, 1732385.359597516478971 ], [ 5080423.201757599599659, 1730133.405315526993945 ], [ 5081553.765518061816692, 1729178.52023995667696 ], [ 5084390.931563689373434, 1727740.428034845273942 ], [ 5085234.897977521643043, 1727022.535224267980084 ], [ 5086013.934667114168406, 1725877.533913750667125 ], [ 5087335.322971592657268, 1723210.032985958503559 ], [ 5088103.040745345875621, 1721973.956758939893916 ], [ 5088869.268264623358846, 1721061.340377942891791 ], [ 5089652.999843258410692, 1720300.326161900768057 ], [ 5091244.416824508458376, 1719187.517346112290397 ] ] } },
{ "type": "Feature", "properties": { "featurecla": "River", "scalerank": 9.0, "rivernum": 1067.0, "name": "Strymnas", "name_en": "Struma", "strokeweig": 0.25 }, "geometry": { "type": "LineString", "coordinates": [ [ 5091244.416824508458376, 1719187.517346112290397 ], [ 5104202.15006392262876, 1713886.244318163720891 ], [ 5107312.790175401605666, 1713326.838845929596573 ], [ 5114036.371958382427692, 1714147.406832392327487 ], [ 5128141.714313034899533, 1712744.780130680184811 ], [ 5131886.672564032487571, 1711208.706406932324171 ], [ 5133323.245877595618367, 1709899.469409783836454 ], [ 5134464.763958662748337, 1708310.227833184879273 ], [ 5135348.212412391789258, 1706504.573030598694459 ], [ 5136059.584068447351456, 1704547.345032238634303 ], [ 5136620.94700566958636, 1701193.85526484856382 ], [ 5137390.735673232935369, 1700339.546479603042826 ], [ 5138146.935791536234319, 1699817.908346279757097 ], [ 5138557.208780044689775, 1699214.479559944011271 ], [ 5138360.82134158257395, 1697649.808755149133503 ] ] } },
{ "type": "Feature", "properties": { "featurecla": "River", "scalerank": 9.0, "rivernum": 1069.0, "name": "Marne", "name_en": "Marne", "strokeweig": 0.15 }, "geometry": { "type": "LineString", "coordinates": [ [ 3668075.995055043138564, 2367365.831788579002023 ], [ 3666613.918443539645523, 2367467.53321689972654 ], [ 3664940.372004700824618, 2368145.699743744917214 ], [ 3662739.777836804278195, 2369993.826152010820806 ], [ 3662162.882414195220917, 2370490.579945115372539 ], [ 3660560.476189497858286, 2372985.586612903047353 ], [ 3658484.69228228693828, 2381678.528318586293608 ], [ 3657165.351784388534725, 2384209.157609758898616 ], [ 3653830.849832579027861, 2387725.757856363896281 ], [ 3652946.087214794475585, 2389295.674352999310941 ], [ 3651894.402080027386546, 2391805.059310502838343 ], [ 3651573.978671580087394, 2392935.899485864676535 ], [ 3651369.052943815477192, 2394374.760921126231551 ], [ 3651383.417591304518282, 2396362.005975112784654 ], [ 3652336.296531745698303, 2401227.725379344541579 ], [ 3652204.333776941522956, 2403611.056758237536997 ], [ 3651279.817641113419086, 2407616.457572300452739 ], [ 3651450.571897911839187, 2410208.619834006763995 ], [ 3652244.689161796122789, 2413206.755927359685302 ], [ 3652130.643451875075698, 2414673.696449828334153 ], [ 3651018.711551880463958, 2415740.984282632824033 ], [ 3651334.668686982244253, 2415904.206808605231345 ], [ 3651692.695028447546065, 2416280.30209861183539 ], [ 3652054.548981822561473, 2416821.829642219934613 ], [ 3652423.177036537788808, 2417520.704131658188999 ] ] } },
{ "type": "Feature", "properties": { "featurecla": "River", "scalerank": 9.0, "rivernum": 1069.0, "name": "Marne", "name_en": "Marne", "strokeweig": 0.2 }, "geometry": { "type": "LineString", "coordinates": [ [ 3652423.177036537788808, 2417520.704131658188999 ], [ 3653078.015489853452891, 2419055.392243533395231 ], [ 3653615.836983599700034, 2420734.532977310474962 ], [ 3653966.500811255071312, 2422341.814898194279522 ], [ 3654053.339650322217494, 2423666.625715361442417 ], [ 3653635.947849194519222, 2428616.293670350685716 ], [ 3653734.728069288190454, 2429214.566860500723124 ], [ 3654339.101901130285114, 2430160.920593781396747 ], [ 3654421.732722404412925, 2430620.898880237247795 ], [ 3654045.549996295943856, 2431284.511865334585309 ], [ 3652535.331396635156125, 2433416.391247070860118 ], [ 3651329.032623610459268, 2436740.786348668858409 ], [ 3647881.43849856313318, 2442500.043348412029445 ], [ 3646825.061043964698911, 2445376.528526357375085 ], [ 3646808.674901588819921, 2445911.409322067163885 ], [ 3647079.413439348805696, 2447189.534890464507043 ], [ 3647055.470150326378644, 2447611.852178724016994 ], [ 3646578.848304954357445, 2448043.568162670824677 ], [ 3646085.803898254875094, 2447971.582659287843853 ], [ 3645575.618376054335386, 2447800.878500368446112 ], [ 3645106.739068344701082, 2447932.452237460762262 ], [ 3643503.942646896466613, 2449237.414376291912049 ], [ 3642023.826075358316302, 2450029.668344256933779 ], [ 3640452.834558208938688, 2450405.218109695706517 ], [ 3637068.937355376314372, 2450624.866923760157079 ], [ 3632675.66290722694248, 2452363.665907124523073 ], [ 3629684.686165748629719, 2452705.327830499969423 ], [ 3623681.460171490442008, 2452356.415472867898643 ], [ 3620728.20317670982331, 2453463.284124724566936 ], [ 3619100.948177595622838, 2454817.411397576332092 ], [ 3615152.711101940833032, 2459906.17405688483268 ], [ 3614950.615460273809731, 2460710.156128133181483 ], [ 3614784.871693109162152, 2464610.144570859149098 ], [ 3614444.389491895213723, 2465750.509490521159023 ], [ 3613937.067178150173277, 2466795.357408152427524 ], [ 3613336.728878592140973, 2467707.722732431255281 ], [ 3612679.078227009158581, 2468453.430118597112596 ], [ 3612216.919068049639463, 2469395.179326921701431 ], [ 3611061.53967452282086, 2473723.971096341498196 ], [ 3609892.219274525064975, 2475741.916703535243869 ], [ 3608565.040140711702406, 2477493.16567859146744 ], [ 3607914.076560212764889, 2477931.311967498622835 ], [ 3606355.817689625080675, 2478579.903280676342547 ], [ 3605871.707847258076072, 2479155.69941675150767 ], [ 3604967.250731851905584, 2481420.664154038764536 ], [ 3604481.767122770659626, 2482338.710325969383121 ], [ 3603810.799389043822885, 2483323.506180566735566 ], [ 3601735.864097155630589, 2485580.829936106223613 ], [ 3601118.574794076383114, 2486575.088697186205536 ], [ 3600029.566846347413957, 2489773.401634806767106 ], [ 3599374.339309460483491, 2490712.953050294891 ], [ 3598159.883660903666168, 2491582.579389951191843 ], [ 3593858.649314563255757, 2493494.750687255058438 ], [ 3588458.26758794952184, 2498194.484287061262876 ], [ 3586325.340919426176697, 2499000.40255916910246 ], [ 3579108.525871928781271, 2499731.924405765719712 ], [ 3578128.191890960559249, 2500100.821121360640973 ], [ 3577832.246279885992408, 2500716.954892839770764 ], [ 3577721.988684890326113, 2501489.085382691584527 ], [ 3577269.290571548976004, 2502302.209779968019575 ], [ 3576585.581240464467555, 2502739.44149869075045 ], [ 3574132.593200107105076, 2503274.048948161769658 ], [ 3569667.285398418083787, 2505018.330203094519675 ], [ 3563399.1882354747504, 2504901.587339197751135 ], [ 3560000.427728868555278, 2506012.198875028640032 ], [ 3544791.085687628481537, 2507172.623931746464223 ], [ 3542830.227842974476516, 2506507.504610725678504 ], [ 3539058.169891846366227, 2504075.862806478980929 ], [ 3537048.563409756869078, 2503548.728708798065782 ], [ 3535478.190873797982931, 2503525.558104012161493 ], [ 3534709.477521799504757, 2503330.961462519597262 ], [ 3533974.501974674873054, 2502856.92446160223335 ], [ 3533624.16644750116393, 2502348.460015203338116 ], [ 3533116.090871371328831, 2500932.413477424532175 ], [ 3532802.037272727116942, 2500328.549232204444706 ], [ 3532268.497099040541798, 2499789.199943977408111 ], [ 3530222.433423177804798, 2498427.579671741463244 ], [ 3529008.716869014315307, 2497923.631919474806637 ], [ 3525417.312273192685097, 2497317.528167543001473 ] ] } },
{ "type": "Feature", "properties": { "featurecla": "River", "scalerank": 9.0, "rivernum": 1069.0, "name": "Marne", "name_en": "Marne", "strokeweig": 0.25 }, "geometry": { "type": "LineString", "coordinates": [ [ 3525417.312273192685097, 2497317.528167543001473 ], [ 3524219.661889937706292, 2497037.048610569909215 ], [ 3523099.604509983211756, 2497113.2240094919689 ], [ 3522043.935661328956485, 2497512.994517855346203 ], [ 3519797.334395091980696, 2498984.257359345443547 ], [ 3518921.280883294530213, 2499183.736819811630994 ], [ 3518101.86418057186529, 2498759.058342919219285 ], [ 3515660.402044149581343, 2496556.828460794873536 ], [ 3514298.540618538390845, 2495903.92239356180653 ], [ 3512887.467427440453321, 2495656.396687975153327 ], [ 3508151.450515869539231, 2496217.658987230155617 ], [ 3506471.382686262018979, 2496872.042873728089035 ], [ 3505863.760702074039727, 2497891.438503806944937 ], [ 3506739.194793019909412, 2498598.838369862642139 ], [ 3508188.278351387009025, 2498883.225737160537392 ], [ 3509116.796528542414308, 2499717.69305058568716 ], [ 3508444.792443576268852, 2502073.399890831671655 ], [ 3507779.432056437246501, 2502734.444732373580337 ], [ 3507254.69531880505383, 2502317.792037722654641 ], [ 3506737.881101646926254, 2501510.474865100346506 ], [ 3506118.857599216047674, 2501015.90836085844785 ], [ 3505340.215362134389579, 2501031.946520427707583 ], [ 3502873.421409198082983, 2501707.228525408543646 ], [ 3502595.108096684794873, 2501878.772157857660204 ], [ 3502264.33184174168855, 2501791.848112559877336 ], [ 3501640.163339770864695, 2501140.159163930919021 ], [ 3500859.48689427273348, 2499871.113287847023457 ], [ 3501149.070290689822286, 2499382.185781937558204 ], [ 3501668.108830766286701, 2498897.646414687857032 ], [ 3501551.179873409681022, 2497604.466719852294773 ], [ 3500320.083690633997321, 2495877.907899430021644 ], [ 3498883.406687702983618, 2495739.312738812062889 ], [ 3497486.13292983174324, 2496190.247271024156362 ], [ 3496384.785968326497823, 2496217.627817704342306 ], [ 3495727.991347598377615, 2495350.915573771577328 ], [ 3494589.828554325271398, 2492746.745103789959103 ], [ 3493970.660939087159932, 2492095.27231849078089 ], [ 3492911.956626898609102, 2492285.196363057009876 ], [ 3492373.282148766331375, 2493246.942032641265541 ], [ 3491774.303316446486861, 2495830.276515782810748 ], [ 3490939.696902843657881, 2496457.406581271439791 ], [ 3489631.865156496874988, 2496045.160959283355623 ], [ 3488080.188784071244299, 2495275.002846566960216 ], [ 3485469.616302841808647, 2494517.528543325606734 ], [ 3485542.336292145308107, 2493917.25903566274792 ], [ 3486571.077343575190753, 2492827.275028329808265 ], [ 3487261.735542351845652, 2492429.759393528103828 ], [ 3488160.587917374912649, 2492275.465476612560451 ], [ 3488506.672290243208408, 2491906.726180416531861 ], [ 3487588.350562009494752, 2490874.105120637454093 ], [ 3486006.43966536456719, 2490167.967708154115826 ], [ 3479000.57543018925935, 2490006.931417568121105 ], [ 3474526.234139438718557, 2491168.040999145247042 ], [ 3473841.386155852116644, 2491205.517519960179925 ], [ 3473163.737203272990882, 2491107.890806812327355 ], [ 3472554.182476134970784, 2490755.613889737986028 ], [ 3471890.064330540131778, 2489865.779035318177193 ], [ 3470822.782868640497327, 2487851.491521751508117 ], [ 3469921.668481954839081, 2487033.350298427045345 ], [ 3468329.925323848146945, 2486786.696060769725591 ], [ 3467611.682503269053996, 2486469.71692310879007 ], [ 3467553.251400108914822, 2485726.804871948901564 ], [ 3468248.465838313568383, 2485133.78202346060425 ], [ 3469283.538457045331597, 2484593.296243297867477 ], [ 3470032.938292897772044, 2483844.735581672284752 ], [ 3469906.224267687182873, 2482597.224428240209818 ], [ 3469001.837104493752122, 2481755.724704940337688 ], [ 3468022.888712957501411, 2482066.357442117761821 ], [ 3467133.453798565547913, 2482979.811941375490278 ], [ 3465635.762408603914082, 2485026.330233240965754 ], [ 3464610.08145088609308, 2485553.430387859232724 ], [ 3463475.941541184671223, 2485701.615695985034108 ], [ 3462305.40816864464432, 2485597.998010206967592 ] ] } },
{ "type": "Feature", "properties": { "featurecla": "River", "scalerank": 9.0, "rivernum": 1120.0, "name": "Segre", "name_en": "Segre", "strokeweig": 0.15 }, "geometry": { "type": "LineString", "coordinates": [ [ 3351368.966418873518705, 1819755.56822111364454 ], [ 3348339.790241967421025, 1817091.412338086403906 ], [ 3347365.059126344043761, 1815826.260082100052387 ], [ 3348092.792352470569313, 1813331.850027201231569 ], [ 3349979.654710354283452, 1807872.415537180146202 ], [ 3348976.649749785196036, 1803964.084061271045357 ], [ 3344611.306518082506955, 1802664.0883196615614 ], [ 3340771.908118356019258, 1802101.582804556004703 ], [ 3322590.826612300239503, 1802622.285764663945884 ] ] } },
{ "type": "Feature", "properties": { "featurecla": "River", "scalerank": 9.0, "rivernum": 1120.0, "name": "Segre", "name_en": "Segre", "strokeweig": 0.2 }, "geometry": { "type": "LineString", "coordinates": [ [ 3322590.826612300239503, 1802622.285764663945884 ], [ 3317127.937372169923037, 1802788.739859968889505 ], [ 3314359.135976021178067, 1802417.366392727475613 ], [ 3311822.192541762255132, 1801159.723096340894699 ], [ 3308307.424557210411876, 1798720.024110176600516 ], [ 3306724.358083831146359, 1797192.534634924959391 ], [ 3305556.68179308436811, 1795099.522241547703743 ], [ 3298774.007493635639548, 1772782.716941716149449 ], [ 3298080.481471648439765, 1771286.404583440162241 ], [ 3292072.229960253462195, 1762320.216555851977319 ], [ 3290193.808841032441705, 1760157.285379775101319 ], [ 3287826.464165722951293, 1758279.971131995087489 ], [ 3285929.332181035540998, 1757742.010109451133758 ], [ 3275252.282263852190226, 1757177.370854502543807 ], [ 3269860.904005154501647, 1758237.480921184644103 ], [ 3267038.962565938010812, 1758307.296597810462117 ], [ 3264357.020946579053998, 1757416.304638310801238 ], [ 3258489.251691595651209, 1753153.654510295484215 ], [ 3257511.662552046123892, 1752261.147700782399625 ], [ 3256268.701753665227443, 1750301.953180651413277 ], [ 3253452.462358012329787, 1743445.150496660731733 ], [ 3251705.398961351253092, 1740932.38746215030551 ], [ 3245527.300825153011829, 1734632.806093162391335 ], [ 3243213.206081819720566, 1733443.206323949154466 ], [ 3241249.482531276531518, 1732022.765020028455183 ], [ 3237440.962045456748456, 1728251.54966695420444 ], [ 3236777.955497332382947, 1727363.548411341849715 ], [ 3236322.524859027005732, 1726625.413083024788648 ], [ 3235731.417605480179191, 1726019.548364566406235 ], [ 3234661.807702895253897, 1725501.703671645373106 ], [ 3233813.395664270501584, 1725364.550268201855943 ], [ 3232213.228527147788554, 1725500.436657959828153 ], [ 3231413.67583411000669, 1725432.167154369410127 ], [ 3229297.421788013540208, 1724368.312092214589939 ], [ 3224105.106413550674915, 1718608.094840878155082 ], [ 3212028.534207950346172, 1710093.241154183400795 ], [ 3209542.87875553406775, 1706667.686970061855391 ] ] } },
{ "type": "Feature", "properties": { "featurecla": "River", "scalerank": 9.0, "rivernum": 1133.0, "name": "Drin", "name_en": "Drin", "strokeweig": 0.2 }, "geometry": { "type": "LineString", "coordinates": [ [ 4874028.281635076738894, 1697223.249766048975289 ], [ 4873676.818353888578713, 1699081.171456260140985 ], [ 4872409.849849825724959, 1701666.446964917704463 ], [ 4871952.935088166967034, 1703361.3971183442045 ], [ 4871418.000703457742929, 1704452.493934580357745 ], [ 4867611.380876987241209, 1707913.203812392661348 ], [ 4867217.792851637117565, 1708593.321270899614319 ], [ 4867453.014837864786386, 1709426.083642448065802 ], [ 4868131.515772537328303, 1710936.841013681143522 ], [ 4868365.990129299461842, 1711828.49189266609028 ], [ 4865578.923880387097597, 1716235.474188623018563 ], [ 4864620.845552236773074, 1716914.295650884741917 ], [ 4863314.733630152419209, 1718132.493399074766785 ], [ 4860268.291886676102877, 1723877.181165927788243 ], [ 4857883.617260433733463, 1725267.647008283995092 ], [ 4856616.364364116452634, 1727135.00428544729948 ], [ 4855951.605271430686116, 1727837.917420625220984 ], [ 4855705.172055759467185, 1728236.519684468628839 ], [ 4855426.627332550473511, 1728550.1725737194065 ], [ 4854701.030596414580941, 1728976.609816071810201 ], [ 4853992.585900858975947, 1729143.096397892339155 ], [ 4852506.910154991783202, 1729112.959387769689783 ], [ 4851784.723552760668099, 1729376.817342733964324 ], [ 4851435.101338498294353, 1729795.622813990572467 ], [ 4850876.328155342489481, 1730947.852698943112046 ], [ 4850365.710929512046278, 1731424.075856379698962 ], [ 4850251.686543515883386, 1732224.584369455464184 ], [ 4851018.682955940254033, 1733619.259144108742476 ], [ 4850266.516151932068169, 1735311.485602405620739 ], [ 4848985.926194869913161, 1737158.709669552743435 ], [ 4848159.782364953309298, 1739009.0622837995179 ], [ 4848031.569593082182109, 1740757.844893265282735 ], [ 4847758.539581940509379, 1741067.04708181344904 ], [ 4846190.240928124636412, 1742490.599298380082473 ], [ 4839294.380482169799507, 1746962.041079765884206 ], [ 4838446.236969876103103, 1748140.533784892875701 ], [ 4837351.6324508395046, 1755912.630650245584548 ], [ 4837268.554383855313063, 1757640.138067330000922 ], [ 4837964.587381461635232, 1761082.754970768466592 ], [ 4837971.058686508797109, 1763079.585573052056134 ], [ 4837241.935509072616696, 1764560.555907852714881 ], [ 4834520.157549772411585, 1767641.562741191592067 ], [ 4833749.192014402709901, 1769627.617165924981236 ], [ 4834107.649281670339406, 1771569.099690610077232 ], [ 4836477.946345523931086, 1773462.44622886669822 ], [ 4836853.787917937152088, 1774959.898142542922869 ], [ 4836822.754535768181086, 1775830.165199687937275 ], [ 4837017.54977804236114, 1777475.883729710243642 ], [ 4836935.274866726249456, 1778707.970121923368424 ], [ 4836675.411247407086194, 1779473.629140992183238 ], [ 4835835.699426169507205, 1780898.222356612561271 ], [ 4835562.254016503691673, 1781704.734456371981651 ], [ 4835510.085794562473893, 1782724.321439411491156 ], [ 4836052.56521740462631, 1787408.659356141230091 ], [ 4836560.607043549418449, 1789593.060627638362348 ], [ 4836640.843625771813095, 1790799.716139876982197 ], [ 4834814.298804762773216, 1790616.328175667673349 ], [ 4831037.597391149029136, 1792035.894801545189694 ], [ 4828039.724233981221914, 1794475.523419706616551 ], [ 4828551.60703813098371, 1797407.638094309018925 ], [ 4827715.070064089260995, 1797926.493546627927572 ], [ 4826329.363977047614753, 1799443.050260333810002 ], [ 4825534.218202888034284, 1800010.675563865806907 ], [ 4820049.875989341177046, 1801485.563991736155003 ], [ 4819314.83682004082948, 1801570.507045517675579 ], [ 4818853.239674572832882, 1801947.34726700023748 ], [ 4818454.588136291131377, 1802386.388431777711958 ], [ 4817935.927804823033512, 1802688.554152496391907 ], [ 4817345.507186137139797, 1802734.97643604176119 ], [ 4815452.94597957842052, 1802344.788927156012505 ], [ 4805786.937518732622266, 1805504.46462052850984 ], [ 4804690.278317547403276, 1805688.579116702312604 ], [ 4802337.161600220017135, 1805688.402435785159469 ], [ 4801376.945020131766796, 1806038.566398464608938 ], [ 4800703.198146563023329, 1807055.403150508413091 ], [ 4800261.333474983461201, 1808352.119675845606253 ], [ 4799674.711111987940967, 1809314.031123884487897 ], [ 4798575.617073802277446, 1809290.481683158781379 ], [ 4798055.523163356818259, 1808739.324356834404171 ], [ 4795101.896201738156378, 1804267.656926878960803 ], [ 4794274.815220414660871, 1802660.716695069801062 ], [ 4793737.736051769927144, 1800900.634648341685534 ], [ 4793550.635973876342177, 1798837.780139642301947 ], [ 4793689.794439386576414, 1795349.774058095179498 ], [ 4793900.205400966107845, 1794966.739803432719782 ], [ 4794370.822489227168262, 1794274.143048028461635 ], [ 4794845.271011104807258, 1793849.174040153156966 ], [ 4795097.493777304887772, 1794278.423874272033572 ], [ 4794411.522441849112511, 1791547.170093657448888 ], [ 4792991.462046280503273, 1789833.971856722608209 ], [ 4791330.294153975322843, 1788489.56129898596555 ], [ 4789918.267058393917978, 1786853.096941785886884 ], [ 4788667.558640863746405, 1784597.490705180447549 ], [ 4788056.191680420190096, 1784347.759711948223412 ], [ 4784191.963374994695187, 1783842.404652771772817 ], [ 4782922.178115115500987, 1783906.621906726621091 ], [ 4781906.366181609220803, 1784367.857046525459737 ], [ 4781280.89187868963927, 1783681.689794941805303 ], [ 4779491.507030616514385, 1782527.073470044415444 ], [ 4778919.177537584677339, 1781736.034065542044118 ], [ 4777402.196508327499032, 1782076.049491402925923 ], [ 4775884.096661533229053, 1781364.169232439715415 ], [ 4775423.20736987516284, 1780022.019430267624557 ], [ 4777076.021966299042106, 1778436.098020667675883 ], [ 4776366.831304942257702, 1776313.468591421376914 ], [ 4775033.415578951127827, 1773567.117855427786708 ], [ 4773138.681068001314998, 1771538.414512256160378 ], [ 4770733.157850757241249, 1771559.089123602490872 ], [ 4770620.078238241374493, 1770374.713235335890204 ], [ 4770360.804170422255993, 1769609.305614796932787 ], [ 4769554.046080557629466, 1767747.368494651746005 ], [ 4770347.766597535461187, 1767161.333723807474598 ], [ 4771828.281818470917642, 1766600.553999131545424 ], [ 4772594.297851949930191, 1765832.195768857840449 ], [ 4773163.46467231027782, 1764677.673213500995189 ], [ 4773723.788777025416493, 1762520.335051248315722 ], [ 4774305.881105506792665, 1761575.809374089818448 ], [ 4779127.273144755512476, 1757776.798772513866425 ], [ 4780668.855818608775735, 1755681.286362466402352 ], [ 4780060.09057410992682, 1752795.843919166829437 ], [ 4780006.833664794452488, 1752195.67010184796527 ], [ 4780670.546258584596217, 1750946.669604948256165 ], [ 4781000.901681690476835, 1749953.208171856589615 ], [ 4780939.453110284171999, 1748988.482265636557713 ], [ 4780015.522698087617755, 1748161.870125316781923 ], [ 4776723.12411942332983, 1746961.858117603696883 ], [ 4775640.232748263515532, 1746735.196594661101699 ] ] } },
{ "type": "Feature", "properties": { "featurecla": "River", "scalerank": 9.0, "rivernum": 1134.0, "name": "Minho", "name_en": "Minho", "strokeweig": 0.2 }, "geometry": { "type": "LineString", "coordinates": [ [ 2547555.020945094525814, 1920132.986503522610292 ], [ 2546434.446382281370461, 1920215.369103981880471 ], [ 2544939.702831129077822, 1920086.395719256717712 ], [ 2541830.011297912336886, 1918855.094869495835155 ], [ 2540246.25723116658628, 1918634.902227006852627 ], [ 2538892.662519274279475, 1918908.496521879453212 ], [ 2538264.727957770694047, 1918917.013534730765969 ], [ 2537451.897618546150625, 1918644.670142614748329 ], [ 2534983.042344518005848, 1917325.133187118917704 ], [ 2533486.846703110728413, 1916958.665756997652352 ], [ 2520902.072880052961409, 1918073.210003534797579 ], [ 2519287.660163719207048, 1917890.533511915942654 ], [ 2516117.216575217433274, 1916724.133480510208756 ], [ 2514520.906032144557685, 1916505.101773189380765 ], [ 2511632.358242454007268, 1917157.382467363029718 ], [ 2510197.216434940695763, 1917234.290146055165678 ], [ 2508607.37169143743813, 1916569.373142627067864 ], [ 2507659.637053507380188, 1915692.608328748960048 ], [ 2506238.069015505723655, 1913644.625963302329183 ], [ 2505372.525289041455835, 1912741.276132620172575 ], [ 2503491.512451069429517, 1912078.481356108561158 ], [ 2501317.597135446034372, 1911989.807385558728129 ], [ 2499311.202578241936862, 1911541.09672600752674 ], [ 2498311.970566430594772, 1911088.839888870250434 ] ] } },
{ "type": "Feature", "properties": { "featurecla": "River", "scalerank": 9.0, "rivernum": 1135.0, "name": "Bojana", "name_en": "Bojana", "strokeweig": 0.2 }, "geometry": { "type": "LineString", "coordinates": [ [ 4764012.949223260395229, 1779179.719086129684001 ], [ 4764820.641136479564011, 1778563.144382864236832 ], [ 4765342.400178306736052, 1777450.485106739681214 ], [ 4765528.219242153689265, 1776166.251179910264909 ], [ 4765316.915639450773597, 1775028.263520106673241 ], [ 4764760.519265316426754, 1774465.169982300372794 ], [ 4763209.744407867081463, 1774078.38771504862234 ], [ 4762771.165691001340747, 1773773.636345510836691 ], [ 4762115.463900444097817, 1772741.503564315382391 ], [ 4761186.597958722151816, 1772066.850792983779684 ], [ 4759123.593057949095964, 1771383.227698013652116 ], [ 4757799.159203389659524, 1771774.459284122567624 ], [ 4756971.837137776426971, 1771642.091601414140314 ], [ 4756406.865054229274392, 1770670.348599210381508 ], [ 4756100.297437697649002, 1767606.533971678465605 ], [ 4755672.113849440589547, 1767151.531732955481857 ], [ 4755025.029569012112916, 1766975.728318765293807 ], [ 4754654.877716248854995, 1766533.533191138878465 ], [ 4755487.454411307349801, 1764124.503762218169868 ], [ 4755388.883779698051512, 1763332.356939846184105 ], [ 4755165.760105050168931, 1762735.288496085209772 ], [ 4755128.288475992158055, 1762183.188707482069731 ], [ 4755259.406907352618873, 1761465.620170551352203 ], [ 4755265.172010369598866, 1761012.453855350613594 ], [ 4755508.05524626839906, 1760608.123905634041876 ], [ 4756353.418541128747165, 1759984.081991638988256 ], [ 4757147.844114928506315, 1758915.718793952139094 ], [ 4757439.289251754060388, 1756095.617444761563092 ], [ 4757704.473658138886094, 1754954.416293505579233 ] ] } },
{ "type": "Feature", "properties": { "featurecla": "River", "scalerank": 8.0, "rivernum": 643.0, "name": "Dordogne", "name_en": "Dordogne", "strokeweig": 0.2 }, "geometry": { "type": "LineString", "coordinates": [ [ 3373440.788498325273395, 2072206.925937423482537 ], [ 3370596.838070773519576, 2072807.725328299682587 ] ] } },
{ "type": "Feature", "properties": { "featurecla": "River", "scalerank": 8.0, "rivernum": 643.0, "name": "Dordogne", "name_en": "Dordogne", "strokeweig": 0.15 }, "geometry": { "type": "LineString", "coordinates": [ [ 3452780.175643454771489, 2138166.794328889343888 ], [ 3450993.366532436106354, 2138490.879947636276484 ], [ 3448527.919564142357558, 2140392.317073934711516 ], [ 3444378.076273587532341, 2141572.115877978503704 ], [ 3442802.262643345631659, 2141769.47815469186753 ], [ 3441139.020648932084441, 2141539.828041397966444 ], [ 3440451.837949935812503, 2141164.751076124142855 ], [ 3437467.807272823527455, 2138816.371582707390189 ] ] } },
{ "type": "Feature", "properties": { "featurecla": "River", "scalerank": 8.0, "rivernum": 643.0, "name": "Dordogne", "name_en": "Dordogne", "strokeweig": 0.2 }, "geometry": { "type": "LineString", "coordinates": [ [ 3437467.807272823527455, 2138816.371582707390189 ], [ 3435983.633496445603669, 2137729.120979222469032 ], [ 3435740.870230249129236, 2137642.673643202986568 ], [ 3435030.616113238502294, 2136683.434918760787696 ], [ 3434338.69258478609845, 2131882.527447073720396 ], [ 3433777.428514112252742, 2130384.514742139726877 ], [ 3433980.317484934814274, 2128353.943970010615885 ], [ 3433326.282422670163214, 2126018.957367794588208 ], [ 3432399.817521813791245, 2123608.492802359163761 ], [ 3431815.100678010843694, 2121340.439275195356458 ], [ 3431234.304014108609408, 2119918.371323595754802 ], [ 3430024.575493717100471, 2119129.197211161255836 ], [ 3428474.701746411155909, 2118917.327740310691297 ], [ 3426869.099004674237221, 2119253.886212053708732 ], [ 3425459.043063209857792, 2120113.094629768282175 ], [ 3422902.379344478715211, 2122241.932196778710932 ], [ 3421234.856704261153936, 2122798.27040520356968 ], [ 3420569.556592143606395, 2122563.09407593216747 ], [ 3420438.680602286942303, 2121841.217211696319282 ], [ 3420653.512528666295111, 2120967.025422910228372 ], [ 3421426.989041328430176, 2119259.741071595344692 ], [ 3421495.823529476765543, 2118556.808630548417568 ], [ 3421280.488344311248511, 2117846.280388525687158 ], [ 3420474.81177620170638, 2116011.690057940315455 ], [ 3419042.094379008747637, 2114144.38577843317762 ], [ 3418693.233741026371717, 2113947.83088696282357 ], [ 3417032.754631216172129, 2112519.991611399222165 ], [ 3416974.698101980611682, 2112142.370431152638048 ], [ 3416353.585003363899887, 2111736.189896524418145 ], [ 3415601.897375828120857, 2109724.25549304112792 ], [ 3415084.182095189578831, 2109310.004068271722645 ], [ 3414153.245402866974473, 2109267.202056390233338 ], [ 3413406.151387793011963, 2108982.9724136213772 ], [ 3412099.149277886841446, 2108207.205796496011317 ], [ 3411774.851263194344938, 2108214.837719390168786 ], [ 3411633.86727967299521, 2108473.139808462932706 ], [ 3411463.67800033185631, 2108631.307928054127842 ], [ 3411064.2979371920228, 2108316.075513049494475 ], [ 3410853.374305884353817, 2107981.01214673416689 ], [ 3410554.884625356178731, 2107205.268471705261618 ], [ 3409439.893816493451595, 2105210.855449081398547 ], [ 3408876.994778437539935, 2104412.755364405922592 ], [ 3408246.506159722805023, 2104108.834866278804839 ], [ 3402713.093879039399326, 2103955.426689346786588 ], [ 3402209.807459906674922, 2104146.801687324419618 ], [ 3401374.774631726555526, 2104733.703313767910004 ], [ 3400990.270370474085212, 2104880.728372598066926 ], [ 3400447.862763388548046, 2104705.860747539903969 ], [ 3399939.109992091078311, 2104252.124609459657222 ], [ 3399589.049082032870501, 2103778.751403440721333 ], [ 3399539.295154218561947, 2103559.073397147934884 ], [ 3398631.421744130551815, 2103815.368802150711417 ], [ 3396982.330023453570902, 2104588.436408955603838 ], [ 3395992.909734084270895, 2104676.595932746771723 ], [ 3394533.235101432539523, 2103807.093761798460037 ], [ 3393396.481171510647982, 2101949.771202839910984 ], [ 3391529.608797900844365, 2097685.521957026794553 ], [ 3390159.081806668080389, 2095867.081988703925163 ], [ 3385193.573957921937108, 2092524.470924532506615 ], [ 3383303.247374672442675, 2090170.90870184963569 ], [ 3383451.002712592482567, 2090491.033204136881977 ], [ 3382386.260317570995539, 2089442.756762975826859 ], [ 3382334.026687456760556, 2088865.810786074958742 ], [ 3383195.073983033187687, 2088161.943968263920397 ], [ 3383121.74456733930856, 2087494.606803497299552 ], [ 3382224.649489226751029, 2087360.172458724118769 ], [ 3378882.727140865288675, 2087630.91956450114958 ], [ 3377045.323158958926797, 2085961.691536890808493 ], [ 3376398.092798654921353, 2084767.280964510049671 ], [ 3377349.121740956325084, 2083686.924865128938109 ], [ 3376247.439723338000476, 2082564.04817938292399 ], [ 3376206.23350216448307, 2081278.474405301036313 ], [ 3376589.462012680247426, 2079818.631721858866513 ], [ 3376737.093533777166158, 2078165.033656165469438 ], [ 3376275.581194322556257, 2076547.138449501711875 ], [ 3375423.408763154409826, 2075073.249155525583774 ], [ 3374431.096195406746119, 2073832.245862759649754 ], [ 3373521.480498363729566, 2072931.889136563055217 ] ] } },
{ "type": "Feature", "properties": { "featurecla": "River", "scalerank": 8.0, "rivernum": 643.0, "name": "Dordogne", "name_en": "Dordogne", "strokeweig": 0.25 }, "geometry": { "type": "LineString", "coordinates": [ [ 3370596.838070773519576, 2072807.725328299682587 ], [ 3367020.66282726963982, 2073659.263561677187681 ], [ 3366633.062539231032133, 2074063.267216129694134 ], [ 3365525.498619023244828, 2075762.130553619004786 ], [ 3365175.336290690116584, 2076162.030987759120762 ], [ 3363417.861224252264947, 2076167.189420891925693 ], [ 3362485.849965740926564, 2076015.676371464971453 ], [ 3361683.452989964745939, 2075746.243645206559449 ], [ 3360297.742728722747415, 2074652.714090486057103 ], [ 3357475.066107693593949, 2071700.969343532808125 ], [ 3356135.460733408574015, 2071191.362337695201859 ], [ 3355473.330080810934305, 2071399.656043836381286 ], [ 3355320.898989299777895, 2071549.642678902018815 ], [ 3354451.444944986607879, 2070310.643866557162255 ], [ 3353895.079954545013607, 2069732.95707213296555 ], [ 3353220.968797431327403, 2069280.163432704284787 ], [ 3352524.569289847277105, 2068962.541966998949647 ], [ 3351881.564759936649352, 2068782.002903276588768 ], [ 3350757.450815125368536, 2068747.098667492391542 ], [ 3349374.729054152034223, 2069118.736634414177388 ], [ 3348277.636766475625336, 2070067.433415575418621 ], [ 3347961.155774784740061, 2071795.487455018330365 ], [ 3347352.399133525788784, 2072820.43110484117642 ], [ 3345670.479218606371433, 2073105.848444859497249 ], [ 3342278.960271994583309, 2072793.250289446674287 ], [ 3337468.736452649813145, 2070846.257664102129638 ], [ 3335311.756115377414972, 2070469.335478625260293 ], [ 3333997.377644694410264, 2069563.853455815464258 ], [ 3333205.066470498219132, 2069405.662181643070653 ], [ 3332357.171588018070906, 2069638.716683668317273 ], [ 3330863.797097110189497, 2070346.387837127549574 ], [ 3330408.942799536976963, 2070487.978282778523862 ], [ 3330053.182686880696565, 2070257.117696644971147 ], [ 3329678.037809600122273, 2069736.836207594722509 ], [ 3329345.565090558957309, 2069068.262860327959061 ], [ 3329105.479560002684593, 2068415.212639878503978 ], [ 3327763.349681726656854, 2069031.433702328708023 ], [ 3325216.03994279820472, 2067367.850352848181501 ], [ 3323770.566057982854545, 2068382.051884273299947 ], [ 3324415.705708315130323, 2068975.747988421004266 ], [ 3324173.061448313761503, 2069156.055080685764551 ], [ 3323982.26702908333391, 2069139.163151625078171 ], [ 3323899.268242151942104, 2069234.00913554104045 ], [ 3323937.882393365725875, 2069775.808248919202015 ], [ 3323461.554744292516261, 2069833.010410991497338 ], [ 3323043.981651306618005, 2069185.544283548835665 ], [ 3322428.84524373523891, 2068622.865007736021653 ], [ 3321911.681653191335499, 2068624.085818760562688 ], [ 3321817.344348223879933, 2069659.398027705028653 ], [ 3321451.590043859556317, 2070133.197027571266517 ], [ 3320476.849304694216698, 2070033.206941681681201 ], [ 3319373.213311955332756, 2069742.032326464075595 ], [ 3318647.182215864770114, 2069670.651277235243469 ], [ 3314529.229413636960089, 2073592.874054713407531 ], [ 3313333.628346871584654, 2074094.143108438234776 ], [ 3312641.222576457075775, 2073523.349084661109373 ], [ 3311865.537312594242394, 2071654.750054876785725 ], [ 3311145.710073367226869, 2071326.212762275245041 ], [ 3308563.361824063118547, 2071515.403493862366304 ], [ 3307760.358026450499892, 2071741.451185227371752 ], [ 3306549.902090828865767, 2072797.944213611772284 ], [ 3305499.849639320746064, 2074232.979470210382715 ], [ 3304348.895255391020328, 2075152.661862243432552 ], [ 3302795.226090980693698, 2074647.052526325220242 ], [ 3301929.281176598276943, 2075731.003911465173587 ], [ 3301605.385869988240302, 2076466.489272037753835 ], [ 3301558.327496601268649, 2077363.988174202153459 ], [ 3301280.112370786722749, 2078253.046534463297576 ], [ 3300414.367289084009826, 2077511.480342252645642 ], [ 3299671.497662995476276, 2076303.55061755143106 ], [ 3299763.204446188174188, 2075766.666210856288671 ], [ 3298304.705157636664808, 2076240.336984659545124 ], [ 3296739.122173700015992, 2078965.12902826955542 ], [ 3295401.524764508940279, 2078469.081707297824323 ], [ 3295175.001329978462309, 2075365.589316317345947 ], [ 3292096.955166407860816, 2074761.973824249114841 ], [ 3263303.344124364200979, 2080424.978785688756034 ], [ 3262503.822032649070024, 2080378.423538330942392 ], [ 3261066.046290177851915, 2080075.847320663742721 ], [ 3260347.237403542734683, 2080069.44361997069791 ], [ 3259577.168211057782173, 2080391.298144340049475 ], [ 3259120.839714020956308, 2080942.851476748008281 ], [ 3258794.58216218650341, 2081477.293945519253612 ], [ 3258413.651826118119061, 2081740.057116011623293 ], [ 3254493.639864316675812, 2083520.625120009761304 ] ] } },
{ "type": "Feature", "properties": { "featurecla": "River", "scalerank": 8.0, "rivernum": 643.0, "name": "Dordogne", "name_en": "Dordogne", "strokeweig": 0.3 }, "geometry": { "type": "LineString", "coordinates": [ [ 3254493.639864316675812, 2083520.625120009761304 ], [ 3253149.63201549090445, 2083924.957158734556288 ], [ 3253475.08651713700965, 2082393.970133055001497 ], [ 3252107.380346933379769, 2081486.568808027077466 ], [ 3249407.642374407500029, 2079043.363739232998341 ], [ 3247914.434576837345958, 2078679.594195450190455 ], [ 3237202.758692397270352, 2081603.15904654096812 ], [ 3237011.951787344180048, 2081966.602522832807153 ], [ 3235873.746020921505988, 2083524.607698997948319 ], [ 3235590.486910679377615, 2083749.192262947093695 ], [ 3235217.872383900452405, 2084344.769028013804927 ], [ 3234180.754363169893622, 2084307.992542436346412 ], [ 3232426.955224960111082, 2083813.757176930084825 ], [ 3227482.954695357009768, 2083502.584262772928923 ], [ 3224588.928539212793112, 2081800.983294863486663 ], [ 3223303.660887559875846, 2082276.256762171164155 ], [ 3221419.89490181254223, 2084520.445501926820725 ], [ 3220695.487344119697809, 2085025.050098248990253 ], [ 3220053.003127929754555, 2085247.179499804507941 ], [ 3219504.804614163003862, 2085575.93415358196944 ], [ 3219033.744530852884054, 2086404.533805674873292 ], [ 3218793.380485771689564, 2087395.179572199471295 ], [ 3218915.123694084584713, 2087971.171336879488081 ], [ 3219209.928106779698282, 2088568.282057880889624 ], [ 3219481.063628270756453, 2089620.68191367876716 ], [ 3219272.61601098254323, 2090540.372821282129735 ], [ 3218582.258140274789184, 2090902.358171341242269 ], [ 3217835.586571014486253, 2090873.45986931421794 ], [ 3217452.71036275010556, 2090607.781944451387972 ], [ 3216996.025363098364323, 2089772.771403387887403 ], [ 3216434.899568897671998, 2090789.716041213367134 ], [ 3216055.32101254304871, 2092238.702036393107846 ], [ 3216166.195040496997535, 2092680.545264513930306 ], [ 3214705.29570581484586, 2093770.356777172069997 ], [ 3213922.143071312457323, 2093196.704474456142634 ], [ 3213187.912751204799861, 2092326.421452401438728 ], [ 3211865.797341501805931, 2092546.60943797044456 ], [ 3211247.42391543649137, 2095673.046986326109618 ], [ 3210691.852300809230655, 2096315.002501339651644 ], [ 3209958.764978541526943, 2096875.67743392335251 ], [ 3209212.267161374446005, 2097273.480917029082775 ], [ 3208620.797069860156626, 2097458.028446525800973 ], [ 3202363.160072398371994, 2098345.282397770322859 ], [ 3201594.14648723974824, 2099178.275544846430421 ], [ 3200618.698710195254534, 2102743.208947434555739 ], [ 3199715.326861488632858, 2104002.684345170855522 ] ] } },
{ "type": "Feature", "properties": { "featurecla": "Lake Centerline", "scalerank": 8.0, "rivernum": 668.0, "name": "Shannon", "name_en": "Shannon", "strokeweig": 0.2 }, "geometry": { "type": "LineString", "coordinates": [ [ 2869239.153436954133213, 3135772.139704425819218 ], [ 2868808.759054645895958, 3137394.726011910010129 ], [ 2868403.288427652325481, 3137928.394317904487252 ], [ 2867830.222418629564345, 3139018.101845551282167 ], [ 2867639.151741571724415, 3140072.682689922861755 ], [ 2867615.264001464936882, 3140582.203263215720654 ], [ 2867617.796779121272266, 3140592.404376701917499 ] ] } },
{ "type": "Feature", "properties": { "featurecla": "Lake Centerline", "scalerank": 8.0, "rivernum": 668.0, "name": "Shannon", "name_en": "Shannon", "strokeweig": 0.2 }, "geometry": { "type": "LineString", "coordinates": [ [ 2860783.186467775143683, 3118672.151504621375352 ], [ 2859561.382153735496104, 3117405.882138691376895 ], [ 2858145.138141628354788, 3115386.881818502210081 ], [ 2858071.703253356739879, 3113139.283325329422951 ], [ 2858544.010873395483941, 3110442.052898145280778 ], [ 2859246.009998590685427, 3107393.088554576970637 ], [ 2859583.367602315731347, 3105544.704727327916771 ], [ 2859634.843628440983593, 3103737.608189573977143 ], [ 2859250.691959049552679, 3100152.38518222887069 ], [ 2858166.702522451989353, 3095812.637197615113109 ] ] } },
{ "type": "Feature", "properties": { "featurecla": "Lake Centerline", "scalerank": 8.0, "rivernum": 668.0, "name": "Shannon", "name_en": "Shannon", "strokeweig": 0.25 }, "geometry": { "type": "LineString", "coordinates": [ [ 2810622.271577619016171, 3037048.359420465771109 ], [ 2811290.109989962540567, 3038747.325293365400285 ], [ 2813692.583296799100935, 3041727.351266026031226 ], [ 2815266.927576820366085, 3043959.708373337518424 ], [ 2816139.373543239198625, 3044929.698928346391767 ], [ 2817665.449445814825594, 3045882.709468848071992 ], [ 2819386.91886854544282, 3046266.490097555331886 ], [ 2821250.174137965776026, 3046449.704123449511826 ], [ 2822665.544056752696633, 3048014.195902238134295 ], [ 2823552.016801272984594, 3050503.400703912600875 ], [ 2824160.71689894143492, 3052483.396527004893869 ], [ 2824931.29159794934094, 3053953.996239894069731 ], [ 2826208.518649060279131, 3055155.80553626222536 ], [ 2827644.56677923630923, 3056639.970616545528173 ], [ 2828881.795078827999532, 3057830.645802236627787 ], [ 2830276.237327990587801, 3058508.067857967223972 ], [ 2833316.02595057990402, 3060361.18297924567014 ] ] } },
{ "type": "Feature", "properties": { "featurecla": "River", "scalerank": 8.0, "rivernum": 668.0, "name": "Shannon", "name_en": "Shannon", "strokeweig": 0.2 }, "geometry": { "type": "LineString", "coordinates": [ [ 2869242.170367041602731, 3135771.392510919831693 ], [ 2869683.10596629884094, 3134092.227552795782685 ], [ 2869611.493502473458648, 3132553.551463947165757 ], [ 2869692.173684660345316, 3131117.998072584625334 ], [ 2870362.987686746753752, 3129994.043491671793163 ], [ 2870877.479865688364953, 3130156.525067469105124 ], [ 2871157.437699450645596, 3129667.896318446379155 ], [ 2871121.435956564731896, 3128743.101419996935874 ], [ 2870679.762279308401048, 3127642.432045044377446 ], [ 2870167.168470086529851, 3127319.772982849273831 ], [ 2867738.050337246619165, 3126783.667124537285417 ], [ 2867793.258363306988031, 3126358.598549020010978 ], [ 2867806.764214242808521, 3125259.099151929374784 ], [ 2867266.693410458508879, 3125514.550006369128823 ], [ 2866772.358972320798784, 3125488.079898096621037 ], [ 2866327.924898428842425, 3125300.426069345325232 ], [ 2865955.349646678194404, 3125027.329024253413081 ], [ 2865797.049298458732665, 3124660.544098602607846 ], [ 2865738.460825587622821, 3124139.127689408604056 ], [ 2865657.127849548589438, 3123707.259073081426322 ], [ 2864180.422353547532111, 3123126.018527584150434 ], [ 2862533.614976200275123, 3121396.314554571174085 ], [ 2861644.433336318470538, 3120223.093480949290097 ], [ 2860783.186467775143683, 3118672.151504621375352 ] ] } },
{ "type": "Feature", "properties": { "featurecla": "River", "scalerank": 8.0, "rivernum": 668.0, "name": "Shannon", "name_en": "Shannon", "strokeweig": 0.2 }, "geometry": { "type": "LineString", "coordinates": [ [ 2867149.797990390099585, 3161163.661458135582507 ], [ 2866192.960474017076194, 3160752.358965218067169 ], [ 2865507.150565625168383, 3160048.646976943593472 ], [ 2865136.094300918281078, 3158895.213267589453608 ], [ 2864786.28569318074733, 3155693.994999414775521 ], [ 2864820.339420154690742, 3155127.480074572376907 ], [ 2865633.932114453986287, 3154282.463003208395094 ], [ 2865270.217707813717425, 3153438.734504371881485 ], [ 2864604.315503045916557, 3152689.397798446472734 ], [ 2864259.706298188306391, 3152396.212574183475226 ], [ 2863744.067875732667744, 3152172.845318367239088 ], [ 2862641.385243959724903, 3151224.000191006809473 ], [ 2861876.624722311273217, 3150120.378157618455589 ], [ 2862371.26056019961834, 3149395.371751392260194 ], [ 2862545.27410405408591, 3148972.668607757426798 ], [ 2861989.702834661118686, 3147228.964259653817862 ], [ 2861903.826565110590309, 3146546.177424943074584 ], [ 2862302.452260822057724, 3146080.939971263054758 ], [ 2863435.48377051576972, 3145892.90756803099066 ], [ 2863777.747858189512044, 3145252.326486260164529 ], [ 2864685.610488465987146, 3145648.898687953129411 ], [ 2865506.163232884835452, 3146202.75920775718987 ], [ 2866192.090086696669459, 3146871.475003879982978 ], [ 2866684.264991621486843, 3147629.089449517894536 ], [ 2867801.99493138724938, 3144488.919967228081077 ], [ 2867989.075324669014663, 3142796.20390064548701 ], [ 2867615.264001464936882, 3140582.203263215720654 ] ] } },
{ "type": "Feature", "properties": { "featurecla": "River", "scalerank": 8.0, "rivernum": 668.0, "name": "Shannon", "name_en": "Shannon", "strokeweig": 0.2 }, "geometry": { "type": "LineString", "coordinates": [ [ 2858166.702522451989353, 3095812.637197615113109 ], [ 2858274.744903987739235, 3089516.398320230189711 ], [ 2857668.032771344762295, 3087196.34736215416342 ], [ 2855216.896973917260766, 3085168.317788887768984 ], [ 2852051.237491268198937, 3083545.992862531449646 ], [ 2851353.708186120726168, 3083021.240421201568097 ], [ 2850617.766879578121006, 3082108.295767879579216 ], [ 2848716.098007004708052, 3080200.203414707444608 ], [ 2848075.190023884642869, 3079209.678201547823846 ], [ 2848024.691492618061602, 3078180.300981377251446 ], [ 2848571.801051126793027, 3076839.729367441032082 ], [ 2851289.522650081664324, 3073363.473894651979208 ], [ 2851493.473127353005111, 3071987.113991241902113 ], [ 2850580.755074731074274, 3070311.579285173211247 ], [ 2849181.323727361857891, 3069517.306552834808826 ], [ 2846190.820708186831325, 3069111.232619302347302 ], [ 2842053.178018116392195, 3067477.770070538856089 ], [ 2840542.182742526754737, 3067498.312842668965459 ], [ 2839070.876924828626215, 3067119.581559971440583 ], [ 2837603.758423654362559, 3065681.726692986674607 ], [ 2834828.338917112909257, 3062046.824004035443068 ], [ 2833316.02595057990402, 3060361.18297924567014 ] ] } },
{ "type": "Feature", "properties": { "featurecla": "River", "scalerank": 8.0, "rivernum": 668.0, "name": "Shannon", "name_en": "Shannon", "strokeweig": 0.25 }, "geometry": { "type": "LineString", "coordinates": [ [ 2810622.271577619016171, 3037048.359420465771109 ], [ 2810153.064849373418838, 3034583.599963474087417 ], [ 2808747.921292162500322, 3032487.619088773149997 ], [ 2807210.048694876953959, 3031059.667792765423656 ], [ 2804893.207723657600582, 3030459.816095913294703 ], [ 2804621.31547053810209, 3029377.867507227230817 ], [ 2804553.361295046284795, 3027999.909907035529613 ], [ 2804101.322817035019398, 3026901.750375806353986 ], [ 2803630.114256293512881, 3026577.980321374256164 ], [ 2803102.12865446228534, 3026379.865604951046407 ], [ 2802561.937476339749992, 3026301.43382083857432 ], [ 2802080.962206178344786, 3026351.492792802862823 ], [ 2801385.10107202315703, 3026269.720299509819597 ], [ 2800987.999930588062853, 3025748.305758710950613 ], [ 2800633.218565913848579, 3025096.8245022110641 ], [ 2800079.356089373584837, 3024593.97842220403254 ], [ 2799353.774705967865884, 3024346.61739285569638 ], [ 2798591.804523252882063, 3024265.870271262712777 ], [ 2797756.897391504608095, 3024350.325723798014224 ], [ 2796817.572009894065559, 3024605.431549887172878 ], [ 2796529.964595860801637, 3024896.25466986047104 ], [ 2796419.335978685878217, 3025317.720659866929054 ], [ 2796233.31433311291039, 3025663.7440006127581 ], [ 2795719.330701873637736, 3025714.785295766312629 ], [ 2795273.77269366197288, 3025328.125651584938169 ], [ 2794719.644451733678579, 3023944.901627299375832 ], [ 2794463.737932507414371, 3023693.721139610745013 ], [ 2792531.40060256794095, 3023487.346099926158786 ], [ 2791434.488660819362849, 3023580.854825314600021 ], [ 2791092.539291018620133, 3024184.29812746681273 ], [ 2791048.560298007912934, 3025353.271085760556161 ], [ 2790415.808069285005331, 3026156.743404699955136 ], [ 2789492.232874051202089, 3026612.694257642608136 ], [ 2788481.622794033959508, 3026757.907450437545776 ] ] } },
{ "type": "Feature", "properties": { "featurecla": "Lake Centerline", "scalerank": 8.0, "rivernum": 669.0, "name": "Ticino", "name_en": "Ticino", "strokeweig": 0.2 }, "geometry": { "type": "LineString", "coordinates": [ [ 3895913.174258645158261, 2126568.651142626535147 ], [ 3893819.796230424195528, 2127910.365159765351564 ], [ 3893389.669365166686475, 2128536.803011057898402 ], [ 3892098.005336065776646, 2130889.848273713607341 ], [ 3891705.70542982313782, 2133817.470977664925158 ], [ 3892561.533259011805058, 2135826.417278465814888 ], [ 3893390.223458227701485, 2137217.796048231888562 ], [ 3894214.983588120900095, 2139003.90387247921899 ], [ 3894333.21941392403096, 2141355.838894164655358 ], [ 3893469.18610722804442, 2143831.662019241601229 ], [ 3893049.365039794705808, 2145878.161423452198505 ], [ 3893818.761655974667519, 2147704.524873404763639 ], [ 3895344.801498702261597, 2149201.021773166023195 ], [ 3896941.201139177661389, 2150183.732300331816077 ], [ 3898794.124429407063872, 2152187.887989257462323 ], [ 3902554.366962918546051, 2155973.349734805524349 ], [ 3904745.458530616015196, 2159761.55476925894618 ], [ 3904334.718898990657181, 2162490.316018735989928 ], [ 3904547.783267978578806, 2165292.38622207287699 ], [ 3905448.606614488177001, 2167685.532923984341323 ], [ 3907266.846357225906104, 2169671.51637142105028 ], [ 3909141.162146707065403, 2171367.885447611100972 ], [ 3911488.225161510985345, 2172994.147032786160707 ], [ 3913462.611510398797691, 2174238.055662952829152 ] ] } },
{ "type": "Feature", "properties": { "featurecla": "River", "scalerank": 8.0, "rivernum": 669.0, "name": "Ticino", "name_en": "Ticino", "strokeweig": 0.15 }, "geometry": { "type": "LineString", "coordinates": [ [ 3881365.857575813308358, 2209752.03143104724586 ], [ 3883081.045424160547554, 2208974.007960912305862 ], [ 3884949.340859241317958, 2208895.127543082460761 ], [ 3887037.725218821782619, 2209805.912828317843378 ], [ 3889608.747920303139836, 2211288.619190305005759 ], [ 3890586.432937931735069, 2212451.810928605962545 ], [ 3893756.68830454070121, 2213711.567829055245966 ], [ 3897072.582848475314677, 2214502.551883619278669 ], [ 3901674.661538167856634, 2214273.602952025830746 ], [ 3904164.713723124470562, 2213554.105784042738378 ], [ 3905975.038620401639491, 2212298.053510318510234 ], [ 3907619.129869333002716, 2210819.36414674250409 ], [ 3911261.758175583556294, 2208735.547544663771987 ], [ 3912977.082162991631776, 2207012.871584835927933 ], [ 3916586.691957078874111, 2201497.835641710087657 ], [ 3920604.119133805856109, 2197763.829618234653026 ] ] } },
{ "type": "Feature", "properties": { "featurecla": "River", "scalerank": 8.0, "rivernum": 669.0, "name": "Ticino", "name_en": "Ticino", "strokeweig": 0.2 }, "geometry": { "type": "LineString", "coordinates": [ [ 3920604.119133805856109, 2197763.829618234653026 ], [ 3922685.166966850869358, 2194942.731581932865083 ], [ 3924304.692121906671673, 2191765.941895546857268 ], [ 3927227.595495877787471, 2184226.872060344554484 ], [ 3928528.28348829690367, 2182456.443676671944559 ], [ 3928887.295504862908274, 2181444.952493677381426 ], [ 3928355.701909294817597, 2180400.269354043528438 ], [ 3927677.059957574587315, 2179567.861918431241065 ], [ 3926629.567011972423643, 2177636.243089508265257 ], [ 3926036.056700922548771, 2176934.325231068301946 ], [ 3924032.79565877886489, 2175962.470344849396497 ], [ 3913462.611510398797691, 2174238.055662952829152 ] ] } },
{ "type": "Feature", "properties": { "featurecla": "Lake Centerline", "scalerank": 8.0, "rivernum": 670.0, "name": "Southern Bug", "name_en": "Southern Bug", "strokeweig": 0.2 }, "geometry": { "type": "LineString", "coordinates": [ [ 5226567.670260470360518, 2676224.089395401533693 ], [ 5225920.390517449006438, 2676166.028662878554314 ], [ 5225285.621194676496089, 2675811.453202057629824 ], [ 5223997.067972718738019, 2674962.997628333978355 ], [ 5223433.110578955151141, 2673449.08458974538371 ], [ 5223512.009908122010529, 2671287.316992273554206 ], [ 5223393.869886406697333, 2669601.301625435706228 ], [ 5223098.853927726857364, 2668090.97389256907627 ], [ 5221661.21446493640542, 2667121.105334545020014 ], [ 5213199.918208278715611, 2666653.551301709376276 ] ] } },
{ "type": "Feature", "properties": { "featurecla": "River", "scalerank": 8.0, "rivernum": 670.0, "name": "Southern Bug", "name_en": "Southern Bug", "strokeweig": 0.15 }, "geometry": { "type": "LineString", "coordinates": [ [ 5142101.352570889517665, 2672505.204240121413022 ], [ 5148976.163409223780036, 2669982.375472488347441 ], [ 5154394.930882969871163, 2668537.474520923104137 ], [ 5156348.572015339508653, 2667317.578281520400196 ], [ 5158210.054278730414808, 2666959.705695481039584 ], [ 5159922.674131616018713, 2666094.453482943121344 ], [ 5160915.614070774056017, 2664568.459563989657909 ], [ 5161365.13575260899961, 2664093.419396467972547 ], [ 5162287.485647984780371, 2663894.345080545172095 ], [ 5164780.197690818458796, 2664001.739981628023088 ] ] } },
{ "type": "Feature", "properties": { "featurecla": "River", "scalerank": 8.0, "rivernum": 670.0, "name": "Southern Bug", "name_en": "Southern Bug", "strokeweig": 0.2 }, "geometry": { "type": "LineString", "coordinates": [ [ 5164780.197690818458796, 2664001.739981628023088 ], [ 5166939.239821655675769, 2664143.398374648764729 ], [ 5184373.444635666906834, 2659026.763376434333622 ], [ 5193764.133924264460802, 2658285.004318385850638 ], [ 5203707.469414585269988, 2659845.502307555638254 ], [ 5204109.682715377770364, 2660372.995743142906576 ], [ 5204641.45991247985512, 2663156.233921764418483 ], [ 5206458.483781148679554, 2665856.445912250317633 ], [ 5207874.590300315991044, 2667067.115511768497527 ], [ 5209533.46702001336962, 2667821.466142454184592 ], [ 5211337.119308080524206, 2667783.130867655389011 ], [ 5213199.918208278715611, 2666653.551301709376276 ] ] } },
{ "type": "Feature", "properties": { "featurecla": "River", "scalerank": 8.0, "rivernum": 670.0, "name": "Southern Bug", "name_en": "Southern Bug", "strokeweig": 0.25 }, "geometry": { "type": "LineString", "coordinates": [ [ 5226567.670260470360518, 2676224.089395401533693 ], [ 5227140.636562066152692, 2676139.895325116347522 ], [ 5227533.551513629034162, 2677512.877487463410944 ], [ 5227885.332309171557426, 2679426.684774238150567 ], [ 5228080.826229095458984, 2681359.076248425524682 ], [ 5228008.343773631379008, 2682804.753876092843711 ], [ 5228242.441070261411369, 2683356.154195597395301 ], [ 5229085.032018909230828, 2683359.951365961693227 ], [ 5230673.220814865082502, 2683047.116706560831517 ], [ 5231232.888223822228611, 2683459.845215827226639 ], [ 5232670.306706184521317, 2685865.266980183776468 ], [ 5233806.99104511551559, 2687030.648084151092917 ], [ 5235124.68639319203794, 2687530.623208628036082 ], [ 5241125.5376245258376, 2688707.378597647882998 ], [ 5242176.461811511777341, 2688651.568391121923923 ], [ 5242736.905577685683966, 2687993.379814974498004 ], [ 5243183.701049062423408, 2687098.981762052047998 ], [ 5243949.818581860512495, 2686321.614758010488003 ], [ 5245102.647524593397975, 2686283.429653421510011 ], [ 5248368.771045367233455, 2686987.327316189184785 ], [ 5249561.078928453847766, 2686608.591498485766351 ], [ 5250793.43786920234561, 2685929.224098487757146 ], [ 5252202.756020897999406, 2686037.611897298134863 ], [ 5255175.939609822817147, 2686848.460063652135432 ], [ 5256688.975074348971248, 2686740.742865378037095 ], [ 5259508.94168855343014, 2685974.518641972448677 ], [ 5270316.488646198064089, 2687004.569210834335536 ], [ 5271072.521720750257373, 2686692.90836991276592 ], [ 5271749.373746479861438, 2685316.852250495459884 ], [ 5273009.795965677127242, 2683477.326715095899999 ], [ 5274432.364633971825242, 2681933.431050656829029 ], [ 5275583.296757040545344, 2681405.843524635769427 ], [ 5275911.965091686695814, 2681015.798293815460056 ], [ 5276773.165296608582139, 2679156.38130069617182 ], [ 5277252.625722832977772, 2678799.291411091107875 ], [ 5277818.950988002121449, 2678753.900552185252309 ], [ 5284364.07299418002367, 2675244.842057965695858 ], [ 5284527.70913474727422, 2674604.475562922656536 ], [ 5283703.746917040087283, 2672980.974010223057121 ], [ 5283609.833979783579707, 2671018.872147050220519 ], [ 5283986.345700681209564, 2668849.30347219388932 ], [ 5285269.984100674279034, 2664096.01235609035939 ], [ 5285382.026337318122387, 2663323.358192638028413 ], [ 5285109.93971632514149, 2658714.648525058291852 ], [ 5281233.122147696092725, 2653190.023400653153658 ], [ 5280424.015106522478163, 2652362.366274157073349 ], [ 5277440.843964368104935, 2647689.184423847589642 ], [ 5278322.405517212115228, 2646451.087941359262913 ], [ 5279836.603305377066135, 2643500.791032169479877 ], [ 5280722.12925133202225, 2642390.988431129604578 ], [ 5281570.527228104881942, 2642159.369853105861694 ], [ 5285333.657259660772979, 2642053.204594081733376 ], [ 5291339.481409791857004, 2643488.612943786196411 ] ] } },
{ "type": "Feature", "properties": { "featurecla": "River", "scalerank": 8.0, "rivernum": 677.0, "name": "Klarälven", "name_en": "Klarälven", "strokeweig": 0.25 }, "geometry": { "type": "LineString", "coordinates": [ [ 4192876.105547244194895, 3617710.07406879356131 ], [ 4192750.092265436425805, 3617629.058596575632691 ], [ 4191077.341528728138655, 3616964.838007080368698 ], [ 4190399.868515938986093, 3616121.3526142234914 ], [ 4189994.128266475629061, 3614665.145609202794731 ], [ 4190044.978989217896014, 3613163.71379894670099 ], [ 4190470.195259336847812, 3610136.172861187718809 ], [ 4190755.689788752235472, 3608951.903422508388758 ], [ 4191353.088456909637898, 3607883.379157011397183 ], [ 4192623.779110188595951, 3606112.122038771398365 ], [ 4193493.217242758255452, 3604471.346645708195865 ], [ 4193846.644608356058598, 3603309.267455788794905 ], [ 4193736.466075667180121, 3602080.079216131009161 ], [ 4193027.950638992711902, 3599367.379992876201868 ] ] } },
{ "type": "Feature", "properties": { "featurecla": "Lake Centerline", "scalerank": 8.0, "rivernum": 677.0, "name": "Klarälven", "name_en": "Klarälven", "strokeweig": 0.25 }, "geometry": { "type": "LineString", "coordinates": [ [ 4133115.615991605445743, 3489719.247007373254746 ], [ 4133057.160757313948125, 3492273.443676335737109 ], [ 4134193.276868783868849, 3494624.429978869855404 ], [ 4140997.832988466136158, 3497923.321425130590796 ], [ 4144332.195852600503713, 3501802.759913369547576 ], [ 4147416.218735041096807, 3507573.374318175483495 ], [ 4149964.127523418050259, 3511584.94733035331592 ], [ 4152441.137940855231136, 3514895.529856399167329 ], [ 4160178.492492362856865, 3526233.209329235367477 ], [ 4167885.472809195984155, 3533013.827894913963974 ], [ 4176581.020927954930812, 3535192.056824879255146 ], [ 4181444.432746996637434, 3535740.944520029239357 ], [ 4186125.822931551840156, 3538369.579207161907107 ], [ 4190474.065745641943067, 3544840.290465102996677 ], [ 4191761.690327645279467, 3553603.202626168262213 ], [ 4190926.552302128169686, 3561289.671799276024103 ], [ 4188610.425050590187311, 3570286.89204565435648 ], [ 4187693.233472005464137, 3581113.597743435762823 ], [ 4187546.845339169725776, 3588691.289821625687182 ], [ 4187728.035204617772251, 3593367.465541777200997 ], [ 4189668.876114837825298, 3596401.372373530641198 ], [ 4192052.510001907125115, 3598036.58816741546616 ], [ 4193015.646787785924971, 3599340.195558060891926 ] ] } },
{ "type": "Feature", "properties": { "featurecla": "Lake Centerline", "scalerank": 8.0, "rivernum": 678.0, "name": "Motala ström", "name_en": "Motala ström", "strokeweig": 0.2 }, "geometry": { "type": "LineString", "coordinates": [ [ 4286845.136012390255928, 3516565.591937304474413 ], [ 4288418.098274521529675, 3518010.527250406797975 ], [ 4290826.034746876917779, 3518533.388320031110197 ], [ 4294784.625741421245039, 3517736.66459358856082 ], [ 4297037.676322627812624, 3517896.025523985270411 ], [ 4299496.825497231446207, 3518475.40278559923172 ] ] } },
{ "type": "Feature", "properties": { "featurecla": "Lake Centerline", "scalerank": 8.0, "rivernum": 678.0, "name": "Motala ström", "name_en": "Motala ström", "strokeweig": 0.2 }, "geometry": { "type": "LineString", "coordinates": [ [ 4314010.999492608010769, 3513100.638298897072673 ], [ 4316181.933572178706527, 3512990.136745458934456 ], [ 4319234.791138743050396, 3513766.745491073466837 ], [ 4322977.40000821929425, 3515404.476751266978681 ], [ 4326925.072920263744891, 3516700.165683328174055 ], [ 4332206.0971300881356, 3516663.976061785127968 ], [ 4337919.787329594604671, 3516488.461153408046812 ] ] } },
{ "type": "Feature", "properties": { "featurecla": "River", "scalerank": 8.0, "rivernum": 678.0, "name": "Motala ström", "name_en": "Motala ström", "strokeweig": 0.2 }, "geometry": { "type": "LineString", "coordinates": [ [ 4337919.787329594604671, 3516488.461153408046812 ], [ 4341418.462542407214642, 3516594.226602892391384 ], [ 4345017.803492347709835, 3516157.920581814832985 ], [ 4350604.970800545997918, 3515845.453896538820118 ], [ 4357503.357245415449142, 3516221.493711513467133 ], [ 4364245.419499366544187, 3514687.443960732780397 ] ] } },
{ "type": "Feature", "properties": { "featurecla": "River", "scalerank": 8.0, "rivernum": 678.0, "name": "Motala ström", "name_en": "Motala ström", "strokeweig": 0.2 }, "geometry": { "type": "LineString", "coordinates": [ [ 4299496.825497231446207, 3518475.40278559923172 ], [ 4302308.700665394775569, 3517242.202589601278305 ], [ 4306174.381893729791045, 3516832.111426656134427 ], [ 4313951.287986095063388, 3513154.647617677226663 ] ] } },
{ "type": "Feature", "properties": { "featurecla": "River", "scalerank": 8.0, "rivernum": 678.0, "name": "Motala ström", "name_en": "Motala ström", "strokeweig": 0.2 }, "geometry": { "type": "LineString", "coordinates": [ [ 4282567.300511452369392, 3513471.11981947440654 ], [ 4283750.881883799098432, 3513317.308476724196225 ], [ 4284576.438845167867839, 3513442.412185202818364 ], [ 4285048.503392053768039, 3513777.449034512974322 ], [ 4286429.470436523668468, 3515412.988712977152318 ], [ 4286845.136012390255928, 3516565.591937304474413 ] ] } },
{ "type": "Feature", "properties": { "featurecla": "Lake Centerline", "scalerank": 8.0, "rivernum": 690.0, "name": "Ness", "name_en": "Ness", "strokeweig": 0.25 }, "geometry": { "type": "LineString", "coordinates": [ [ 3142366.336386335082352, 3440183.871836185455322 ], [ 3142406.746508873067796, 3440202.689793205820024 ], [ 3144955.975339274853468, 3442153.539822696708143 ], [ 3146322.483000583015382, 3443113.676651057321578 ], [ 3150705.480287424754351, 3446979.69691696902737 ], [ 3152995.072293972130865, 3448495.646442681085318 ], [ 3154151.493792765308172, 3449359.45401626219973 ], [ 3157389.803402730729431, 3452978.8945840196684 ], [ 3162536.030255122575909, 3458109.275600508786738 ], [ 3165436.557642880827188, 3460415.09422917291522 ], [ 3166674.070350280031562, 3462564.120851956773549 ] ] } },
{ "type": "Feature", "properties": { "featurecla": "River", "scalerank": 8.0, "rivernum": 690.0, "name": "Ness", "name_en": "Ness", "strokeweig": 0.25 }, "geometry": { "type": "LineString", "coordinates": [ [ 3166679.291728638578206, 3462568.482767640613019 ], [ 3168067.966830301564187, 3463588.874296013265848 ], [ 3169333.689003319013864, 3465105.192717308644205 ], [ 3170633.621683051809669, 3466399.563396144192666 ], [ 3172145.717000880278647, 3466777.200570792891085 ], [ 3172203.620719072408974, 3467169.973633758258075 ], [ 3172906.730397995561361, 3467921.56821747450158 ], [ 3173673.141996359918267, 3468574.686037444975227 ], [ 3173935.682914457283914, 3468685.075485304463655 ], [ 3174248.455165085848421, 3468904.209408635273576 ], [ 3174477.658372106030583, 3468724.806407513096929 ], [ 3174684.815229794941843, 3468759.835929601453245 ], [ 3174927.039053136017174, 3469615.046363339759409 ], [ 3174983.047133791726083, 3470080.943831110838801 ], [ 3174969.128867588471621, 3470307.252231907099485 ], [ 3175021.202799471095204, 3470633.839505277108401 ], [ 3175512.061470525339246, 3471871.651750560849905 ] ] } },
{ "type": "Feature", "properties": { "featurecla": "Lake Centerline", "scalerank": 8.0, "rivernum": 691.0, "name": "Oich", "name_en": "Oich", "strokeweig": 0.25 }, "geometry": { "type": "LineString", "coordinates": [ [ 3130186.095731879584491, 3427466.592606155201793 ], [ 3129770.767861450091004, 3427181.857176706660539 ], [ 3129536.28961820807308, 3426911.535316663794219 ], [ 3128819.953421494923532, 3426370.109232742805034 ], [ 3128115.194401041604578, 3425713.201042427681386 ], [ 3126693.320240131113678, 3424067.911931712180376 ], [ 3126028.393804873339832, 3423508.250043490901589 ], [ 3124519.830656205303967, 3422900.164242098107934 ], [ 3123282.639201841317117, 3421821.763808211311698 ], [ 3122056.981080713681877, 3421161.817863396834582 ], [ 3121411.60675337864086, 3420587.911072875373065 ], [ 3120702.003243277780712, 3420348.085107355378568 ] ] } },
{ "type": "Feature", "properties": { "featurecla": "River", "scalerank": 8.0, "rivernum": 691.0, "name": "Oich", "name_en": "Oich", "strokeweig": 0.25 }, "geometry": { "type": "LineString", "coordinates": [ [ 3142406.746508873067796, 3440202.689793205820024 ], [ 3141202.075128291733563, 3439771.510166063439101 ], [ 3140425.881534853950143, 3439192.195303032174706 ], [ 3139748.061053263954818, 3438520.364374291151762 ], [ 3139127.224145624786615, 3437783.201534955762327 ], [ 3136497.522090292535722, 3433786.706898919772357 ], [ 3135007.27493158262223, 3433212.507200860418379 ], [ 3130186.095731879584491, 3427466.592606155201793 ] ] } },
{ "type": "Feature", "properties": { "featurecla": "River", "scalerank": 8.0, "rivernum": 717.0, "name": "Olt", "name_en": "Olt", "strokeweig": 0.15 }, "geometry": { "type": "LineString", "coordinates": [ [ 5160107.593067165464163, 2353057.973542749416083 ], [ 5161100.615216138772666, 2352319.017950323875993 ], [ 5161910.693023010157049, 2350343.979559758678079 ], [ 5162744.699565818533301, 2346793.118041541893035 ], [ 5162793.008997833356261, 2344641.820357030257583 ], [ 5162230.522646478377283, 2340962.550217083655298 ], [ 5162231.549005449749529, 2339537.73608289565891 ], [ 5162119.291857127100229, 2338994.477882116101682 ], [ 5161730.019141279160976, 2338393.901042141951621 ], [ 5161390.693305786699057, 2337562.204526877962053 ], [ 5161430.028660072013736, 2336317.799951516557485 ], [ 5161992.203954396769404, 2334269.715859404765069 ], [ 5162680.700095127336681, 2332496.312995143700391 ], [ 5163339.655615563504398, 2330071.153058343566954 ], [ 5163892.141872763633728, 2327125.40790184866637 ] ] } },
{ "type": "Feature", "properties": { "featurecla": "River", "scalerank": 8.0, "rivernum": 717.0, "name": "Olt", "name_en": "Olt", "strokeweig": 0.2 }, "geometry": { "type": "LineString", "coordinates": [ [ 5163892.141872763633728, 2327125.40790184866637 ], [ 5165211.474571758881211, 2321153.668596705421805 ], [ 5166242.519474648870528, 2318679.724108067341149 ], [ 5167694.552231146022677, 2316964.001114159356803 ], [ 5173054.284252816811204, 2315057.10284329066053 ], [ 5174008.456488493829966, 2314100.156454775482416 ], [ 5174591.496630357578397, 2312451.69729894772172 ], [ 5175561.950150405988097, 2310618.651719342917204 ], [ 5177531.119979307986796, 2307752.49302252009511 ], [ 5178977.144101257435977, 2306090.692366333212703 ], [ 5179379.084237571805716, 2305277.123003573156893 ], [ 5179288.25820695143193, 2304444.654346961528063 ], [ 5180081.209335578605533, 2302492.183356850873679 ], [ 5179723.086826080456376, 2300401.156422772444785 ], [ 5179108.682295786216855, 2298127.801651242654771 ], [ 5179127.807795069180429, 2292979.036312561482191 ], [ 5178392.644985249266028, 2288015.762707395013422 ], [ 5179102.261710376478732, 2286133.281783423386514 ], [ 5178272.845981292426586, 2284088.024276642594486 ], [ 5179425.44969736225903, 2281978.882573685143143 ], [ 5182217.802394821308553, 2279287.832397879566997 ], [ 5182497.197110551409423, 2278213.021222702693194 ], [ 5182663.042936440557241, 2276849.68512700451538 ], [ 5182704.764071751385927, 2274194.327561631333083 ], [ 5181751.212734234519303, 2270514.853703536093235 ], [ 5181612.578726261854172, 2269752.657851190306246 ], [ 5181461.203398317098618, 2269307.963815353810787 ], [ 5180528.323437441140413, 2268445.810167924501002 ], [ 5180384.295996739529073, 2267983.928807487245649 ], [ 5181017.971207006834447, 2265067.054158582817763 ], [ 5181079.969334315508604, 2263829.077340797986835 ], [ 5180879.591667506843805, 2262499.130214158911258 ], [ 5180209.474254600703716, 2260383.711315226275474 ], [ 5179943.036805151030421, 2256141.088630491402 ], [ 5179662.920383337885141, 2255399.522313306108117 ], [ 5178570.807253612205386, 2254910.111387260258198 ], [ 5177599.673659155145288, 2254261.426393181085587 ], [ 5176584.942892228253186, 2253953.355360652320087 ], [ 5175369.340348349884152, 2254471.261029094457626 ], [ 5174905.461526298895478, 2253827.661455579102039 ], [ 5174391.292458912357688, 2253469.253723404370248 ], [ 5173052.90592445153743, 2253159.39137430395931 ], [ 5172164.105762962251902, 2256640.497064576484263 ], [ 5169328.529886069707572, 2258572.935164459049702 ], [ 5163406.476543765515089, 2260934.730576226953417 ], [ 5162413.083798514679074, 2262188.054984666407108 ], [ 5161779.375399354845285, 2263746.860985430888832 ], [ 5160204.68118145223707, 2270590.273990598507226 ], [ 5159849.885367896407843, 2272953.334600028581917 ], [ 5160019.156073376536369, 2274495.295932605862617 ], [ 5159850.964673724025488, 2275282.146621216554195 ], [ 5159432.842226415872574, 2276273.70008850377053 ], [ 5159611.430231225676835, 2279995.571734831668437 ], [ 5158947.970713842660189, 2281784.219334584660828 ], [ 5157878.144061081111431, 2282286.858910262584686 ], [ 5156256.589242957532406, 2282376.170462163165212 ], [ 5154835.17045418638736, 2282019.312674133107066 ], [ 5154350.869663268327713, 2281217.192024547606707 ], [ 5153563.124799676239491, 2278584.433099498040974 ], [ 5150577.115585837513208, 2277654.433331530541182 ], [ 5147018.351458370685577, 2277129.147228712681681 ], [ 5144483.971103084273636, 2275707.060369700659066 ], [ 5145913.794252774678171, 2274114.248175772838295 ], [ 5145635.968110694549978, 2273034.392721879761666 ], [ 5144662.594212397933006, 2272622.137138159479946 ], [ 5143996.276915647089481, 2273046.000665319617838 ], [ 5143277.732117857784033, 2274625.129207489080727 ], [ 5142412.752705038525164, 2274464.469787364825606 ], [ 5140907.300386901944876, 2272772.099254658911377 ], [ 5137687.16023138538003, 2270301.719195009209216 ], [ 5136728.123124140314758, 2268797.974427403882146 ], [ 5135940.623694876208901, 2266470.700254838448018 ], [ 5136311.150685407221317, 2266096.831396437250078 ], [ 5136419.038538535125554, 2265939.394075497053564 ], [ 5136255.343630146235228, 2264964.911571382544935 ], [ 5135213.610898361541331, 2265249.634742881171405 ], [ 5134890.290246777236462, 2264499.801427126862109 ], [ 5135139.005867568776011, 2263200.486205631867051 ], [ 5135851.489210514351726, 2261871.709739789366722 ], [ 5134916.681066550314426, 2261587.943157807458192 ], [ 5134537.426302574574947, 2261068.276317681185901 ], [ 5134660.432805133983493, 2260352.500397340860218 ], [ 5135251.407493096776307, 2259497.921254592482001 ], [ 5134106.908673031255603, 2258399.674614100717008 ], [ 5133246.684093920513988, 2257231.980163848493248 ], [ 5132211.990870034322143, 2256197.436235934495926 ], [ 5130570.707051920704544, 2255515.308918685652316 ], [ 5125244.248118290677667, 2254412.251469204202294 ], [ 5125000.449561238288879, 2254139.005341860465705 ], [ 5124443.878076918423176, 2253017.084342637564987 ], [ 5124072.182098858989775, 2252671.855280572548509 ], [ 5123622.297623356804252, 2252632.769238105975091 ], [ 5122830.135545399971306, 2252979.65890672756359 ], [ 5122383.014076687395573, 2253000.309734523296356 ], [ 5119084.97427867539227, 2252321.94863067753613 ], [ 5117485.028118072077632, 2251725.147038629278541 ], [ 5110241.677608567290008, 2247501.901657177135348 ], [ 5088419.950578643009067, 2239578.553371422924101 ], [ 5084269.740049022249877, 2237331.99097425211221 ], [ 5081724.624543960206211, 2236540.677287715487182 ], [ 5080009.535605777986348, 2235402.521108595188707 ], [ 5077886.617573142051697, 2233074.725249985698611 ], [ 5076434.119004886597395, 2230536.798869526945055 ], [ 5076677.538334016688168, 2228726.912610348779708 ], [ 5073758.615338150411844, 2222157.045762266032398 ], [ 5072766.466990884393454, 2218965.876866182312369 ], [ 5072472.804840627126396, 2218640.370771304704249 ], [ 5071606.504217934794724, 2218068.919701659120619 ], [ 5071497.797861393541098, 2217624.166342434938997 ], [ 5071719.792655104771256, 2216911.653851040638983 ], [ 5072201.355430502444506, 2216276.67307483125478 ], [ 5072435.129415672272444, 2215523.566920640412718 ], [ 5072272.547719460912049, 2214660.812726994976401 ], [ 5071849.626889184117317, 2213607.825569405220449 ], [ 5071568.75240476988256, 2212539.737151869572699 ], [ 5071902.586649163626134, 2211639.916233417578042 ], [ 5073494.009660251438618, 2210396.059477077331394 ], [ 5073974.25740902684629, 2209712.537097975146025 ], [ 5074354.092428399249911, 2208406.19237196771428 ], [ 5075328.583888513967395, 2206738.964982574805617 ], [ 5076859.879726050421596, 2205330.976917948108166 ], [ 5077973.497142205014825, 2203825.225460255052894 ], [ 5077734.365545309148729, 2201869.267836770042777 ], [ 5077861.881945279426873, 2201218.566894894931465 ], [ 5079110.473536686971784, 2199913.518198096659034 ], [ 5079281.94451423175633, 2197922.624508279841393 ], [ 5079312.980072139762342, 2195703.038104748353362 ], [ 5080099.790282017551363, 2193752.248884524218738 ] ] } },
{ "type": "Feature", "properties": { "featurecla": "River", "scalerank": 8.0, "rivernum": 717.0, "name": "Olt", "name_en": "Olt", "strokeweig": 0.25 }, "geometry": { "type": "LineString", "coordinates": [ [ 5080099.790282017551363, 2193752.248884524218738 ], [ 5080326.351711454801261, 2192943.907344213686883 ], [ 5080266.01421856880188, 2191805.760734483599663 ], [ 5080025.704582147300243, 2190755.695576912723482 ], [ 5079724.310454446822405, 2190267.566221724264324 ], [ 5078784.516638075001538, 2189949.448948321864009 ], [ 5078489.049057357013226, 2189526.930852063465863 ], [ 5078572.726342590525746, 2189060.619527528993785 ], [ 5079421.455217149108648, 2186598.698713271412998 ], [ 5081539.990273087285459, 2183473.621454628184438 ], [ 5082141.794818909838796, 2182084.304577524308115 ], [ 5082507.30697778519243, 2181533.735064470674843 ], [ 5083765.830830535851419, 2180718.531425654888153 ], [ 5084116.546535219065845, 2180186.562062203884125 ], [ 5085776.649714753031731, 2177138.24466519523412 ], [ 5086296.729664692655206, 2176556.439033300615847 ], [ 5086779.116452259011567, 2176128.198954557068646 ], [ 5087288.502006278373301, 2175563.113729401025921 ], [ 5087868.167095961049199, 2174545.086814874783158 ], [ 5087997.798628962598741, 2173886.498630276881158 ], [ 5087932.616605037823319, 2173157.368857601191849 ], [ 5087826.757148544304073, 2172538.278787927702069 ], [ 5087796.397260050289333, 2172210.371997649781406 ], [ 5088140.614613458514214, 2171714.711117011960596 ], [ 5088979.876628050580621, 2170922.128176193218678 ], [ 5089167.801022772677243, 2170642.547502485103905 ], [ 5089359.149560228921473, 2170210.71367763215676 ], [ 5090058.902328707277775, 2169202.912818149663508 ], [ 5090283.929623820818961, 2169024.560800346080214 ], [ 5090614.897928839549422, 2168848.315330007579178 ], [ 5090610.601369857788086, 2168292.061674549710006 ], [ 5090446.544259279966354, 2167621.145295926369727 ], [ 5090391.876480995677412, 2167127.410907608922571 ], [ 5090727.590149568393826, 2165905.643027718178928 ], [ 5091027.080933537334204, 2165253.610898958519101 ], [ 5091163.244523089379072, 2164716.965875399764627 ], [ 5091038.178986354731023, 2163847.098102026153356 ], [ 5090700.817126072011888, 2163243.995525809470564 ], [ 5089666.949016263708472, 2162509.222832378465682 ], [ 5089328.334304085001349, 2162007.954137253109366 ], [ 5089236.401910923421383, 2160889.798840575385839 ], [ 5089380.716671086847782, 2159710.754438348114491 ], [ 5089337.474507784470916, 2158730.947855964303017 ], [ 5088699.378177936188877, 2158203.109365406446159 ], [ 5088127.675717222504318, 2157956.702950459904969 ], [ 5087627.583975310437381, 2157461.475319095887244 ], [ 5087305.517680096440017, 2156775.844020032323897 ], [ 5087267.356362705118954, 2155941.992052195128053 ], [ 5087445.544838288798928, 2154353.683149159420282 ], [ 5087196.330136612989008, 2153741.392111714463681 ], [ 5086758.629512306302786, 2153352.451361053623259 ], [ 5086369.072426656261086, 2152425.650326278991997 ], [ 5086158.064288218505681, 2150390.875395317561924 ], [ 5086134.828860790468752, 2146458.338740378152579 ], [ 5085741.116848869249225, 2144728.601475462317467 ], [ 5085002.862808804959059, 2143081.904965368099511 ], [ 5086605.262369330041111, 2141028.337597883772105 ], [ 5086928.651756107807159, 2139959.197552251629531 ], [ 5086702.349359451793134, 2138578.696555791422725 ], [ 5086777.448853805661201, 2137412.707028842065483 ], [ 5087587.153773408383131, 2136492.187736666761339 ], [ 5088694.89842402562499, 2135903.732835242990404 ], [ 5089637.459674365818501, 2135731.269808855839074 ], [ 5089645.463156378827989, 2135241.728454356081784 ], [ 5089623.739466426894069, 2134923.487874242477119 ], [ 5089356.460317430086434, 2134181.479356467258185 ], [ 5090235.940491965971887, 2132225.424932526424527 ], [ 5090831.011825693771243, 2129966.738091667648405 ], [ 5091771.447301597334445, 2124831.214592500124127 ], [ 5092540.566497134976089, 2122603.667288647498935 ], [ 5094500.214617446996272, 2118230.980207144282758 ], [ 5094493.291810810565948, 2116350.470973711460829 ], [ 5095673.499456526711583, 2115218.08158425334841 ], [ 5096891.724088276736438, 2113405.974131223745644 ], [ 5097969.862882763147354, 2111099.230432922020555 ], [ 5098728.009861734695733, 2108509.407910936512053 ], [ 5098937.481308368965983, 2107052.252174453809857 ], [ 5099031.928355848416686, 2105593.953758432529867 ], [ 5098990.016978991217911, 2104184.04116150084883 ], [ 5098799.846955580636859, 2102863.168100749142468 ], [ 5098386.167975261807442, 2102132.173175323754549 ], [ 5097811.212285671383142, 2101576.36516834422946 ], [ 5097516.8539057970047, 2100686.269196591805667 ], [ 5097905.856046353466809, 2098936.563721052836627 ], [ 5098661.662031406536698, 2097728.641389760188758 ], [ 5100268.230234011076391, 2096459.414899838622659 ], [ 5101449.215413453057408, 2094011.078266506781802 ], [ 5103577.238386484794319, 2092584.273431233363226 ], [ 5104213.961793535389006, 2091500.884479471482337 ], [ 5104403.007552749477327, 2089268.36783286021091 ], [ 5104591.794471158646047, 2088171.976043513510376 ], [ 5105145.426400229334831, 2086768.613170693162829 ], [ 5105676.03219083417207, 2086128.978251190390438 ], [ 5106814.972235970199108, 2085493.708684513811022 ], [ 5107131.809539560228586, 2084903.352113324217498 ], [ 5107334.821487858891487, 2084029.964748221915215 ], [ 5107586.795531746000051, 2083534.274126797216013 ], [ 5107993.314921013079584, 2083232.940859386697412 ], [ 5108647.828275563195348, 2082945.628649201942608 ], [ 5108221.063871204853058, 2082117.238658215617761 ], [ 5108932.051709182560444, 2081505.223756251623854 ], [ 5108713.540561554953456, 2079385.270150741096586 ], [ 5110354.985196769237518, 2077229.183589776512235 ], [ 5112468.199680473655462, 2075271.318142456933856 ], [ 5115166.068272851407528, 2071559.151731810998172 ], [ 5117427.364489831030369, 2070529.247410716023296 ], [ 5119044.863237716257572, 2069006.505165575537831 ], [ 5118617.107634580694139, 2065314.202489467570558 ], [ 5120019.769464562647045, 2064840.075265388935804 ], [ 5121936.142339125275612, 2063479.108181975781918 ], [ 5123701.413393660448492, 2061714.720282010734081 ], [ 5124639.909409260377288, 2060019.650454733986408 ], [ 5125335.919140474870801, 2059386.740295841824263 ], [ 5129467.652622745372355, 2054623.94532167701982 ], [ 5129030.763264716602862, 2053858.851743451319635 ], [ 5129761.567983819171786, 2053445.58995026210323 ], [ 5130129.326788295991719, 2052771.47826958540827 ], [ 5130101.803677938878536, 2051899.940457255579531 ], [ 5129624.279673086479306, 2050890.004793249303475 ], [ 5134018.677772470749915, 2045959.847533500054851 ], [ 5134857.224760312587023, 2044008.179134431295097 ], [ 5135503.880473026074469, 2041851.16564173437655 ], [ 5136377.171922748908401, 2040465.987712583504617 ], [ 5138853.311671484261751, 2037635.154972353484482 ], [ 5139967.6989566674456, 2035580.130988613702357 ], [ 5140666.802818102762103, 2034622.89240756444633 ], [ 5141455.580894571729004, 2034324.229692422086373 ], [ 5142102.93459939584136, 2034360.464861174114048 ], [ 5142766.177321222610772, 2034260.030489285476506 ], [ 5145141.303268298506737, 2033345.279044418595731 ], [ 5145461.311063045635819, 2033073.494282727595419 ], [ 5145739.707061186432838, 2032699.102385808946565 ], [ 5146515.82192693836987, 2031367.508440807461739 ], [ 5147654.10772642865777, 2030233.024772873148322 ], [ 5147934.121773020364344, 2029813.229946523439139 ], [ 5148639.750438482500613, 2028486.263628817629069 ], [ 5149974.997069966048002, 2026673.041669223457575 ] ] } },
{ "type": "Feature", "properties": { "featurecla": "River", "scalerank": 8.0, "rivernum": 718.0, "name": "Inn", "name_en": "Inn", "strokeweig": 0.15 }, "geometry": { "type": "LineString", "coordinates": [ [ 3981084.111204955726862, 2198516.755363415461034 ], [ 3980972.115058111026883, 2200829.917663097381592 ], [ 3981805.668133156839758, 2202288.322220894042403 ], [ 3983853.148755051195621, 2204087.403020433615893 ], [ 3985054.543536238372326, 2205056.371528770774603 ], [ 3985540.792771764099598, 2206271.828469140920788 ], [ 3986305.322203017771244, 2207068.769302596803755 ], [ 3987141.856579546816647, 2207705.336899736430496 ], [ 3987858.60074952756986, 2208426.383899886161089 ], [ 3990407.091985931620002, 2212822.988964363001287 ], [ 3992931.836056444328278, 2216011.869577783625573 ], [ 4000778.203754531219602, 2223798.210844941437244 ] ] } },
{ "type": "Feature", "properties": { "featurecla": "River", "scalerank": 8.0, "rivernum": 718.0, "name": "Inn", "name_en": "Inn", "strokeweig": 0.2 }, "geometry": { "type": "LineString", "coordinates": [ [ 4000778.203754531219602, 2223798.210844941437244 ], [ 4006435.292082017287612, 2230186.571112954523414 ], [ 4007077.631191880442202, 2231106.929780357051641 ], [ 4007191.834019931964576, 2232223.683053717482835 ], [ 4006538.677182660903782, 2234429.763461002148688 ], [ 4006638.455880906432867, 2235559.588590209372342 ], [ 4007167.795536960475147, 2236774.019747800193727 ], [ 4007780.240148568060249, 2237773.180016816128045 ], [ 4008555.294054799247533, 2238517.820368911605328 ], [ 4009601.372207838110626, 2238958.289478073362261 ], [ 4014040.501980129163712, 2239199.08302847482264 ], [ 4022107.149703898932785, 2241971.096952900290489 ], [ 4028923.928404158912599, 2245680.811610865406692 ], [ 4031650.607300918549299, 2247968.281754912342876 ], [ 4033981.550961883272976, 2250963.860408599022776 ], [ 4037883.575365508906543, 2258536.397005384322256 ], [ 4048044.08130672108382, 2269574.894496046938002 ], [ 4048449.471004126127809, 2270405.841291289776564 ], [ 4048547.905719893984497, 2271438.924887419678271 ], [ 4048322.756552034057677, 2272545.278311267495155 ], [ 4047526.869515020865947, 2274529.072279626969248 ], [ 4046909.252263840287924, 2275448.182969157584012 ], [ 4046068.161832070909441, 2276110.697177891153842 ], [ 4044280.097996234428138, 2276870.576625175774097 ], [ 4043067.123925793450326, 2277039.400362692773342 ], [ 4042484.810014914721251, 2277244.913095202762634 ], [ 4042004.038867419119924, 2277766.428732277825475 ], [ 4041826.211254029534757, 2279910.716727125458419 ], [ 4043155.983060419093817, 2281636.06842912081629 ], [ 4051525.90953884460032, 2286559.76278239255771 ], [ 4058992.399861268699169, 2287704.810257601551712 ], [ 4060783.062420484609902, 2288501.961935166269541 ], [ 4061757.182236159685999, 2289345.476725685875863 ], [ 4063254.271326870657504, 2291313.978186865802854 ], [ 4064139.785856760572642, 2292017.694971310906112 ], [ 4075086.174829325638711, 2296683.361682545859367 ], [ 4081713.427995815407485, 2296621.928905986715108 ], [ 4089625.061697237193584, 2293884.766757384408265 ], [ 4096432.24497661460191, 2293988.744099951349199 ], [ 4100210.581043791025877, 2293203.884707204531878 ], [ 4101321.88095175800845, 2293421.567218377254903 ], [ 4104751.956003158353269, 2294989.203017397318035 ], [ 4112408.394039215520024, 2296314.355014305561781 ], [ 4117672.65277110086754, 2298243.894991568755358 ], [ 4122576.521139154676348, 2301263.019323059823364 ], [ 4128712.329111984930933, 2307162.904144784901291 ], [ 4129509.171402336563915, 2307694.118691349867731 ], [ 4133002.979977473150939, 2309184.261028829962015 ], [ 4134554.172576246783137, 2310601.596765038091689 ], [ 4137198.358099073171616, 2313846.152837675064802 ], [ 4138828.938714434858412, 2315266.75543367350474 ], [ 4147987.428056551143527, 2319226.986977573484182 ] ] } },
{ "type": "Feature", "properties": { "featurecla": "River", "scalerank": 8.0, "rivernum": 718.0, "name": "Inn", "name_en": "Inn", "strokeweig": 0.25 }, "geometry": { "type": "LineString", "coordinates": [ [ 4147987.428056551143527, 2319226.986977573484182 ], [ 4148932.935635284986347, 2319786.224141514394432 ], [ 4149642.234381072688848, 2320515.024187920149416 ], [ 4150916.060698978602886, 2322420.580846074968576 ], [ 4151766.220221869647503, 2323429.386371297296137 ], [ 4155777.93354868888855, 2327115.963865799363703 ], [ 4159996.360364500433207, 2332860.283270173240453 ], [ 4160248.914670025929809, 2333558.531587784178555 ], [ 4160282.825741352979094, 2334562.78307881206274 ], [ 4160080.050208287779242, 2337432.46586089162156 ], [ 4159867.507292087189853, 2338017.023730612359941 ], [ 4159480.878251534886658, 2338255.001837338320911 ], [ 4158878.639345030300319, 2338828.017332802526653 ], [ 4158315.71400211751461, 2339515.179378975648433 ], [ 4158060.767160226590931, 2340103.792298814747483 ], [ 4157787.467398135457188, 2341558.491039046086371 ], [ 4157210.16930726217106, 2342145.528804279863834 ], [ 4156511.175525136757642, 2342413.938322292175144 ], [ 4155886.979244503658265, 2342915.70471444632858 ], [ 4155315.915145107079297, 2344277.790332253556699 ], [ 4154795.80504483031109, 2346337.274075513705611 ], [ 4154400.494875890668482, 2348623.570790554396808 ], [ 4154217.335375403985381, 2350679.632304967846721 ], [ 4154344.770233220420778, 2351536.720810906030238 ], [ 4155029.519199140835553, 2354156.130783127620816 ], [ 4155321.072933621704578, 2354710.767752693966031 ], [ 4156042.008260892238468, 2355209.663932448253036 ], [ 4155850.906729943118989, 2356306.939304918982089 ], [ 4154983.054950252175331, 2358440.107012342661619 ], [ 4154976.923056173603982, 2362911.560226184781641 ], [ 4155287.097905052360147, 2367174.159694293979555 ], [ 4156088.315181594341993, 2371135.968218510039151 ], [ 4157504.791690910235047, 2374735.292405315674841 ], [ 4159074.445399190299213, 2377617.53089550184086 ], [ 4160123.325799585785717, 2379035.256020231172442 ], [ 4161293.094149878714234, 2379929.126322130206972 ], [ 4161268.844864747021347, 2380729.174971479456872 ], [ 4159802.727624909486622, 2380684.939483428373933 ], [ 4160903.671857261098921, 2383842.446024507749826 ], [ 4161814.870245786383748, 2385335.104788443539292 ], [ 4163080.38323856331408, 2385917.248037896119058 ], [ 4163055.838763616513461, 2386717.259626070968807 ], [ 4162616.792198762763292, 2387050.366163072641939 ], [ 4162421.854519451037049, 2387333.20257940934971 ], [ 4162281.515596368350089, 2387670.220698437187821 ], [ 4162027.711570941843092, 2388156.054193766321987 ], [ 4162933.533393956255168, 2388183.754475572612137 ], [ 4163473.045760873705149, 2388581.01421207562089 ], [ 4163895.45100774243474, 2389126.991125667467713 ], [ 4164441.91442642826587, 2389634.834972066339105 ], [ 4165592.432029859162867, 2389919.994746320880949 ], [ 4166241.186361111700535, 2390294.696111897937953 ], [ 4166850.663654760457575, 2391245.84354307083413 ], [ 4167858.686730704735965, 2390468.968591378536075 ], [ 4167555.107198194600642, 2391517.442760159261525 ], [ 4167366.442432792857289, 2391931.564204788766801 ], [ 4167597.94840456917882, 2392051.76101337838918 ], [ 4167748.228265172336251, 2392074.885080109816045 ], [ 4167803.145166045054793, 2392226.270957494620234 ], [ 4168787.288636701181531, 2392199.707083632238209 ], [ 4171813.713300494942814, 2392007.978313588537276 ], [ 4172758.845334718935192, 2392104.285440917592496 ], [ 4173181.814838556107134, 2392380.618620513007045 ], [ 4173593.513705247547477, 2392892.915945229586214 ], [ 4174121.308041370008141, 2393395.925803276710212 ], [ 4174938.476506592240185, 2393638.08936219336465 ], [ 4175258.421284127980471, 2394050.352503653150052 ], [ 4175385.214116577059031, 2394781.815393403172493 ], [ 4175706.17956243082881, 2395160.008251418359578 ], [ 4176605.798007279168814, 2394496.727384024299681 ], [ 4177703.150637382641435, 2395798.882940397132188 ], [ 4178266.64099868061021, 2396264.132207685150206 ], [ 4179030.718067029491067, 2396709.953736090566963 ], [ 4178463.620641365181655, 2397189.700536543037742 ], [ 4178084.555368387605995, 2397715.19644370675087 ], [ 4177480.361567679792643, 2398994.575807726942003 ], [ 4190176.268618407193571, 2400839.504541932605207 ], [ 4194770.124029868282378, 2402476.755647975485772 ], [ 4199275.022429732605815, 2401843.369861241430044 ], [ 4200018.899254348129034, 2402296.78542575519532 ], [ 4201038.930898429825902, 2403138.906975525431335 ], [ 4202140.852259743958712, 2403663.998686044476926 ], [ 4203170.164771313779056, 2403151.930199654772878 ], [ 4204059.819254074245691, 2402083.222292236052454 ], [ 4204850.875746781006455, 2401578.043765075039119 ], [ 4205803.356879257597029, 2401436.377259866334498 ], [ 4207152.198437646962702, 2401475.795838904101402 ], [ 4207804.684099233709276, 2400936.740194152109325 ], [ 4210513.935897392220795, 2397196.377812694292516 ], [ 4211592.4209243087098, 2398145.317669451236725 ], [ 4213853.448276532813907, 2399522.84765201061964 ], [ 4216411.315815573558211, 2402195.081440608482808 ], [ 4217539.741114234551787, 2403073.79652257822454 ], [ 4224854.096212071366608, 2406333.806516790762544 ], [ 4234644.578788436017931, 2408478.998828880488873 ], [ 4236990.385052707977593, 2409936.190207578707486 ], [ 4243708.418487181887031, 2416366.718919113278389 ], [ 4244626.29540325794369, 2418084.916574912145734 ], [ 4244922.026481838896871, 2420383.77310189884156 ], [ 4245046.539385185576975, 2420941.135384939145297 ], [ 4245334.756161245517433, 2421511.357670080382377 ], [ 4245621.225174294784665, 2422268.004128217697144 ], [ 4245719.369361928664148, 2423388.87237032270059 ], [ 4245438.404968736693263, 2426422.608163942582905 ], [ 4245531.465839455835521, 2427425.023166597355157 ], [ 4245816.72330005466938, 2428423.260705333668739 ], [ 4246697.270531082525849, 2430499.948532247450203 ], [ 4246846.69538149330765, 2431557.552581111900508 ], [ 4246645.827878191135824, 2432493.689222615212202 ], [ 4245936.350726773962379, 2433490.104399995412678 ], [ 4245560.10780534055084, 2435424.006008862517774 ], [ 4245318.541545257903636, 2435893.384059539530426 ], [ 4245248.771977072581649, 2436268.339261077810079 ], [ 4245613.659709786996245, 2437041.759433312341571 ], [ 4246222.66723757982254, 2437661.156193403992802 ], [ 4248501.171402194537222, 2438648.102646953891963 ] ] } },
{ "type": "Feature", "properties": { "featurecla": "River", "scalerank": 8.0, "rivernum": 719.0, "name": "Morava", "name_en": "Morava", "strokeweig": 0.15 }, "geometry": { "type": "LineString", "coordinates": [ [ 4471190.184146639890969, 2628053.329680677037686 ], [ 4470353.329208594746888, 2626429.697042436338961 ], [ 4469549.977320658974349, 2623668.984314627014101 ], [ 4469280.370140828192234, 2620726.003107938915491 ], [ 4469172.478343192487955, 2619694.196639778558165 ], [ 4470308.14332577586174, 2618034.620791986119002 ], [ 4472501.28044271748513, 2618496.113286854699254 ], [ 4474874.411584260873497, 2619494.270421765744686 ], [ 4476536.984646022319794, 2619465.524415909778327 ], [ 4477355.43832725379616, 2617856.576927265152335 ], [ 4477618.78943504113704, 2615774.106745893135667 ], [ 4477427.408966339193285, 2611778.813459480646998 ], [ 4477346.426886759698391, 2611376.120889497920871 ], [ 4477024.771451564505696, 2610463.589141528587788 ], [ 4476913.744383174926043, 2610018.584662988316268 ], [ 4476884.049369068816304, 2609502.182703146710992 ], [ 4476939.034948145970702, 2608480.091447371058166 ], [ 4476916.957095450721681, 2607990.743436592165381 ], [ 4476140.125951746478677, 2605112.954511989839375 ], [ 4475951.850310001522303, 2603673.065548748709261 ], [ 4476395.788135930895805, 2602376.506498772185296 ], [ 4477168.191639037802815, 2601858.7260179114528 ], [ 4478198.172045821323991, 2601460.015627097338438 ], [ 4479127.715474634431303, 2600901.920308506116271 ], [ 4479601.662115133367479, 2599911.278091186657548 ], [ 4480910.390327946282923, 2591534.195566274225712 ], [ 4480990.264136636629701, 2590395.875384082552046 ], [ 4480946.061913661658764, 2589706.847961139399558 ], [ 4480976.151589656248689, 2589024.811149193905294 ], [ 4481254.411949961446226, 2587878.814336356241256 ], [ 4482653.074553004465997, 2585700.459971881471574 ], [ 4482940.141629842109978, 2584718.654353792779148 ], [ 4483179.386147871613503, 2584280.254628592636436 ], [ 4484800.258227717131376, 2582655.419222331605852 ], [ 4486201.183311318978667, 2580193.45751923089847 ], [ 4486772.735358849167824, 2579496.953891410026699 ], [ 4487448.337580848485231, 2578928.947326510678977 ], [ 4488935.971102810464799, 2578122.311964578926563 ], [ 4489721.714811836369336, 2577836.429774925112724 ] ] } },
{ "type": "Feature", "properties": { "featurecla": "River", "scalerank": 8.0, "rivernum": 719.0, "name": "Morava", "name_en": "Morava", "strokeweig": 0.2 }, "geometry": { "type": "LineString", "coordinates": [ [ 4489721.714811836369336, 2577836.429774925112724 ], [ 4495055.55674512963742, 2576668.057573005091399 ], [ 4501995.710293990559876, 2573237.69334671786055 ], [ 4504216.278857407160103, 2571460.672172605060041 ], [ 4506022.496728087775409, 2568831.896193853579462 ], [ 4506621.012523068115115, 2567278.098353773355484 ], [ 4507124.129213433712721, 2565409.208137330133468 ], [ 4507737.604075679555535, 2561627.380536744836718 ], [ 4507878.15830354206264, 2557946.400840874761343 ], [ 4508249.094196285121143, 2556797.091041437350214 ], [ 4509334.986796304583549, 2555085.988825022708625 ], [ 4509586.903788667172194, 2554900.086229338310659 ], [ 4510084.036799304187298, 2554804.379825480747968 ], [ 4510352.372560169547796, 2554522.622025561984628 ], [ 4510628.253859153017402, 2553922.719946400262415 ], [ 4510871.781887437216938, 2552853.117444754112512 ], [ 4511052.833969925530255, 2552309.704872569534928 ], [ 4512302.405166372656822, 2549418.688277688343078 ], [ 4512418.320192263461649, 2547042.303630932699889 ], [ 4512277.374127489514649, 2544998.835145604331046 ], [ 4512357.138542684726417, 2543156.521995902992785 ], [ 4513100.688131709583104, 2541390.707262639887631 ], [ 4514914.428245938383043, 2539536.54340589325875 ], [ 4521434.911689323373139, 2535591.073784084059298 ], [ 4523295.009142769500613, 2533670.173289617523551 ], [ 4525755.184290043078363, 2530511.050313013605773 ], [ 4527781.47406795527786, 2527297.947981487028301 ], [ 4528279.628227987326682, 2525226.385333167854697 ], [ 4528729.985142705962062, 2524099.103557647205889 ], [ 4528748.395325997844338, 2522395.132793497759849 ], [ 4528260.194646989926696, 2518364.142337197903544 ], [ 4527792.133330345153809, 2516265.244567721150815 ], [ 4527778.265604170970619, 2515789.2584891426377 ], [ 4527858.2674231082201, 2515275.368366496637464 ], [ 4528000.471059684641659, 2514796.811227790080011 ], [ 4528193.759378695860505, 2514428.91867680195719 ], [ 4528384.604981628246605, 2513847.219829586800188 ], [ 4528129.310616563074291, 2513531.202342193108052 ], [ 4527766.598468007519841, 2513283.368249535094947 ], [ 4527604.90867249108851, 2512897.809200284536928 ], [ 4527067.202339653857052, 2512223.582235455978662 ], [ 4524455.050824902951717, 2511676.838659049943089 ], [ 4523905.756642905063927, 2511112.544909819494933 ], [ 4523604.827188996598125, 2510317.643381353467703 ], [ 4521396.472248742356896, 2506773.731352758593857 ], [ 4521984.776922482065856, 2506094.661721121054143 ], [ 4522098.719535771757364, 2504787.976557317655534 ], [ 4521924.657736248336732, 2504103.516939566005021 ], [ 4521617.309831145219505, 2503640.316536074504256 ], [ 4521333.523697557859123, 2503010.782988755498081 ], [ 4520353.464957986958325, 2499801.877367387060076 ], [ 4520164.199295798316598, 2499611.594706316012889 ], [ 4519591.783860320225358, 2498460.377248657401651 ], [ 4515140.884192349389195, 2496423.06275534350425 ], [ 4514284.863043055869639, 2495349.945792911574244 ], [ 4513479.254837360233068, 2494079.009561979211867 ], [ 4512452.424279600381851, 2492968.335750296711922 ], [ 4510882.656817727722228, 2492392.406137465499341 ], [ 4509907.008538071997464, 2491709.046669328585267 ], [ 4507667.378382965922356, 2487584.348587057553232 ], [ 4503789.682642282918096, 2484164.301447195000947 ], [ 4503231.094587756320834, 2483101.025354919023812 ], [ 4503010.286036546342075, 2481058.366880073212087 ], [ 4502127.801982449367642, 2479663.621253117453307 ], [ 4499897.066059994511306, 2477320.276860801503062 ], [ 4498436.396590894088149, 2474189.715901782270521 ], [ 4495837.87332877703011, 2463533.717264706268907 ], [ 4495165.197050835005939, 2461968.037800987251103 ], [ 4494175.709125163033605, 2460496.445399256423116 ], [ 4494193.846418771892786, 2458450.649016030132771 ], [ 4495324.692122981883585, 2453505.639077198226005 ], [ 4494974.904007088392973, 2451575.267166499979794 ], [ 4493919.304027272388339, 2450221.494437277782708 ], [ 4492838.653113540261984, 2449166.036119104363024 ], [ 4492401.909372391179204, 2448110.543194219935685 ], [ 4492153.889151643030345, 2446645.879510349128395 ], [ 4490546.739925788715482, 2443786.738782421220094 ], [ 4489961.438285547308624, 2442282.871450011618435 ], [ 4489815.292677061632276, 2440727.736365132033825 ], [ 4489713.420707328245044, 2434960.542665801011026 ], [ 4489592.118383477441967, 2434264.130486530717462 ], [ 4489447.710467996075749, 2433929.22378173423931 ], [ 4489371.512786547653377, 2433426.73990515479818 ], [ 4489428.014201382175088, 2432251.446472241543233 ], [ 4489706.606435067020357, 2431634.35176470503211 ], [ 4490294.869809804484248, 2431351.745903278701007 ], [ 4491744.227939989417791, 2431328.670604604296386 ], [ 4492167.149769209325314, 2431125.703771227505058 ], [ 4492984.495388839393854, 2430574.887930592056364 ], [ 4493781.312717669643462, 2429832.510480710305274 ], [ 4494191.817844670265913, 2429014.473696880508214 ], [ 4494079.8369519431144, 2428521.700726575683802 ], [ 4493852.108187478035688, 2427875.778827462811023 ], [ 4493769.829660478048027, 2427327.818295479752123 ], [ 4494098.540798376314342, 2427121.415856619831175 ], [ 4494311.0372961666435, 2426917.315682596061379 ], [ 4494612.197328086942434, 2426405.282106718979776 ], [ 4494889.38531013764441, 2425811.946213626302779 ], [ 4495028.855377950705588, 2425337.468500713817775 ], [ 4495324.78468066919595, 2424732.723853876348585 ], [ 4495898.375302935950458, 2424430.802495277486742 ], [ 4496571.731768710538745, 2424191.034175871871412 ], [ 4497431.014789404347539, 2423547.169049789197743 ], [ 4497899.182171602733433, 2423433.176069679670036 ], [ 4498195.273940184153616, 2423092.125398039352149 ], [ 4498308.680094286799431, 2422636.318888369016349 ], [ 4498319.422278017736971, 2421403.840498458594084 ], [ 4498402.393607944250107, 2420897.714212513063103 ], [ 4499883.475163768976927, 2417149.951669729780406 ], [ 4500398.192714035511017, 2415248.15692216064781 ], [ 4500627.535633355379105, 2412937.13636160036549 ] ] } },
{ "type": "Feature", "properties": { "featurecla": "River", "scalerank": 8.0, "rivernum": 720.0, "name": "Warta", "name_en": "Warta", "strokeweig": 0.15 }, "geometry": { "type": "LineString", "coordinates": [ [ 4648480.836743724532425, 2679119.539605318102986 ], [ 4647064.401091278530657, 2678381.582420329097658 ], [ 4645825.001936772838235, 2678573.738730515819043 ], [ 4643646.658834530971944, 2680039.119830917567015 ], [ 4642102.090974193997681, 2680777.292174067813903 ], [ 4641620.911373083479702, 2681191.661090452224016 ], [ 4641178.572970655746758, 2681804.023248000536114 ], [ 4640432.088927401229739, 2683242.097732992377132 ], [ 4639837.489601719193161, 2683993.73164145136252 ], [ 4638633.453862243331969, 2684982.389887572266161 ], [ 4636359.549806286580861, 2686179.076488467399031 ], [ 4635174.477588579058647, 2687028.070368191692978 ], [ 4630865.872761345468462, 2690982.872253807261586 ] ] } },
{ "type": "Feature", "properties": { "featurecla": "River", "scalerank": 8.0, "rivernum": 720.0, "name": "Warta", "name_en": "Warta", "strokeweig": 0.2 }, "geometry": { "type": "LineString", "coordinates": [ [ 4630865.872761345468462, 2690982.872253807261586 ], [ 4629752.627392209134996, 2692079.817144094035029 ], [ 4629168.796081240288913, 2692899.826267528347671 ], [ 4628089.819605654105544, 2695069.148818441666663 ], [ 4627201.916118898428977, 2696067.900557301007211 ], [ 4624617.089748600497842, 2697991.118205988314003 ], [ 4623767.241550487466156, 2698963.371711746789515 ], [ 4623392.558811590075493, 2700407.21461373521015 ], [ 4623685.434443110600114, 2703385.235914349090308 ], [ 4623535.082212612964213, 2704912.559571362566203 ], [ 4622726.026825613342226, 2707044.865577421616763 ], [ 4621880.63612197432667, 2708181.651357034221292 ], [ 4619666.119989698752761, 2709610.874316489789635 ], [ 4620316.337113454937935, 2711520.413656890857965 ], [ 4621334.415980910882354, 2712217.931879845447838 ], [ 4623805.216733242385089, 2712272.529140694532543 ], [ 4629450.597094302996993, 2713790.501257871743292 ], [ 4630171.016094272956252, 2713786.309406655840576 ], [ 4630568.77768528368324, 2713685.90472699329257 ], [ 4630975.147015588358045, 2713702.931158864870667 ], [ 4631747.682451690547168, 2714080.936334318481386 ], [ 4632233.071799321100116, 2714557.484726545400918 ], [ 4632514.717135268263519, 2715108.700069425161928 ], [ 4632878.676147407852113, 2715591.079479299485683 ], [ 4633647.213297019712627, 2715865.820732632651925 ], [ 4634257.130707921460271, 2716281.773529667872936 ], [ 4634625.557428658008575, 2717068.913192501757294 ], [ 4634902.300233464688063, 2717839.128242929000407 ], [ 4635222.422657065093517, 2718215.685828658752143 ], [ 4635945.045457102358341, 2718453.266190463211387 ], [ 4637468.376525292173028, 2719493.987195640802383 ], [ 4638091.46098268404603, 2720062.898602732457221 ], [ 4639181.141197070479393, 2721400.384379785973579 ], [ 4639566.749922702088952, 2722512.840165666304529 ], [ 4639480.236279747448862, 2723837.028294691350311 ], [ 4639186.854343857616186, 2725782.466871996410191 ], [ 4639154.195859791710973, 2730715.004663610365242 ], [ 4638931.203227111138403, 2732968.316204966977239 ], [ 4638005.570946229621768, 2734977.957417422439903 ], [ 4635802.451381755061448, 2736110.018386811949313 ], [ 4627138.468762376345694, 2735809.270009562838823 ], [ 4624589.133111876435578, 2736333.835764788556844 ], [ 4623361.496771669946611, 2736343.441067052539438 ], [ 4622501.006353611126542, 2735897.150885800365359 ], [ 4621870.259847074747086, 2736090.365390705410391 ], [ 4620928.511035965755582, 2735893.215659235604107 ], [ 4619961.760355960577726, 2735415.609698480926454 ], [ 4619295.571822887286544, 2734825.031840996351093 ], [ 4617848.702733157202601, 2736328.365876473486423 ], [ 4613541.198062817566097, 2736005.65450406819582 ], [ 4612051.158753308467567, 2736878.78746051248163 ], [ 4611591.884141049347818, 2736822.187556880526245 ], [ 4610028.445694446563721, 2736347.09731019102037 ], [ 4601382.901468655094504, 2740013.569961881730705 ], [ 4600839.731899472884834, 2740378.389669522177428 ], [ 4600475.667243714444339, 2740775.503736823797226 ], [ 4600054.605576817877591, 2741094.412589157000184 ], [ 4599370.737553838640451, 2741249.495486652012914 ], [ 4598776.271510111168027, 2740939.938572258222848 ], [ 4598033.775016213767231, 2740340.516379951965064 ], [ 4597219.471972052007914, 2740004.674135701265186 ], [ 4596403.733854674734175, 2740482.42139545083046 ], [ 4595382.153000979684293, 2740681.983396700583398 ], [ 4586067.287540530785918, 2737441.644127288367599 ], [ 4584600.049609982408583, 2737757.193073538597673 ], [ 4584624.713420970365405, 2738874.541615212801844 ], [ 4585529.561797730624676, 2740222.462348860688508 ], [ 4586742.272586088627577, 2741210.866992850787938 ], [ 4589259.981391292065382, 2742203.968493859283626 ], [ 4589952.56406285520643, 2743282.062322233337909 ], [ 4589972.110291443765163, 2745629.839931922964752 ], [ 4590186.995943759568036, 2747728.861845979001373 ], [ 4591930.948189382441342, 2750913.881842063274235 ], [ 4592349.519146794453263, 2752960.944285833276808 ], [ 4590700.951833570376039, 2758707.218494348227978 ], [ 4590634.943372466601431, 2759536.694963688962162 ], [ 4591073.761009090580046, 2760381.631318215746433 ], [ 4591225.428232611157, 2761245.086189713794738 ], [ 4591082.145543832331896, 2762165.707173789385706 ], [ 4590663.80049526784569, 2763172.295390768442303 ], [ 4591779.412066810764372, 2764579.148296284954995 ], [ 4591480.061489671468735, 2767766.135561415459961 ], [ 4590356.024059994146228, 2773477.566008017398417 ], [ 4590722.425063559785485, 2774498.927710058633238 ], [ 4592042.720327332615852, 2776757.698918740730733 ], [ 4592592.223101357929409, 2778308.562731251586229 ], [ 4593312.507055258378386, 2782789.024891024455428 ], [ 4593700.485174322500825, 2784355.055151249747723 ], [ 4593309.869097307324409, 2784532.485441799741238 ], [ 4593055.108176414854825, 2784731.612463205587119 ], [ 4592731.610593212768435, 2784872.263580612372607 ], [ 4592223.337962795980275, 2784850.644246745854616 ], [ 4592136.44446, 2785572.023847150616348 ], [ 4593078.451683208346367, 2785685.584534062538296 ], [ 4592981.679665191099048, 2786487.679819664917886 ], [ 4591999.673001255840063, 2786707.484348572324961 ], [ 4591067.947418705560267, 2787195.078121992293745 ], [ 4590260.798150267452002, 2787415.099017762579024 ], [ 4589672.304332518950105, 2786829.271671971771866 ], [ 4588949.140238545835018, 2788190.308300571516156 ], [ 4588263.439782158471644, 2789791.029097347054631 ], [ 4587522.118687919341028, 2791089.26552552729845 ], [ 4583293.297058259136975, 2793028.61712618265301 ], [ 4582850.62646743748337, 2793100.187320763245225 ], [ 4582517.603494510054588, 2793411.983477427158505 ], [ 4582291.571434220299125, 2794402.169598035514355 ], [ 4578756.268236145377159, 2797417.754794340580702 ], [ 4576993.010888145305216, 2801008.235838482156396 ], [ 4576314.44192404858768, 2802729.788358352612704 ], [ 4576178.379956856369972, 2803691.089423902332783 ], [ 4575618.111967636272311, 2806139.790162907913327 ], [ 4576048.407016293145716, 2809169.953246570192277 ], [ 4577641.541665442287922, 2814271.21155623998493 ], [ 4577084.603196125477552, 2815742.851793369278312 ], [ 4577388.617606817744672, 2817601.539731888566166 ], [ 4578111.104067144915462, 2819293.207863387651742 ], [ 4578809.21250281482935, 2820247.731968269683421 ] ] } },
{ "type": "Feature", "properties": { "featurecla": "River", "scalerank": 8.0, "rivernum": 720.0, "name": "Warta", "name_en": "Warta", "strokeweig": 0.25 }, "geometry": { "type": "LineString", "coordinates": [ [ 4578809.21250281482935, 2820247.731968269683421 ], [ 4579039.082391269505024, 2821397.792715872172266 ], [ 4581596.067718686535954, 2826280.624668443575501 ], [ 4583076.007409077137709, 2830431.392351075541228 ], [ 4582368.49471405800432, 2831570.129990221466869 ], [ 4579605.871701027266681, 2834569.663031214848161 ], [ 4578614.273037537001073, 2835146.553189444355667 ], [ 4577734.569339827634394, 2835826.734262374229729 ], [ 4577088.772734234109521, 2837559.915944306645542 ], [ 4576373.206539600156248, 2840790.877694610506296 ], [ 4575666.628087657503784, 2842411.289050543680787 ], [ 4574909.557382791303098, 2843663.826643949840218 ], [ 4574218.447659115307033, 2845159.391524527687579 ], [ 4573268.761360825039446, 2849974.640287704300135 ], [ 4572635.60633241944015, 2851537.963432559743524 ], [ 4571813.825527012348175, 2852582.379031311254948 ], [ 4570774.595064272172749, 2853490.328123650979251 ], [ 4569516.310538345947862, 2854248.543460325803608 ], [ 4568239.146791600622237, 2854534.567780183628201 ], [ 4564609.386161562055349, 2854480.234436633531004 ], [ 4562444.589848602190614, 2855232.343173424713314 ], [ 4561448.246054301038384, 2855288.50995891680941 ], [ 4558617.685457888990641, 2854367.115538198500872 ], [ 4557018.335318017750978, 2854249.089870622847229 ], [ 4554666.589874256402254, 2855941.745335256215185 ], [ 4553468.118301138281822, 2855841.679793010931462 ], [ 4550974.211947183124721, 2854897.253443952649832 ], [ 4545768.226998357102275, 2855042.320471256040037 ], [ 4545208.45679459348321, 2854886.896907064598054 ], [ 4544563.751271191053092, 2854563.568282196763903 ], [ 4544043.654785100370646, 2854140.779805770609528 ], [ 4543850.8182727182284, 2853691.391047549434006 ], [ 4543601.211071266792715, 2853747.888008777517825 ], [ 4542171.202769635245204, 2854440.572381728328764 ], [ 4541444.72578348685056, 2854557.38793306145817 ], [ 4540330.962764342315495, 2854076.667694887612015 ], [ 4538052.763700593262911, 2852310.499139576219022 ], [ 4537000.851732934825122, 2851850.696971201803535 ], [ 4531873.285275278612971, 2851285.656569050159305 ], [ 4524914.915035270154476, 2848458.474919939413667 ], [ 4522615.289286687970161, 2848062.500958901830018 ], [ 4521525.325924501754344, 2848393.890350305009633 ], [ 4519238.328930071555078, 2849607.98326139524579 ], [ 4517657.221743573434651, 2849747.778469611424953 ], [ 4515374.541209725663066, 2849504.767103317193687 ], [ 4514488.511743634939194, 2849207.557676907628775 ], [ 4511728.489979957230389, 2847709.915328869596124 ], [ 4511972.626153139397502, 2846717.210311016999185 ], [ 4509138.330181296914816, 2845970.634076070040464 ], [ 4508122.818273025564849, 2845384.098001451231539 ], [ 4507288.625187030993402, 2843587.355151120107621 ], [ 4506498.7955312570557, 2842510.381381169892848 ], [ 4505416.111310798674822, 2841935.990785263944417 ], [ 4495398.769078889861703, 2840785.874810807872564 ], [ 4495395.016638807952404, 2840345.039703017100692 ], [ 4494571.104344234801829, 2837755.646314103156328 ], [ 4493707.801140131428838, 2837079.821525839157403 ], [ 4486330.91141330357641, 2834609.605698018800467 ], [ 4469638.434812351129949, 2833800.790901488624513 ], [ 4468997.443203689530492, 2833377.865606439299881 ], [ 4468378.195961646735668, 2832559.107675385661423 ], [ 4466856.220904730260372, 2832347.040426765102893 ], [ 4464490.075623318552971, 2832576.72436856245622 ], [ 4462082.939956303685904, 2835088.702702900394797 ], [ 4461720.924574714154005, 2838559.736655567772686 ], [ 4461655.26414146926254, 2842254.026300818193704 ], [ 4460139.282746213488281, 2845431.205019172746688 ], [ 4459390.684999952092767, 2844959.705005565658212 ], [ 4456063.965538623742759, 2845046.765093995258212 ], [ 4456483.459833269938827, 2845818.858846065122634 ], [ 4456278.561697218567133, 2846208.109427074436098 ], [ 4456083.980940023437142, 2846453.381114272866398 ], [ 4455937.064633500762284, 2846742.668521271087229 ], [ 4455858.370631295256317, 2847236.031180216465145 ], [ 4455447.797305530868471, 2847197.491581351961941 ], [ 4454832.279398582875729, 2846617.953254298307002 ], [ 4454241.895885134115815, 2847290.065155061427504 ], [ 4453171.775049548596144, 2849567.207259533461183 ], [ 4452875.743505798280239, 2850659.634992157574743 ], [ 4452942.727178203873336, 2852123.31187085295096 ], [ 4453411.371053563430905, 2854438.947471179999411 ], [ 4453633.242723692208529, 2854657.376159506849945 ], [ 4454456.22364245261997, 2855011.214516829699278 ], [ 4454687.906122722662985, 2855296.509837301447988 ], [ 4454709.725940223783255, 2856199.951955019962043 ], [ 4454470.674173474311829, 2856923.415859250817448 ], [ 4454161.421570529229939, 2857466.352336414158344 ], [ 4453995.919426276348531, 2857854.094042427837849 ], [ 4454177.028389353305101, 2858780.383808809798211 ], [ 4456781.192609113641083, 2867776.567173422314227 ], [ 4457136.405557181686163, 2870050.789299704600126 ], [ 4457124.718609353527427, 2872488.073588262312114 ], [ 4456556.075855415314436, 2875334.015004046261311 ], [ 4455784.116580886766315, 2878055.363835855387151 ], [ 4455298.72602223418653, 2880743.241633612662554 ], [ 4455629.067222981713712, 2883537.252047046553344 ], [ 4452617.72774678748101, 2886870.248722960241139 ], [ 4451293.172302965074778, 2887716.016329957637936 ], [ 4439439.177723337896168, 2892386.166109665762633 ], [ 4436738.602812212891877, 2892909.744405403733253 ], [ 4435943.770208577625453, 2892842.890093480236828 ], [ 4434862.929769072681665, 2892502.559503566473722 ], [ 4434069.510701294057071, 2892668.067765357438475 ], [ 4433707.198875746689737, 2893062.317083690315485 ], [ 4433195.005389330908656, 2893769.875948972068727 ], [ 4432581.889810355380177, 2894426.230423130095005 ], [ 4431295.690348160453141, 2894843.001019643619657 ], [ 4430319.748499223031104, 2895730.600463056471199 ], [ 4429935.379360796883702, 2895912.294483956415206 ], [ 4420468.673137259669602, 2895293.426048892084509 ], [ 4418223.792064964771271, 2895827.390248060692102 ], [ 4417209.906623020768166, 2895602.255072727799416 ], [ 4414125.718922833912075, 2894005.046702727209777 ], [ 4412377.195740376599133, 2894131.363378431648016 ], [ 4410452.630730547942221, 2895684.290818038862199 ], [ 4409478.153323664329946, 2894845.097141154110432 ], [ 4406918.27594293653965, 2893718.894442659802735 ], [ 4405959.752994858659804, 2892755.416179470252246 ], [ 4405070.282282925210893, 2891613.595049742143601 ], [ 4404087.943713538348675, 2891114.786998390220106 ], [ 4401444.489127043634653, 2890572.118403298780322 ], [ 4400086.55228572897613, 2889695.183672287501395 ], [ 4397719.481452776119113, 2887036.444509276654571 ], [ 4396601.391102788038552, 2886417.485992175061256 ], [ 4395346.523013548925519, 2886095.705112096853554 ], [ 4393038.38456204533577, 2884940.28929063025862 ], [ 4387295.965141350403428, 2883645.691404740791768 ], [ 4386719.688856588676572, 2883041.178161730524153 ], [ 4385690.61249465495348, 2881405.194157662335783 ], [ 4385362.849464956671, 2881094.612090538721532 ], [ 4384535.566622040234506, 2880896.897085662465543 ], [ 4383946.600785414688289, 2880644.581057095434517 ], [ 4383344.886669451370835, 2880551.93615559162572 ], [ 4382448.30474419426173, 2880862.494296429213136 ], [ 4380937.090142250061035, 2882949.164080453105271 ], [ 4380363.122571249492466, 2883198.70107493409887 ], [ 4375782.484341221861541, 2883729.12507513538003 ], [ 4374513.361719029024243, 2883451.282879596576095 ], [ 4373365.088744605891407, 2882356.525101674254984 ], [ 4372825.873767801560462, 2883115.068878954276443 ], [ 4372217.643162649124861, 2882488.892322579398751 ], [ 4371631.056358783505857, 2882327.790832029189914 ], [ 4370982.201712133362889, 2882309.386817979626358 ], [ 4370244.314228912815452, 2882115.75426933541894 ], [ 4368205.807081527076662, 2880622.362193822860718 ], [ 4367654.347243029624224, 2880374.956521035637707 ], [ 4365910.761706534773111, 2881521.56438898248598 ], [ 4365317.6332624591887, 2881739.793511867988855 ], [ 4365135.071100905537605, 2881612.774631522595882 ], [ 4363133.889605120755732, 2880837.778070603497326 ], [ 4362439.311446102336049, 2880830.251200177241117 ], [ 4362013.889399880543351, 2881035.170050705783069 ], [ 4361577.006758991628885, 2881094.501475539524108 ], [ 4360833.9984439201653, 2880665.079230981878936 ], [ 4360543.079672268591821, 2880143.233937490265816 ], [ 4360480.100850586779416, 2879485.793824969790876 ], [ 4360314.529967967420816, 2878828.588870088104159 ], [ 4359751.151129264384508, 2878304.887522517237812 ], [ 4358228.37777771987021, 2878225.761288200039417 ], [ 4357041.1513885660097, 2879198.354502193629742 ], [ 4353233.762073714286089, 2884502.509041207842529 ], [ 4352579.226112861186266, 2886099.421489885542542 ], [ 4352194.247960567474365, 2888518.835211965721101 ], [ 4353485.963607263751328, 2890869.08470087684691 ], [ 4353641.025419106706977, 2892106.973987940698862 ], [ 4352124.544583579525352, 2892527.350745954085141 ], [ 4350404.152803444303572, 2891585.814968526363373 ], [ 4349380.186405830085278, 2890727.054495345335454 ], [ 4348708.87638686131686, 2890862.569929796271026 ], [ 4347753.709406542591751, 2891477.675373017787933 ], [ 4344992.81108233705163, 2890549.904217546340078 ], [ 4343568.803337355144322, 2890355.894558118656278 ], [ 4342181.817568742670119, 2891078.077301331795752 ] ] } },
{ "type": "Feature", "properties": { "featurecla": "River", "scalerank": 8.0, "rivernum": 720.0, "name": "Warta", "name_en": "Warta", "strokeweig": 0.3 }, "geometry": { "type": "LineString", "coordinates": [ [ 4342181.817568742670119, 2891078.077301331795752 ], [ 4341809.756474188528955, 2890604.271266369149089 ], [ 4338675.089841821230948, 2888614.311577090993524 ], [ 4338143.952720046974719, 2888077.017077480442822 ], [ 4338589.540600402280688, 2887876.785254439339042 ], [ 4338730.712880214676261, 2887460.44475220143795 ], [ 4338127.96505955606699, 2884571.051592368632555 ], [ 4338022.039767361246049, 2883345.366959115955979 ], [ 4337594.870779940858483, 2882683.93519320525229 ], [ 4336533.423775179311633, 2881846.664284818805754 ], [ 4334925.814818782731891, 2879190.47937756543979 ], [ 4333991.099192382767797, 2878262.697037251200527 ], [ 4332538.567221451550722, 2877825.579096571542323 ], [ 4331605.515572841279209, 2878261.207489065825939 ], [ 4329408.226863206364214, 2880520.45486775226891 ], [ 4328029.699229174293578, 2881260.417433992959559 ], [ 4326559.211805317550898, 2881239.492774141952395 ], [ 4324560.576094371266663, 2879939.125333321280777 ], [ 4323425.134186998009682, 2879547.155134188011289 ], [ 4319428.27266723010689, 2878912.468877978157252 ], [ 4306318.718870683573186, 2872791.655998267699033 ], [ 4304959.584401180036366, 2872653.030687882099301 ], [ 4303596.380396026186645, 2872935.300495248753577 ], [ 4301821.547888750210404, 2873144.860170927364379 ] ] } },
{ "type": "Feature", "properties": { "featurecla": "River", "scalerank": 8.0, "rivernum": 721.0, "name": "Main", "name_en": "Main", "strokeweig": 0.15 }, "geometry": { "type": "LineString", "coordinates": [ [ 4106908.984031628351659, 2570862.317060079891235 ], [ 4110804.584131341427565, 2567946.732101183850318 ], [ 4111152.52644331054762, 2568334.609383995644748 ], [ 4111952.737561656627804, 2568986.801254848018289 ], [ 4112241.437071885447949, 2569439.042005142197013 ], [ 4112378.650152248796076, 2570145.048654480371624 ], [ 4112336.48388400208205, 2570831.389661068096757 ], [ 4112191.663071429822594, 2571714.842930107843131 ], [ 4112911.654340496752411, 2574747.257561062462628 ], [ 4112910.338191102258861, 2576037.813414439558983 ], [ 4112079.557337462436408, 2576840.618048035539687 ], [ 4113177.736780683975667, 2577738.259130405262113 ], [ 4113140.888779441826046, 2578639.804101047571748 ], [ 4112782.174429440870881, 2579549.989629133138806 ], [ 4112904.206094349734485, 2580465.527191914618015 ], [ 4112886.575478848069906, 2581265.192346249707043 ], [ 4111599.016118172556162, 2581323.529547356534749 ], [ 4109730.433448852505535, 2580855.578598078805953 ], [ 4108633.676110157277435, 2581173.19365503359586 ], [ 4107644.093793823383749, 2581873.637535591144115 ], [ 4106771.246050336863846, 2582831.136539011728019 ], [ 4106086.148870928678662, 2584049.723896411247551 ], [ 4105656.807588795665652, 2585509.743999472819269 ], [ 4104913.692966966889799, 2585135.095432478934526 ], [ 4104315.984879098832607, 2585752.399850558955222 ], [ 4103244.577151310164481, 2587732.022329490631819 ], [ 4101230.319663740228862, 2589244.560520111117512 ], [ 4100250.152553223073483, 2590458.044123000465333 ], [ 4099806.976423234213144, 2592390.367769131436944 ], [ 4098979.165513827465475, 2594152.629070754162967 ], [ 4097130.716612805146724, 2595486.314434237312526 ], [ 4093584.661192690953612, 2597077.763673196546733 ] ] } },
{ "type": "Feature", "properties": { "featurecla": "River", "scalerank": 8.0, "rivernum": 721.0, "name": "Main", "name_en": "Main", "strokeweig": 0.2 }, "geometry": { "type": "LineString", "coordinates": [ [ 4093584.661192690953612, 2597077.763673196546733 ], [ 4087997.807722740340978, 2599595.994617328047752 ], [ 4085511.065509340725839, 2600083.519641515798867 ], [ 4084861.867787920869887, 2600597.242833697702736 ], [ 4083670.423287550918758, 2601909.947225025855005 ], [ 4080178.238927360624075, 2604712.674268175382167 ], [ 4078852.763429370708764, 2606121.403225990477949 ], [ 4077591.306023739743978, 2607132.780984027776867 ], [ 4076292.077443588059396, 2607328.223285997286439 ], [ 4074815.706908202730119, 2606296.573228675872087 ], [ 4071281.051691479049623, 2600908.680820127017796 ], [ 4069872.624141769949347, 2599630.294615898746997 ], [ 4067576.015612135175616, 2598642.076718727592379 ], [ 4066525.328807809855789, 2597749.672181390691549 ], [ 4066099.11026574857533, 2596280.678616937249899 ], [ 4065900.039808658882976, 2594712.364558537490666 ], [ 4064795.126321354415268, 2590554.395524634514004 ], [ 4062944.660719350446016, 2585844.555295754689723 ], [ 4061928.037211034446955, 2584085.448012266773731 ], [ 4060878.678712128661573, 2583312.283091789577156 ], [ 4059507.298096937593073, 2582858.170294659212232 ], [ 4059663.014177389908582, 2581687.652592471800745 ], [ 4060257.664929318707436, 2580034.467019230127335 ], [ 4060178.779616150073707, 2578105.874650920275599 ], [ 4059259.854967563878745, 2577051.340169778559357 ], [ 4057967.835948517080396, 2576905.428487587720156 ], [ 4053592.099997571203858, 2577573.779851937666535 ], [ 4052678.508132099173963, 2578167.511447513010353 ], [ 4051160.943813859019428, 2580276.456481093540788 ], [ 4050228.803185969591141, 2581114.333553840406239 ], [ 4042799.46644839970395, 2584597.810772238764912 ], [ 4040277.828461947385222, 2584918.272902212105691 ], [ 4038022.490504252724349, 2585845.133882381021976 ], [ 4033985.953965609893203, 2588932.292591465171427 ], [ 4032468.09584929049015, 2587485.283618583809584 ], [ 4030400.785946581047028, 2586772.36310120858252 ], [ 4025922.628597954288125, 2586755.573547760024667 ], [ 4024027.683000112883747, 2587236.728677846491337 ], [ 4022614.472530163358897, 2588135.046617099549621 ], [ 4020324.392963455524296, 2590485.673647307790816 ], [ 4019332.67598528182134, 2591058.77336504124105 ], [ 4017435.276072492357343, 2590933.935919443611056 ], [ 4015774.621227500960231, 2589572.71701316954568 ], [ 4012458.499900131020695, 2585018.797745835501701 ], [ 4012132.141795585863292, 2584349.279369071591645 ], [ 4012083.24877643911168, 2583575.529708405956626 ], [ 4012177.583444451447576, 2582303.845524960197508 ], [ 4012658.381593635771424, 2579380.929465649649501 ], [ 4012671.733096967451274, 2578088.069850725587457 ], [ 4012189.966828900855035, 2577098.217521630227566 ], [ 4012191.713608252815902, 2576363.920403746888041 ], [ 4013177.158607946708798, 2575068.217716773971915 ], [ 4012722.379332932177931, 2574049.534691789653152 ], [ 4011775.70757919177413, 2573176.599087504670024 ], [ 4011262.556214840617031, 2572296.904244576580822 ], [ 4011780.254122290760279, 2571196.609829728491604 ], [ 4014265.651472453493625, 2571011.47481816355139 ], [ 4015106.66968593839556, 2569770.805068812333047 ], [ 4012817.084624510258436, 2570045.185778807848692 ], [ 4011851.475994254462421, 2569715.049382898490876 ], [ 4011999.893601300660521, 2568600.821064040530473 ], [ 4014262.226356837432832, 2566141.426988221239299 ], [ 4014688.793309887871146, 2565303.416737672872841 ], [ 4014784.050855670124292, 2564044.869316102936864 ], [ 4014480.373685920145363, 2563388.367897030897439 ], [ 4013717.128795154858381, 2563137.131643780041486 ], [ 4012488.117875406518579, 2563094.659485940821469 ], [ 4011368.134004615712911, 2562874.388363753911108 ], [ 4010917.992908939253539, 2562186.30530141480267 ], [ 4010380.348089028615505, 2559358.081097743473947 ], [ 4011233.662719720508903, 2557592.268751306459308 ], [ 4010558.240278978832066, 2555458.690940552856773 ], [ 4008448.817923607304692, 2552027.088175519835204 ], [ 4010398.104845429304987, 2550562.006048240698874 ], [ 4008163.801318344194442, 2549369.946161458734423 ], [ 4005729.641591476742178, 2549366.664083888754249 ], [ 4003533.191085107624531, 2550238.011979083996266 ], [ 4002007.704247104935348, 2551684.858096263837069 ], [ 4001677.380578910931945, 2552432.175116031430662 ], [ 4001394.591043264139444, 2553874.507067665457726 ], [ 4001030.488200994674116, 2554616.608787612523884 ] ] } },
{ "type": "Feature", "properties": { "featurecla": "River", "scalerank": 8.0, "rivernum": 721.0, "name": "Main", "name_en": "Main", "strokeweig": 0.25 }, "geometry": { "type": "LineString", "coordinates": [ [ 4001030.488200994674116, 2554616.608787612523884 ], [ 4000561.115768530871719, 2554994.186054462566972 ], [ 4000027.204531705472618, 2555198.715776364784688 ], [ 3999591.954484070651233, 2555481.969032487366349 ], [ 3998963.355788689106703, 2557821.381815697997808 ], [ 3997971.370286579243839, 2559022.807384295389056 ], [ 3996976.238289199303836, 2559862.512567869387567 ], [ 3996518.021939196623862, 2560518.439573779702187 ], [ 3996138.18666636897251, 2561363.170644351281226 ], [ 3993668.571824507787824, 2563825.563157783821225 ], [ 3993125.768796374090016, 2564106.872225381899625 ], [ 3992168.768989380449057, 2564304.932189152576029 ], [ 3991778.794589688070118, 2564554.682447228115052 ], [ 3991338.431286900769919, 2565093.025874247774482 ], [ 3991176.19377368548885, 2565486.682141012046486 ], [ 3991068.414187085814774, 2565958.924346944782883 ], [ 3990788.192334495019168, 2566759.291308630723506 ], [ 3989413.45512334164232, 2569759.489366034511477 ], [ 3989069.033220646437258, 2572033.93533276533708 ], [ 3988900.849429068155587, 2572629.607393526937813 ], [ 3987110.971362828277051, 2575146.16047067893669 ], [ 3986572.507731198798865, 2576490.266943797003478 ], [ 3986975.367709543090314, 2577769.009521396830678 ], [ 3986391.30793759599328, 2578394.683253686875105 ], [ 3984187.954946895129979, 2579638.831939838360995 ], [ 3983253.636810469906777, 2583711.921037019230425 ], [ 3982114.977623065002263, 2584964.081786697264761 ], [ 3980809.246609863825142, 2585682.131756798364222 ], [ 3980120.214852081146091, 2586702.291478283703327 ], [ 3980871.776026100851595, 2588842.001439044252038 ], [ 3979657.297712203115225, 2589279.400741728488356 ], [ 3979235.095253127627075, 2589294.210706895217299 ], [ 3978362.341223027091473, 2589009.355825833976269 ], [ 3978051.46577505255118, 2588992.323551485314965 ], [ 3976793.217789222020656, 2589401.744983844924718 ], [ 3976354.203666581772268, 2589429.981795155443251 ], [ 3975931.540602477267385, 2589342.789324435871094 ], [ 3975112.148907578550279, 2588953.337473989464343 ], [ 3974722.378255529329181, 2588698.244388797786087 ], [ 3973455.622757153585553, 2587432.747653717640787 ], [ 3972974.173357367515564, 2587133.680524783208966 ], [ 3971710.907236950937659, 2586647.479244517162442 ], [ 3971313.854644554667175, 2586361.213810317683965 ], [ 3970912.273999757133424, 2585880.938204769045115 ], [ 3970689.279771640896797, 2585310.501532956026495 ], [ 3970309.677134654019028, 2583980.448380351066589 ], [ 3969718.867467294912785, 2582431.373465795535594 ], [ 3969553.041721827350557, 2581850.155187766533345 ], [ 3969439.575185569468886, 2580977.527763988822699 ], [ 3969469.267434673849493, 2580282.378959816880524 ], [ 3969675.426130649633706, 2579664.85821234760806 ], [ 3970362.552810504566878, 2578506.920399877708405 ], [ 3972310.737895723432302, 2572542.857134867459536 ], [ 3972433.746163052506745, 2571466.949931154027581 ], [ 3972248.696000794414431, 2570471.378174852114171 ], [ 3971592.968062156345695, 2568390.03333826828748 ], [ 3971070.388128622435033, 2567147.233994060661644 ], [ 3970869.745164504740387, 2566466.500834152568132 ], [ 3970823.738929206039757, 2565535.749502997845411 ], [ 3971143.344552053604275, 2565035.655150832142681 ], [ 3972284.527970279566944, 2564544.195150798652321 ], [ 3972926.56025955080986, 2563990.03149725869298 ], [ 3972848.965363556053489, 2563439.700805095024407 ], [ 3972326.757935551926494, 2562931.084651183802634 ], [ 3970020.265705090016127, 2561611.750541200861335 ], [ 3969169.736769528128207, 2561375.503584510181099 ], [ 3968327.893719217739999, 2561459.299753898289055 ], [ 3964597.233867222443223, 2563253.898648381698877 ], [ 3963307.285857392475009, 2563297.042379097081721 ], [ 3960825.92417475534603, 2562940.327817902900279 ], [ 3958295.660865721292794, 2562042.321419694460928 ], [ 3954911.884735010564327, 2562306.931475499644876 ], [ 3954067.248756733722985, 2562039.033469845540822 ], [ 3953264.45707994652912, 2561526.986096014734358 ], [ 3952527.284361844882369, 2560781.039306880440563 ], [ 3950831.028015079442412, 2558182.180602694861591 ], [ 3949586.597117610275745, 2557097.945851250551641 ], [ 3949104.727069998625666, 2556499.47200395911932 ], [ 3948771.312353041954339, 2555453.703188268002123 ], [ 3948664.461071450728923, 2554969.568846058100462 ], [ 3948523.894930797629058, 2554517.245671037118882 ], [ 3948316.094823071267456, 2554146.904259892180562 ], [ 3948017.325021096505225, 2553866.660605346318334 ], [ 3947818.924654891248792, 2553758.514238344039768 ], [ 3947597.238714342005551, 2553703.066598522476852 ], [ 3947428.071611378341913, 2553793.963621842674911 ], [ 3947356.886344831436872, 2554151.379666083026677 ], [ 3946949.264133370947093, 2555196.780294980388135 ], [ 3945986.517209155950695, 2555817.886694486718625 ], [ 3944885.877586347982287, 2556241.324124737642705 ], [ 3944051.24195729708299, 2556722.421513775829226 ], [ 3943271.003459073603153, 2557806.280752186663449 ], [ 3943027.711241337936372, 2558858.056489373091608 ], [ 3943159.61307535180822, 2561565.855492640752345 ], [ 3942759.980136521160603, 2562892.133470739237964 ], [ 3941853.974374667741358, 2563854.347858032211661 ], [ 3940833.703584282658994, 2564592.486762164160609 ], [ 3940128.622534646186978, 2565264.202136123087257 ], [ 3940073.750513375271112, 2566379.493034048937261 ], [ 3941356.431579663418233, 2570823.260669405106455 ], [ 3941485.068464298266917, 2573182.205123408231884 ], [ 3940989.047093890607357, 2575726.640809282194823 ], [ 3939870.92467583483085, 2578013.49742739321664 ], [ 3938105.629738009534776, 2579595.016537189949304 ], [ 3938115.294885850977153, 2580394.817626572679728 ], [ 3938827.797587982844561, 2580543.617571256589144 ], [ 3939408.229271528776735, 2580974.703046899754554 ], [ 3939947.749215522315353, 2581676.467376796528697 ], [ 3940550.994425227399915, 2582634.566761492285877 ], [ 3939553.379953378811479, 2583236.350119293667376 ], [ 3938395.393638386856765, 2583420.630880205426365 ], [ 3936026.812373882159591, 2583350.027190251741558 ], [ 3935475.401233301963657, 2583881.487382967025042 ], [ 3933007.741167981177568, 2587855.11813044315204 ], [ 3932666.969948193989694, 2590206.909973580855876 ], [ 3932612.042898728977889, 2590396.468103176914155 ], [ 3932302.81625978089869, 2590767.73249792214483 ], [ 3931629.08819628925994, 2590902.591095434036106 ], [ 3930951.99350327020511, 2590785.804445745889097 ], [ 3930636.322703387588263, 2590422.899572576861829 ], [ 3930289.642197720706463, 2590514.165843839757144 ], [ 3929681.228834355715662, 2590976.230671322438866 ], [ 3929458.673534997273237, 2591981.176127952989191 ], [ 3930248.648033758159727, 2593696.074301472399384 ], [ 3929155.168091854546219, 2594445.484660700894892 ], [ 3927249.851304164156318, 2595277.448983566369861 ], [ 3926460.657015224918723, 2596015.251508475746959 ], [ 3925034.292370366398245, 2598378.106264827772975 ], [ 3924354.416764698922634, 2599156.604057103861123 ], [ 3923216.468636567238718, 2599729.626147960778326 ], [ 3917247.126419039908797, 2600709.468734544701874 ], [ 3915982.200550229288638, 2600669.822829179931432 ], [ 3915246.86676936224103, 2600039.397298505995423 ], [ 3915608.289672719314694, 2598446.601145809050649 ], [ 3914411.897618000395596, 2597902.618973364122212 ], [ 3910169.939472453203052, 2597424.719890561886132 ], [ 3906209.258667746093124, 2596328.772708273027092 ], [ 3899726.044507299549878, 2596470.361295626498759 ], [ 3898671.478681650944054, 2596045.278195382095873 ], [ 3897941.438880659174174, 2594979.149183271918446 ], [ 3896817.054989721626043, 2592457.434540814720094 ], [ 3893912.176511975936592, 2589185.674365722574294 ], [ 3892385.3357576103881, 2588417.555467587895691 ], [ 3890704.472148505505174, 2586950.187677654903382 ], [ 3888887.347030460834503, 2586105.358772086445242 ], [ 3886973.710157672874629, 2587196.531315271742642 ], [ 3885684.729163850191981, 2586556.282039311248809 ], [ 3882674.761974993161857, 2586540.49840557994321 ], [ 3881700.318566188216209, 2585786.481735759414732 ] ] } },
{ "type": "Feature", "properties": { "featurecla": "River", "scalerank": 8.0, "rivernum": 722.0, "name": "Ems", "name_en": "Ems", "strokeweig": 0.15 }, "geometry": { "type": "LineString", "coordinates": [ [ 3918392.313068664167076, 2787803.201826286502182 ], [ 3912754.168339310679585, 2785428.382129143923521 ], [ 3909328.7980124973692, 2783291.55014910409227 ], [ 3905256.773531359154731, 2783368.308835346717387 ], [ 3904620.775368774309754, 2783262.525671207811683 ], [ 3903434.543220658786595, 2782787.127198491711169 ], [ 3902934.937213466968387, 2782678.884258612524718 ], [ 3902726.782794295344502, 2782347.133261514827609 ], [ 3902330.481049556750804, 2780893.460417646449059 ], [ 3901998.547609606292099, 2780558.951118944678456 ], [ 3900855.71661595441401, 2780345.690639236010611 ], [ 3899078.24411217821762, 2779332.247347911819816 ], [ 3896234.374125004280359, 2779024.025066934991628 ], [ 3895765.23748641461134, 2779152.015384797006845 ], [ 3895433.63541350280866, 2779626.11558193853125 ], [ 3895153.172867433633655, 2780970.314707753248513 ], [ 3894908.080925833433867, 2781374.391072765924037 ], [ 3893869.033427929040045, 2781758.808871153276414 ], [ 3890829.469736482482404, 2782263.53744232095778 ], [ 3888835.813170236069709, 2783554.628863269928843 ], [ 3887228.787160222418606, 2785501.581509993411601 ], [ 3886775.086573777720332, 2787674.315851058345288 ], [ 3888275.662277805618942, 2789660.57463360298425 ] ] } },
{ "type": "Feature", "properties": { "featurecla": "River", "scalerank": 8.0, "rivernum": 722.0, "name": "Ems", "name_en": "Ems", "strokeweig": 0.2 }, "geometry": { "type": "LineString", "coordinates": [ [ 3888275.662277805618942, 2789660.57463360298425 ], [ 3888290.756141670048237, 2790324.14903968013823 ], [ 3887794.241400025319308, 2790335.468025978654623 ], [ 3887785.010895190760493, 2790926.1227165190503 ], [ 3887933.5410435940139, 2791032.947021219879389 ], [ 3888133.997362619731575, 2790996.885891816578805 ], [ 3888308.952363193500787, 2791124.112985200248659 ], [ 3885627.500095224939287, 2793495.171568177174777 ], [ 3877062.309800009708852, 2798735.847970689181238 ], [ 3875774.035751750227064, 2798043.974882112350315 ], [ 3867488.346739680506289, 2796785.901354155503213 ], [ 3866870.679739787708968, 2797091.328423890285194 ], [ 3865464.908737331628799, 2798100.78332590078935 ], [ 3857816.34715174138546, 2799135.518851753789932 ], [ 3854594.261783483438194, 2800358.680355746299028 ], [ 3852160.729144845157862, 2802426.351885996293277 ], [ 3852142.605291943065822, 2802899.370663780253381 ], [ 3852253.219418184366077, 2803022.025716148782521 ], [ 3852437.559549679514021, 2803011.219383711926639 ], [ 3852676.213413888588548, 2803082.781059912871569 ], [ 3852089.054187947418541, 2803486.329203318804502 ], [ 3851496.902450604364276, 2803722.111122644040734 ], [ 3850164.06842226954177, 2803886.075366262346506 ], [ 3849558.288003898691386, 2804201.260276844259351 ], [ 3849362.611595728434622, 2804895.002570509444922 ], [ 3849304.324102676473558, 2805631.774726266972721 ], [ 3849099.29374303529039, 2806123.703052237164229 ], [ 3848503.728877498302609, 2806443.967322488781065 ], [ 3848163.125740945339203, 2806423.021129947155714 ], [ 3847769.596522073727101, 2806261.996186343487352 ], [ 3847045.235787415876985, 2806187.452099955640733 ], [ 3846441.747213910799474, 2806560.71877809567377 ], [ 3845617.671270529739559, 2808148.523048041854054 ], [ 3844852.8780632247217, 2808527.092275899834931 ], [ 3844762.730026353616267, 2808949.95888515887782 ], [ 3844468.661421661730856, 2810896.597976326476783 ], [ 3844293.136210532393306, 2811479.70257262326777 ], [ 3843779.660904162563384, 2811606.334042948670685 ], [ 3842304.258181961718947, 2811490.93537559825927 ], [ 3842000.056560179684311, 2811886.649651810061187 ], [ 3840627.912302162963897, 2814937.014140804298222 ], [ 3840496.130585811566561, 2816345.803969613276422 ], [ 3842153.014040593989193, 2816620.135706149507314 ], [ 3841828.021048809867352, 2817759.490646814461797 ], [ 3842019.072160684503615, 2818672.135808016639203 ], [ 3842642.708880595862865, 2819282.052362690679729 ], [ 3843604.90240297280252, 2819579.286728845909238 ], [ 3843628.42680790880695, 2820313.596006810665131 ], [ 3840017.53697928506881, 2821165.695347782690078 ], [ 3838278.595740590244532, 2822076.246513879392296 ], [ 3837396.525365505833179, 2824179.610651912167668 ], [ 3837754.946565134450793, 2825448.868108828086406 ], [ 3837415.204945558682084, 2826384.332425945438445 ], [ 3836666.974569491576403, 2826960.687091304920614 ], [ 3835771.285619432572275, 2827174.564798932988197 ], [ 3835749.869731578975916, 2827687.253438633400947 ], [ 3835842.123558545019478, 2827841.673777859658003 ], [ 3836004.026472778990865, 2827862.477793377824128 ], [ 3836210.436929137445986, 2827960.555266669020057 ], [ 3835706.828654274810106, 2829088.088892484549433 ], [ 3835021.08022444229573, 2829778.141358253546059 ], [ 3834092.530809534247965, 2830145.744598563294858 ], [ 3832904.697107080370188, 2830278.240027792751789 ], [ 3832494.512401828542352, 2831001.234353926498443 ], [ 3831507.115287171676755, 2834403.976158227305859 ], [ 3831063.856982901226729, 2835548.381108466070145 ], [ 3826133.776239856611937, 2839022.680417631287128 ], [ 3825781.261974612716585, 2840138.152767083607614 ] ] } },
{ "type": "Feature", "properties": { "featurecla": "River", "scalerank": 8.0, "rivernum": 722.0, "name": "Ems", "name_en": "Ems", "strokeweig": 0.25 }, "geometry": { "type": "LineString", "coordinates": [ [ 3825781.261974612716585, 2840138.152767083607614 ], [ 3825202.336478294339031, 2841033.350045513827354 ], [ 3825033.237361361738294, 2841963.747505883686244 ], [ 3825269.017156971152872, 2842887.458381897769868 ], [ 3825910.492325379513204, 2843744.108242415823042 ], [ 3825709.962578478269279, 2843798.565428941510618 ], [ 3825018.143402157817036, 2843776.170339949429035 ], [ 3825046.956358030438423, 2844576.042095096316189 ], [ 3825496.265975028276443, 2844559.877887687645853 ], [ 3825520.293735886458308, 2845228.628313244786114 ], [ 3824172.55497892620042, 2845277.238938457798213 ], [ 3824701.168858289718628, 2847458.695769405458122 ], [ 3824753.318862195126712, 2848013.524191901087761 ], [ 3824639.205539430491626, 2848143.69420982664451 ], [ 3824436.596003415528685, 2848135.263163036201149 ], [ 3824280.994052585680038, 2848272.195158116985112 ], [ 3824585.208800848107785, 2848426.628632112871855 ], [ 3825205.382878343109041, 2848974.094812244642526 ], [ 3825229.284208268858492, 2849637.615722857415676 ], [ 3824693.350065098609775, 2850352.850587517954409 ], [ 3823552.760630780830979, 2852967.768679118249565 ], [ 3822632.503495670389384, 2856047.684753666631877 ], [ 3822495.814616589806974, 2857392.049339109566063 ], [ 3822878.435789588838816, 2860140.829851222690195 ], [ 3822192.408914921805263, 2860475.876358733978122 ], [ 3821546.881101584993303, 2860951.350309220142663 ], [ 3821246.494216108694673, 2861750.32393311150372 ], [ 3821649.322033981792629, 2863122.154514097608626 ], [ 3821398.879842178430408, 2863275.841014674864709 ], [ 3820778.916203152853996, 2863824.036530066281557 ], [ 3821673.975721188355237, 2863790.959674815181643 ], [ 3821703.463606595527381, 2864590.90695141069591 ], [ 3820943.112697408068925, 2864973.554641211405396 ], [ 3820373.31087802676484, 2865572.488847895059735 ], [ 3820155.575290779117495, 2866428.910111022181809 ], [ 3820502.140111254528165, 2867576.907245480455458 ], [ 3820198.649457953870296, 2867758.904676395468414 ], [ 3819594.122508122120053, 2868272.576117402873933 ], [ 3820294.060412627179176, 2869034.435296554118395 ], [ 3820627.077408734243363, 2870080.525877307634801 ], [ 3820597.270610115025192, 2871171.621837386395782 ], [ 3820182.846125920303166, 2872059.032172989100218 ], [ 3820207.554330768994987, 2872722.621878385078162 ], [ 3820692.549253504257649, 2872704.587890292517841 ], [ 3820719.820667842403054, 2873439.001699442509562 ], [ 3820234.899509456008673, 2873457.032944690901786 ], [ 3820262.244824955239892, 2874191.447685346007347 ], [ 3821171.375682932324708, 2874848.462923079263419 ], [ 3822209.101326026488096, 2877441.930204435251653 ], [ 3823143.771553196478635, 2878558.00979084149003 ], [ 3821846.922290015034378, 2880165.952523035928607 ], [ 3821456.271103232167661, 2882709.883659961167723 ], [ 3821324.027855887077749, 2885591.045507153030485 ], [ 3820783.785784139763564, 2888198.503785979468375 ], [ 3821458.469568852335215, 2888785.475064875092357 ], [ 3821692.590203570667654, 2889517.556247839704156 ], [ 3821371.588392698206007, 2890133.633183748461306 ], [ 3820418.118210378102958, 2890347.753656310494989 ], [ 3821004.449127329979092, 2891560.528300961013883 ], [ 3822831.259559726342559, 2892596.168135360814631 ], [ 3823260.10286061745137, 2893615.370568396057934 ], [ 3823678.296498810406774, 2894001.926073473412544 ], [ 3824565.528610253706574, 2895650.663453915622085 ], [ 3825219.542222368065268, 2897457.776887331623584 ], [ 3824981.073223789222538, 2898328.089981739409268 ], [ 3824595.305813076440245, 2899077.707817834336311 ], [ 3824303.071339970920235, 2900816.942707577720284 ], [ 3824087.85137855168432, 2904303.02131116669625 ], [ 3824407.444596950896084, 2906269.509082859382033 ], [ 3825524.729194699320942, 2909767.460313002113253 ], [ 3825657.242099104914814, 2910795.114290731027722 ], [ 3826109.730757039040327, 2911908.357001306023449 ], [ 3826227.591550338082016, 2913409.469748496077955 ], [ 3826117.591327438130975, 2914916.246206752955914 ], [ 3825848.880786567460746, 2916060.998918007127941 ], [ 3825546.062401305418462, 2916439.850692816544324 ], [ 3824504.721375636290759, 2917397.496928885579109 ], [ 3824362.886955409776419, 2917586.616450526751578 ], [ 3824070.276569210924208, 2918065.038921339437366 ], [ 3824219.28836995922029, 2919105.256025897804648 ], [ 3824694.568413021974266, 2920848.165717923548073 ], [ 3825707.429224085994065, 2921906.760093505494297 ], [ 3829366.394137875176966, 2923238.173776300158352 ], [ 3829256.238409915007651, 2924755.490293451584876 ], [ 3829280.063210269901901, 2925422.003964743576944 ], [ 3829602.854732163250446, 2925878.158851735759526 ], [ 3829747.324341359548271, 2926385.356334469281137 ], [ 3829815.731328043621033, 2928038.217350082937628 ], [ 3829970.769344549160451, 2929109.962139112409204 ], [ 3830297.823425302281976, 2929605.428250307682902 ], [ 3830742.560404751915485, 2929949.600106194149703 ], [ 3831237.780217889230698, 2930562.659352540969849 ], [ 3831670.031045235693455, 2930915.239318773150444 ], [ 3832096.515455158427358, 2930926.484664199408144 ], [ 3832444.227018540725112, 2931211.166426829062402 ], [ 3832621.214412619359791, 2932387.332873021718115 ], [ 3832808.271130702458322, 2933042.908560018055141 ], [ 3833230.862406337633729, 2933579.89231136161834 ], [ 3833707.905932422261685, 2933962.615651012398303 ], [ 3834045.355148943606764, 2934142.667285969015211 ], [ 3834073.219151320401579, 2934943.099208608735353 ], [ 3832568.750778600107878, 2936551.250321980565786 ], [ 3832107.157899349462241, 2937765.698089349549264 ], [ 3831981.515371165238321, 2941527.744690534193069 ], [ 3831711.33049443969503, 2942614.673595206346363 ], [ 3831060.897365218959749, 2943094.956416778732091 ], [ 3830352.320407538674772, 2943088.632706210948527 ] ] } },
{ "type": "Feature", "properties": { "featurecla": "River", "scalerank": 8.0, "rivernum": 723.0, "name": "Guadalquivir", "name_en": "Guadalquivir", "strokeweig": 0.15 }, "geometry": { "type": "LineString", "coordinates": [ [ 2885804.230614055879414, 1383550.124787300825119 ], [ 2891821.639557874295861, 1390096.914056711830199 ], [ 2895997.336833026260138, 1393287.635675961850211 ], [ 2899484.164932800456882, 1399540.474882954265922 ], [ 2899274.485915581695735, 1401962.935681979870424 ], [ 2897373.189908768981695, 1403599.791870926739648 ], [ 2892642.491391139104962, 1405299.528931645210832 ], [ 2890256.842026685364544, 1405757.630781313404441 ], [ 2888271.860650691203773, 1405545.226413455558941 ], [ 2886589.175135597586632, 1404763.476544018601999 ], [ 2885129.392809540499002, 1403510.368315461790189 ], [ 2881962.751885014120489, 1399512.31008123094216 ] ] } },
{ "type": "Feature", "properties": { "featurecla": "River", "scalerank": 8.0, "rivernum": 723.0, "name": "Guadalquivir", "name_en": "Guadalquivir", "strokeweig": 0.2 }, "geometry": { "type": "LineString", "coordinates": [ [ 2881962.751885014120489, 1399512.31008123094216 ], [ 2880804.38203846430406, 1398649.32679053931497 ], [ 2878541.326553970575333, 1397931.23401414626278 ], [ 2877414.64608090557158, 1397275.146673138253391 ], [ 2875232.891025373246521, 1394753.871066399151459 ], [ 2874425.736954092048109, 1394013.883866673568264 ], [ 2871012.112202463205904, 1392338.914520691148937 ], [ 2870480.572330014780164, 1392434.054838336771354 ], [ 2870257.695095628499985, 1392522.930095547577366 ], [ 2869756.55750352749601, 1392835.772099774330854 ], [ 2869479.509175609797239, 1392934.383714335039258 ], [ 2869019.964211562648416, 1392926.975807653274387 ], [ 2866114.482609269209206, 1392047.326642198022455 ], [ 2865386.555000095628202, 1391661.206768403528258 ], [ 2864815.631175346206874, 1391023.771545466734096 ], [ 2864453.386105753947049, 1390182.810307319508865 ], [ 2864211.662344470620155, 1389341.91358557716012 ], [ 2863884.967497414909303, 1388543.499286445323378 ], [ 2863275.101672999095172, 1387823.258786614052951 ], [ 2861784.576295327395201, 1387057.600136552937329 ], [ 2858621.610524227842689, 1386267.614661628613248 ], [ 2857105.037797156721354, 1385316.951201340649277 ], [ 2851616.168629512190819, 1384338.698845613747835 ], [ 2847609.77607399597764, 1384469.262483344879001 ], [ 2846312.662899627350271, 1384180.453380578896031 ], [ 2845489.692892156541348, 1383807.930932689923793 ], [ 2845205.177600605878979, 1383620.276861446909606 ], [ 2843685.941126713529229, 1383947.180801768088713 ], [ 2836178.407815957907587, 1386856.823130548931658 ], [ 2834523.962449654471129, 1388295.180172275518999 ], [ 2833525.493972549214959, 1388471.41843004222028 ], [ 2832543.072430389001966, 1388407.848033309914172 ], [ 2831702.56753634987399, 1388517.026983733521774 ], [ 2830619.5591238476336, 1389226.999646038049832 ], [ 2828764.99795322585851, 1390973.925361195346341 ], [ 2827976.221847145818174, 1391488.171449436573312 ], [ 2825636.716358670964837, 1391827.805472251027822 ], [ 2821295.190755255520344, 1391035.110033545875922 ], [ 2819119.751115806400776, 1391033.057629034854472 ], [ 2817025.445817722007632, 1391741.479073327034712 ], [ 2815285.524456781335175, 1392841.986164937959984 ], [ 2811617.225102128461003, 1396165.007704274961725 ], [ 2810837.134398801252246, 1396421.112368626985699 ], [ 2809984.933389496989548, 1396546.467891712905839 ], [ 2809025.900204903446138, 1396882.928101528203115 ], [ 2806647.691522607579827, 1398793.76813084888272 ], [ 2805829.745945496484637, 1399804.642465313198045 ], [ 2803495.646603594068438, 1404003.816439814399928 ], [ 2802130.284972054883838, 1405053.912244755541906 ], [ 2800483.180718593299389, 1404555.120530764572322 ], [ 2797511.820528529584408, 1402362.709274331806228 ], [ 2796470.544337547384202, 1402670.64270611689426 ], [ 2795585.976845569442958, 1403188.740296642994508 ], [ 2790549.185842880047858, 1404977.588373988401145 ], [ 2780889.474861266557127, 1411537.829559764359146 ], [ 2777397.702047065831721, 1412101.045165721094236 ], [ 2775383.935698152054101, 1410951.49371163547039 ], [ 2775115.282953150570393, 1409216.840333750005811 ], [ 2775084.322303222957999, 1407749.589100547134876 ], [ 2773790.099189196713269, 1407387.711496684001759 ], [ 2773383.419368661940098, 1407704.33599126432091 ], [ 2772400.277240125462413, 1408949.249270886182785 ], [ 2771729.748611689545214, 1409317.485821651527658 ], [ 2770580.885224465280771, 1409446.359052742831409 ], [ 2769963.087342550978065, 1409266.944679178996012 ], [ 2766239.801992228720337, 1406393.432937194826081 ], [ 2764968.269920894410461, 1406473.550243057776242 ], [ 2762566.242687030695379, 1409658.44113380741328 ], [ 2760901.557168997824192, 1410875.906431446084753 ], [ 2759072.433440674096346, 1411738.737824362702668 ], [ 2757484.292807609774172, 1412115.064601036254317 ], [ 2755456.67442920524627, 1411601.436593567021191 ], [ 2752917.57027676794678, 1409087.358575336635113 ], [ 2751010.812127338722348, 1408810.213580937357619 ], [ 2748551.410652179270983, 1408788.196250239619985 ], [ 2748765.451083592604846, 1407494.879169608931988 ], [ 2749812.497641053982079, 1405757.510389826260507 ], [ 2749860.580701740458608, 1404387.927127048140392 ], [ 2746837.068276033736765, 1406299.93791864393279 ], [ 2744759.625002638436854, 1407268.317982719745487 ], [ 2743638.244870226830244, 1406850.161685947561637 ] ] } },
{ "type": "Feature", "properties": { "featurecla": "River", "scalerank": 8.0, "rivernum": 723.0, "name": "Guadalquivir", "name_en": "Guadalquivir", "strokeweig": 0.25 }, "geometry": { "type": "LineString", "coordinates": [ [ 2743638.244870226830244, 1406850.161685947561637 ], [ 2743162.445928041823208, 1406590.04591544624418 ], [ 2738623.594074730761349, 1407470.664032387314364 ], [ 2737880.763177417218685, 1407433.803267270326614 ], [ 2737698.752533602993935, 1407033.174087094143033 ], [ 2737674.628399261273444, 1406535.306411639088765 ], [ 2737188.134831273928285, 1405878.80194001737982 ], [ 2737187.51698642782867, 1405422.645278968615457 ], [ 2737090.743282443378121, 1405004.895246487110853 ], [ 2736577.74263962591067, 1404820.918441125657409 ], [ 2736165.890649789944291, 1404925.430158275645226 ], [ 2736059.400565356947482, 1405192.719135172432289 ], [ 2735971.789416344370693, 1405510.866928660543635 ], [ 2735618.705217938870192, 1405778.49683409021236 ], [ 2734608.29780615773052, 1407211.092957727378234 ], [ 2733741.464694919995964, 1407828.078564989380538 ], [ 2732584.016714024357498, 1407495.429414190119132 ], [ 2728295.712307699956, 1403126.591623419430107 ], [ 2726967.561672455631196, 1402170.329007308930159 ], [ 2725906.720794072374701, 1401873.629949957598001 ], [ 2724776.600969651713967, 1401856.270286567276344 ], [ 2722379.659747184254229, 1402259.941052366048098 ], [ 2721165.205977074801922, 1402041.593949814792722 ], [ 2718929.180035416502506, 1400445.19148714421317 ], [ 2717693.367136277258396, 1400231.705345057882369 ], [ 2716833.0155701902695, 1400201.753342128591612 ], [ 2714940.301396950148046, 1399575.59044889244251 ], [ 2713628.529897592961788, 1399460.327598783653229 ], [ 2710698.51604535151273, 1399791.062071079853922 ], [ 2701975.318130569532514, 1398375.319391384487972 ], [ 2699718.387264645658433, 1398484.781539889751002 ], [ 2694833.042634665500373, 1399954.393967772601172 ], [ 2692506.575822565704584, 1400086.350623202044517 ], [ 2690350.145488548092544, 1398968.40156276174821 ], [ 2690766.406497444491833, 1398044.265779514331371 ], [ 2689983.568726441357285, 1397768.909284288296476 ], [ 2685217.298729342408478, 1399358.184668749570847 ], [ 2684390.379904264584184, 1399289.813185084611177 ], [ 2682415.019701639190316, 1398738.644237934611738 ], [ 2681928.371031363494694, 1398698.005761877866462 ], [ 2681429.295495773199946, 1398566.896117409458384 ], [ 2680738.710972541943192, 1398185.621758162043989 ], [ 2680381.89350088685751, 1397644.143147657159716 ], [ 2680128.489401055965573, 1396163.562914307229221 ], [ 2679892.126673701219261, 1395720.075979828368872 ], [ 2678849.034144300967455, 1395308.603904817020521 ], [ 2675492.919012060388923, 1395040.235143611207604 ], [ 2675057.851454041898251, 1394885.090818520635366 ], [ 2674610.022108570672572, 1394617.598297539865598 ], [ 2674217.691349297761917, 1394179.572183393174782 ], [ 2673952.94391732243821, 1393479.132253160933033 ], [ 2673659.215765468310565, 1393179.267228605458513 ], [ 2673160.847896472550929, 1393262.155482323840261 ], [ 2672600.097328895237297, 1393462.317564736120403 ], [ 2672132.207275003194809, 1393514.220304924296215 ], [ 2671658.290509827435017, 1393496.193691716529429 ], [ 2670062.769969790242612, 1393950.209056779742241 ], [ 2669395.251393753569573, 1393726.579261829145253 ], [ 2668834.59344647359103, 1393050.263555453391746 ], [ 2668407.540352094452828, 1392326.573845283361152 ], [ 2668152.150176731869578, 1391983.15317958383821 ], [ 2667015.35164590831846, 1392250.62812041118741 ], [ 2666156.35794369969517, 1392843.231812375830486 ], [ 2665404.282765157520771, 1393199.603204196086153 ], [ 2664608.534757709130645, 1392732.208393927896395 ], [ 2664231.900278395041823, 1391693.776950510684401 ], [ 2664355.079659416340292, 1390505.657424451550469 ], [ 2664703.813400635495782, 1389456.169654118129984 ], [ 2664991.882415320724249, 1388819.681968526449054 ], [ 2660209.178661731537431, 1391225.537597901653498 ], [ 2659402.256494860164821, 1391191.33006236795336 ], [ 2658849.806879306212068, 1392569.672966316109523 ], [ 2656944.680141855962574, 1392626.819414749043062 ], [ 2654736.755158577114344, 1392000.622381664812565 ], [ 2649845.441185235977173, 1389370.953745664795861 ], [ 2646470.333619347307831, 1388522.276475664461032 ], [ 2643087.06083557382226, 1388850.877573682693765 ], [ 2637824.579028662294149, 1391213.468596787191927 ], [ 2632348.799007589463145, 1391978.169293317012489 ] ] } },
{ "type": "Feature", "properties": { "featurecla": "River", "scalerank": 8.0, "rivernum": 723.0, "name": "Guadalquivir", "name_en": "Guadalquivir", "strokeweig": 0.3 }, "geometry": { "type": "LineString", "coordinates": [ [ 2632348.799007589463145, 1391978.169293317012489 ], [ 2631502.276689670979977, 1391969.634620597586036 ], [ 2630559.241312150843441, 1391707.729972396511585 ], [ 2629766.946571506094187, 1391275.984073837986216 ], [ 2629358.367137341760099, 1390741.736594556830823 ], [ 2628781.630167415365577, 1390378.505120491841808 ], [ 2627774.413536860607564, 1390767.596432601800188 ], [ 2626411.87484757322818, 1391730.995529599953443 ], [ 2620574.309731606394053, 1388922.25008444278501 ], [ 2619698.914242818485945, 1388976.327632263069972 ], [ 2619595.937008574139327, 1387845.671411842573434 ], [ 2619685.467930047772825, 1387315.396991458022967 ], [ 2619556.051517201121897, 1386893.388135133078322 ], [ 2618790.975603498518467, 1386063.945175152271986 ], [ 2617964.448664106428623, 1385484.127346179215237 ], [ 2617094.82453082408756, 1385207.638450054684654 ], [ 2612372.919537337496877, 1384422.302284841658548 ], [ 2611432.972853518556803, 1383928.411494752392173 ], [ 2610463.715199051890522, 1382864.187250439776108 ], [ 2607546.397390129044652, 1378203.842568818246946 ], [ 2607510.302041271701455, 1376686.822668596170843 ], [ 2607795.656501716934144, 1375414.99271163274534 ], [ 2607932.138126078993082, 1373983.566881462465972 ], [ 2607410.232919377274811, 1372009.939196290681139 ], [ 2606834.510945643298328, 1371147.304041560040787 ], [ 2605011.102701716125011, 1369460.07516922056675 ], [ 2604735.07466535968706, 1368366.500508791301399 ], [ 2604741.919365598354489, 1367361.744829836068675 ], [ 2604839.906378142535686, 1366551.291897176532075 ], [ 2604859.55253331689164, 1366002.719498249702156 ], [ 2604141.79519484564662, 1364099.169117630459368 ], [ 2603019.399100196082145, 1362592.564546938985586 ], [ 2600158.089055644348264, 1360116.853490475099534 ], [ 2599080.985843453556299, 1358781.836885046446696 ], [ 2597393.731739142443985, 1355304.550017473986372 ], [ 2596375.812052402179688, 1354003.135171251138672 ], [ 2593224.207772011402994, 1350918.403880672296509 ], [ 2592701.274337177164853, 1350167.672220609616488 ], [ 2591817.881822216790169, 1348327.531046123476699 ], [ 2590435.283819952979684, 1347525.284861765336245 ], [ 2587104.136398300528526, 1347136.908047892618924 ], [ 2586926.878578784875572, 1346339.718251948943362 ], [ 2587690.343678894918412, 1345630.62186449742876 ], [ 2589810.401538271456957, 1342691.476355387829244 ], [ 2591758.550024780910462, 1343764.9290146951098 ], [ 2592323.739472250454128, 1343152.727138049900532 ], [ 2592116.940913331694901, 1341720.847957167774439 ], [ 2591756.973566987086087, 1340333.815888482145965 ], [ 2591098.362098597921431, 1339111.914418693166226 ], [ 2589936.396861995570362, 1337888.650403580628335 ], [ 2587761.463680281303823, 1336218.489153185393661 ], [ 2585066.599840778391808, 1334697.229698097333312 ], [ 2583875.974883713293821, 1333651.440590218175203 ], [ 2583157.286577654071152, 1332167.568127013277262 ], [ 2582466.342373757623136, 1330352.535565530415624 ], [ 2581379.167937200516462, 1328515.427899670321494 ], [ 2579836.893972790800035, 1325589.820039812941104 ] ] } },
{ "type": "Feature", "properties": { "featurecla": "River", "scalerank": 8.0, "rivernum": 724.0, "name": "Maas", "name_en": "Meuse", "strokeweig": 0.15 }, "geometry": { "type": "LineString", "coordinates": [ [ 3683127.621255974285305, 2379817.281587795820087 ], [ 3681394.536216936074197, 2379752.495920388493687 ], [ 3679960.660792300943285, 2379969.994079500436783 ], [ 3678956.535154707729816, 2380582.611284672282636 ], [ 3678234.183994832914323, 2380599.9528140979819 ], [ 3677868.198297783266753, 2382830.639166141394526 ], [ 3680677.886831231415272, 2396692.28269674256444 ], [ 3682180.036462021525949, 2400505.919439795427024 ], [ 3683661.577860767021775, 2402770.047551541123539 ], [ 3685749.309368151705712, 2406746.53584133181721 ], [ 3686192.904589166399091, 2407122.405397939030081 ], [ 3686490.580472537782043, 2407110.026973809115589 ], [ 3686698.49562548333779, 2407360.579463884234428 ], [ 3686836.962917520664632, 2408514.223830573726445 ], [ 3687110.553260760847479, 2408808.215165706351399 ], [ 3687685.619212125893682, 2408918.820114460773766 ], [ 3688343.562974592670798, 2408887.92100020358339 ], [ 3688817.604698474518955, 2408773.286682952661067 ], [ 3689022.617106166668236, 2412677.687103476375341 ], [ 3691722.561439845245332, 2420062.96181496232748 ], [ 3690609.229591355193406, 2422695.927860009018332 ] ] } },
{ "type": "Feature", "properties": { "featurecla": "River", "scalerank": 8.0, "rivernum": 724.0, "name": "Maas", "name_en": "Meuse", "strokeweig": 0.2 }, "geometry": { "type": "MultiLineString", "coordinates": [ [ [ 3690609.229591355193406, 2422695.927860009018332 ], [ 3690916.291707106865942, 2423755.535689466167241 ], [ 3691666.007494086399674, 2427780.184863984119147 ], [ 3692423.847788314335048, 2428004.005677605047822 ], [ 3692988.177184184081852, 2428688.609459205996245 ], [ 3693363.456110355909914, 2429731.169203438330442 ], [ 3693549.553658504970372, 2431008.128249449655414 ], [ 3693829.5307272747159, 2432037.840998033527285 ], [ 3694974.285463026724756, 2434189.52640895312652 ], [ 3695278.669085002038628, 2434923.523795265704393 ], [ 3695311.619477442000061, 2436096.339908310212195 ], [ 3695130.516183355357498, 2436887.341692377347499 ], [ 3694781.579348697327077, 2436889.164150972850621 ], [ 3694346.832144436426461, 2435713.375502828974277 ], [ 3693824.905484743881971, 2435743.697213852312416 ], [ 3693631.216461171396077, 2437034.825594132300466 ], [ 3693189.802584211342037, 2438025.029299634508789 ], [ 3692494.013255256228149, 2438659.577187830582261 ], [ 3691557.635491725523025, 2438877.31548938062042 ], [ 3691596.779822488781065, 2439545.183107377961278 ], [ 3692571.753442129120231, 2440407.946604978758842 ], [ 3692683.254173894878477, 2442017.671844890341163 ], [ 3692466.979035726748407, 2443864.671853117644787 ], [ 3692471.610135122202337, 2445433.318585486151278 ], [ 3693164.517003444954753, 2446557.012422061525285 ], [ 3694063.510755572002381, 2447455.907904508057982 ], [ 3694337.433682500850409, 2448451.711465550586581 ], [ 3693177.061194017529488, 2449872.747466745320708 ], [ 3695216.209700421430171, 2450510.832358812913299 ], [ 3696115.989184945821762, 2451199.731692328583449 ], [ 3696022.055687494110316, 2452282.578269315417856 ], [ 3694992.595560220070183, 2454449.824083714280277 ], [ 3694431.306321311742067, 2455265.579394399188459 ], [ 3693519.504662661347538, 2455733.970480274874717 ], [ 3692678.39291829848662, 2455625.50705052446574 ], [ 3690993.992116754408926, 2454665.396940969862044 ], [ 3690261.639890238642693, 2454458.922660852782428 ], [ 3689603.813516437076032, 2454983.974843287840486 ], [ 3689631.592475356068462, 2456041.407820186577737 ], [ 3690211.374106973875314, 2457024.152623990550637 ], [ 3691186.428200046531856, 2457342.439113724976778 ], [ 3691233.002013007644564, 2458133.326099136378616 ], [ 3690592.924175107851624, 2459069.807934473268688 ], [ 3690157.027040697168559, 2459458.207426554057747 ], [ 3689618.7372259744443, 2459642.473250123206526 ], [ 3689103.92121618334204, 2460046.1522521157749 ], [ 3688957.486602733843029, 2460916.809526063501835 ], [ 3688867.675285616889596, 2461920.761737120803446 ], [ 3688542.681596919894218, 2462707.432413294445723 ], [ 3687026.283094195649028, 2463375.965077969711274 ], [ 3686910.618069322779775, 2463474.857044446282089 ], [ 3686087.142227709293365, 2463760.665188977029175 ], [ 3686043.174625002313405, 2464359.859221421647817 ], [ 3686231.182933303993195, 2465179.039664897602051 ], [ 3686095.362027804367244, 2466099.094906629994512 ], [ 3685608.05577906081453, 2466483.116816378198564 ], [ 3684403.278019116725773, 2466366.391729380469769 ], [ 3683920.778564614243805, 2466597.861963105853647 ], [ 3683687.250609437003732, 2467329.427703903522342 ], [ 3683517.997536468319595, 2469237.113026435952634 ], [ 3683375.497175218071789, 2469634.685477534774691 ], [ 3682288.078088994603604, 2470126.357336200773716 ], [ 3682518.13480923557654, 2471058.493492888752371 ], [ 3683517.641757701989263, 2471983.429090073797852 ], [ 3684757.876924013718963, 2472420.974840340204537 ], [ 3683848.420172322075814, 2473553.364049660973251 ], [ 3683049.077766658738256, 2473693.745848217047751 ], [ 3682133.420156768057495, 2473460.255977410823107 ], [ 3680936.804975641425699, 2473454.30648978985846 ], [ 3681567.905885250773281, 2474422.377883531618863 ], [ 3682613.054149239324033, 2475191.896077463403344 ], [ 3683568.421564481686801, 2475685.84288729634136 ], [ 3683991.821007503196597, 2475810.01681898208335 ], [ 3683830.215116684325039, 2477548.998716864734888 ], [ 3683240.603661379776895, 2478281.132983547169715 ], [ 3682460.255268628243357, 2478835.72023452911526 ], [ 3681780.640202454291284, 2480017.644735595677048 ], [ 3681764.011896784882993, 2481051.465085868723691 ], [ 3682342.631566017866135, 2483276.284600506071001 ], [ 3682291.524481046944857, 2484028.366675254888833 ], [ 3676896.1483936868608, 2490330.778459936380386 ], [ 3676390.929686746094376, 2490711.665852991398424 ], [ 3676110.538825554773211, 2491483.353888283483684 ], [ 3676335.643982046749443, 2493159.227737000677735 ], [ 3676945.515201169066131, 2495749.421761476900429 ], [ 3676654.204930213280022, 2502003.842884975951165 ], [ 3676179.09306010324508, 2502848.10088613210246 ], [ 3674578.963497084565461, 2504114.886147479526699 ], [ 3675207.843340020161122, 2505791.662395901046693 ], [ 3674656.217658838257194, 2506614.592290066648275 ], [ 3673751.269112932961434, 2507020.882044991012663 ], [ 3673297.079443748574704, 2507469.923675493337214 ], [ 3673492.019359707832336, 2508487.874251750297844 ], [ 3674557.452454559039325, 2511469.518458981998265 ], [ 3670805.272723311558366, 2511916.417430040892214 ], [ 3669798.320904803927988, 2512432.438066687900573 ], [ 3669398.206322997808456, 2513609.061118109617382 ], [ 3670236.917102401610464, 2514349.383894653059542 ], [ 3672336.630854761227965, 2515283.324956253170967 ], [ 3668995.405389837920666, 2519535.014816608279943 ], [ 3667573.697284693829715, 2522025.578687297645956 ], [ 3667638.750462748575956, 2523734.987084629945457 ], [ 3666575.515108437277377, 2524402.582125008106232 ], [ 3664181.898810164537281, 2524996.224261422641575 ], [ 3663188.039348443504423, 2525823.012137947138399 ], [ 3662723.585198749322444, 2527128.003893234301358 ], [ 3662631.356216800399125, 2530450.974477498792112 ], [ 3662375.659429119899869, 2532157.680850747041404 ], [ 3663122.850446004420519, 2532306.055929995141923 ], [ 3663604.72458828613162, 2532753.0222796369344 ], [ 3663877.45257816510275, 2533518.505244005937129 ], [ 3664015.528014305513352, 2534587.115826806984842 ], [ 3663901.39163917908445, 2535204.296964911743999 ], [ 3663317.261246114503592, 2536235.822924204170704 ], [ 3663204.974761690013111, 2536879.18798628821969 ], [ 3663313.498701793141663, 2537492.385503974743187 ], [ 3663487.859119650442153, 2537801.669173535425216 ], [ 3663655.893011751584709, 2538014.123581938911229 ], [ 3663737.250331117771566, 2538316.331021510530263 ], [ 3663839.218211040832102, 2538987.780784924514592 ], [ 3663963.697344330139458, 2539426.478869256563485 ], [ 3664014.824968769215047, 2539948.799830904230475 ], [ 3663903.950340137816966, 2540875.904571362771094 ], [ 3662239.467576739378273, 2546727.392996270675212 ], [ 3661765.958467413671315, 2547591.611177389509976 ], [ 3660925.412238004151732, 2547812.427469873335212 ], [ 3658098.741437409073114, 2547841.477989682462066 ], [ 3657669.279693136457354, 2547967.239521623123437 ], [ 3657472.284936388488859, 2548348.310502619482577 ], [ 3657235.370935929939151, 2549002.775847474113107 ], [ 3656748.458116898313165, 2549547.740458716638386 ], [ 3655819.347123465500772, 2549562.415268130134791 ], [ 3655864.101424736902118, 2550232.318512153346092 ], [ 3657291.01544916909188, 2551277.930686130188406 ], [ 3658019.106736860703677, 2552564.76429289393127 ], [ 3657879.931175121106207, 2553967.067377264145762 ], [ 3656727.461421763524413, 2555384.301992101129144 ], [ 3648810.196905497461557, 2562096.019817349500954 ], [ 3647645.167341059073806, 2563416.530338873621076 ], [ 3646895.679276860784739, 2566406.944166909437627 ], [ 3645667.82394007127732, 2569362.178646091837436 ], [ 3644832.671682060696185, 2569209.601694575510919 ], [ 3644704.42482213396579, 2568587.557476509362459 ], [ 3644766.193486251402646, 2567657.931825756561011 ], [ 3644520.50500468397513, 2566570.822744915261865 ], [ 3644714.364248071331531, 2566662.559393112547696 ], [ 3644870.309285139199346, 2566304.765337283257395 ], [ 3644801.544686655513942, 2565704.88854353595525 ], [ 3644414.547364106867462, 2565040.280501295812428 ], [ 3644128.440253358799964, 2564947.054218186531216 ], [ 3642989.054505892563611, 2565139.164455878082663 ], [ 3640059.194132590666413, 2564941.413567921612412 ], [ 3638382.43508260557428, 2565106.511449228972197 ], [ 3637297.540356561075896, 2565537.937330731190741 ], [ 3636590.488997446838766, 2566631.684990136884153 ], [ 3636674.964245714247227, 2567488.061248268932104 ], [ 3636998.405363220721483, 2568301.240572786424309 ], [ 3637037.319795904681087, 2569237.082165779080242 ], [ 3636684.070801603607833, 2570505.653044932987541 ], [ 3636445.090526166372001, 2570980.049624951090664 ], [ 3635299.095596913248301, 2571634.545890992507339 ], [ 3633948.434530898928642, 2572138.27895499067381 ], [ 3630916.32298948103562, 2572610.611957773100585 ], [ 3629720.178451423533261, 2573501.419372599571943 ], [ 3630438.787795181386173, 2574020.149004105944186 ], [ 3631093.827575219795108, 2574130.738053457811475 ], [ 3631655.330365378875285, 2573887.912657730747014 ], [ 3632092.080113323405385, 2573330.781417524907738 ] ], [ [ 3632092.080113323405385, 2573330.781417524907738 ], [ 3632092.148542855866253, 2573330.694126735441387 ], [ 3631658.410973182413727, 2573361.830488035455346 ], [ 3632092.080113323405385, 2573330.781417524907738 ] ], [ [ 3632092.080113323405385, 2573330.781417524907738 ], [ 3634030.445424440316856, 2573192.001791192684323 ], [ 3633145.782066254876554, 2574727.590953754726797 ], [ 3633804.998191798105836, 2574804.035107483156025 ], [ 3634422.135724738240242, 2574720.552174129988998 ], [ 3634995.328182457014918, 2574784.878035071771592 ], [ 3635559.095588135998696, 2575291.635476435534656 ] ] ] } },
{ "type": "Feature", "properties": { "featurecla": "River", "scalerank": 8.0, "rivernum": 724.0, "name": "Maas", "name_en": "Meuse", "strokeweig": 0.25 }, "geometry": { "type": "LineString", "coordinates": [ [ 3635559.095588135998696, 2575291.635476435534656 ], [ 3635580.556605089455843, 2576886.008720469195396 ], [ 3635318.157028810121119, 2577885.35457530990243 ], [ 3635145.569985118694603, 2578901.98565573990345 ], [ 3635453.966438015457243, 2580510.108535687439144 ], [ 3635909.146797131747007, 2581411.071284668054432 ], [ 3636485.321297794114798, 2581719.804451917298138 ], [ 3637153.033893069252372, 2581546.241866727825254 ], [ 3637869.316600179765373, 2581001.263662894722074 ], [ 3637451.275979758705944, 2582300.694475766737014 ], [ 3636692.733965020161122, 2583109.028328436426818 ], [ 3634813.376334051135927, 2584162.989067523274571 ], [ 3635182.733067031484097, 2584814.969121069647372 ], [ 3635297.417762943077832, 2585327.367718575522304 ], [ 3635078.763631328009069, 2585834.614339656196535 ], [ 3634501.850242228247225, 2586462.111225691158324 ], [ 3633722.107057925779372, 2585155.952208646107465 ], [ 3633160.661221351008862, 2585761.464638599194586 ], [ 3632836.33615207998082, 2587396.46468854509294 ], [ 3632793.255947857163846, 2589161.158977476879954 ], [ 3632393.901176652871072, 2589273.996431522071362 ], [ 3631546.331289572175592, 2589150.963328848127276 ], [ 3630889.704072345048189, 2589697.902388136833906 ], [ 3631045.525937761645764, 2591855.842455057427287 ], [ 3630572.839380854740739, 2591889.996475389227271 ], [ 3629981.678592618554831, 2590662.791797226294875 ], [ 3629420.845119500998408, 2590887.483689763583243 ], [ 3628730.365529983304441, 2591663.315489340573549 ], [ 3627743.538945987820625, 2592095.346911212429404 ], [ 3627792.133044138550758, 2592762.314431590028107 ], [ 3628929.56434268783778, 2592863.628437023609877 ], [ 3629835.663670427165926, 2593660.324927152134478 ], [ 3630382.9433039939031, 2594893.296069101430476 ], [ 3630417.710002450272441, 2596310.626348332501948 ], [ 3630963.1821752153337, 2596726.039764345623553 ], [ 3631568.585053082089871, 2596892.653353063389659 ], [ 3633108.399933153297752, 2596852.736629838589579 ], [ 3634126.516325221862644, 2597103.054086080752313 ], [ 3634251.51903852308169, 2597759.284292570315301 ], [ 3633891.479297238402069, 2598316.201030828990042 ], [ 3633449.353209942579269, 2598295.354745218530297 ], [ 3633492.862595814745873, 2598523.602238094434142 ], [ 3633956.11579462280497, 2599783.925587543752044 ], [ 3634277.509449498727918, 2599918.627992493566126 ], [ 3634755.072174560278654, 2599726.663103133905679 ], [ 3635233.406753493007272, 2599639.856882967986166 ], [ 3635473.262768966145813, 2600056.524966714903712 ], [ 3635982.630562538746744, 2606711.329239503946155 ], [ 3636167.362147561274469, 2607402.743920093402267 ], [ 3637016.881137831136584, 2608404.301191175356507 ], [ 3639371.124395626597106, 2610124.70202864985913 ], [ 3639717.574327552225441, 2610481.381558096967638 ], [ 3640344.55240469891578, 2610024.297318266239017 ], [ 3640461.868437488563359, 2608333.458441035822034 ], [ 3641206.937442389316857, 2608107.404858852736652 ], [ 3641979.262696013785899, 2608605.133968695532531 ], [ 3642130.7978052389808, 2609462.029808436520398 ], [ 3641866.98983250092715, 2610374.416764351539314 ], [ 3641412.962294410914183, 2611032.067708980757743 ], [ 3641464.560607909690589, 2611764.540850634220988 ], [ 3643620.572925118729472, 2613111.583001042716205 ], [ 3644550.163821272086352, 2614084.955746199470013 ], [ 3643809.959987923502922, 2614609.925256189890206 ], [ 3643571.610954214818776, 2615546.730645634699613 ], [ 3643963.530243418179452, 2620416.877346080262214 ], [ 3644825.176512958947569, 2620435.438929683994502 ], [ 3645875.750970425084233, 2619631.300183122977614 ], [ 3646818.592658018227667, 2619263.376780725084245 ], [ 3647315.105658028274775, 2620582.707951976452023 ], [ 3647707.092550117988139, 2620884.107008018996567 ], [ 3648472.776128820609301, 2620980.908296891488135 ], [ 3649095.669384234119207, 2621208.603287673555315 ], [ 3649085.593394264578819, 2621892.761494399979711 ], [ 3648893.423557595349848, 2622918.0942118386738 ], [ 3649371.230476077646017, 2623489.682889412157238 ], [ 3650143.333163450937718, 2623686.151951152365655 ], [ 3650829.376010962761939, 2623612.643609012942761 ], [ 3650224.219281353056431, 2626913.842344920616597 ], [ 3649911.876211755443364, 2627416.430501241236925 ], [ 3649416.049724926706403, 2627797.653965814039111 ], [ 3649517.83692470844835, 2628637.063408266752958 ], [ 3649810.705924751237035, 2629610.483455557376146 ], [ 3649883.819985541049391, 2630425.588007602375001 ], [ 3649396.135730041190982, 2631650.089906942099333 ], [ 3648592.663846648763865, 2633169.930193358566612 ], [ 3647684.59175823489204, 2634484.27379760472104 ], [ 3646905.99625947419554, 2635043.203631032723933 ], [ 3647752.589230164885521, 2635365.446331679355353 ], [ 3648078.030197457876056, 2635934.302823800593615 ], [ 3648218.95006474852562, 2636752.577449160628021 ], [ 3648510.940374815370888, 2637810.098097091075033 ], [ 3648639.979079869575799, 2638458.333100758027285 ], [ 3648674.634381849784404, 2639199.868205649312586 ], [ 3648869.601181, 2640072.232777134981006 ], [ 3649446.126310364808887, 2641117.939692254643887 ], [ 3649611.214048411697149, 2642531.283035638742149 ], [ 3648859.602449861355126, 2644042.365964967291802 ], [ 3648333.28933144453913, 2645648.327954445034266 ], [ 3649175.597810793668032, 2647385.261622384190559 ], [ 3650307.157279098406434, 2647977.169977247249335 ], [ 3654719.531745267566293, 2649211.495204626116902 ], [ 3655438.826599675230682, 2648938.960574218537658 ], [ 3656685.505724102258682, 2647886.802757926285267 ], [ 3657445.689272083342075, 2647619.680928584653884 ], [ 3658131.291617845185101, 2647836.102566527668387 ], [ 3658523.477333071175963, 2648427.272479747887701 ], [ 3658814.92948563490063, 2649117.264021214097738 ], [ 3659225.378803247585893, 2649633.64776553818956 ], [ 3660597.581794869154692, 2650193.110445130616426 ], [ 3665113.801524105947465, 2650044.121389918960631 ], [ 3666583.42228806624189, 2650367.414712129626423 ], [ 3669778.568882129620761, 2652068.130339619703591 ], [ 3671174.83511433377862, 2652515.756671134848148 ], [ 3672671.077091073151678, 2652339.692531984765083 ], [ 3673685.911780095659196, 2651971.789833280723542 ], [ 3674571.074514274951071, 2652085.479861994739622 ], [ 3675725.355360264889896, 2653364.578274489380419 ], [ 3676300.418694591149688, 2653713.966847775503993 ], [ 3677176.516470158006996, 2653797.136150632053614 ], [ 3678019.205397002864629, 2653619.805058226920664 ], [ 3679157.470572982914746, 2652559.286525290459394 ], [ 3679870.992690895684063, 2652824.068518122658134 ], [ 3681106.274296160787344, 2654086.022643107455224 ], [ 3684522.375350159127265, 2656774.85519855748862 ], [ 3686522.496013039723039, 2657727.466256566345692 ], [ 3689910.330832940060645, 2658306.279350284487009 ], [ 3691931.34921895340085, 2659740.45659739151597 ], [ 3692542.41638757660985, 2660055.222284632269293 ], [ 3696749.927619430236518, 2659800.38107921788469 ], [ 3697518.348385829944164, 2660347.970178679563105 ], [ 3698082.435992581304163, 2661672.41735601099208 ], [ 3698570.864730921108276, 2663132.798405035398901 ], [ 3699122.185394561849535, 2664140.207866224925965 ], [ 3699655.287323288619518, 2664397.382236008532345 ], [ 3700946.371238026767969, 2664483.446183962747455 ], [ 3701524.603915451560169, 2664659.317451639100909 ], [ 3702140.33644778560847, 2665187.692419221159071 ], [ 3702455.691503820940852, 2665720.739356605801731 ], [ 3702671.170345270540565, 2666259.699329958762974 ], [ 3703012.256830182857811, 2666778.119899926707149 ], [ 3704453.41156187094748, 2668295.806536640971899 ], [ 3706095.457477516494691, 2670411.58351436490193 ], [ 3707012.919222973287106, 2672703.962327514309436 ], [ 3706314.293729418888688, 2674728.108194218017161 ], [ 3706357.123101172968745, 2675461.170793935656548 ] ] } },
{ "type": "Feature", "properties": { "featurecla": "River", "scalerank": 8.0, "rivernum": 724.0, "name": "Maas", "name_en": "Meuse", "strokeweig": 0.3 }, "geometry": { "type": "LineString", "coordinates": [ [ 3720403.625746705569327, 2716666.871613846626133 ], [ 3721431.755843211431056, 2716735.398718030657619 ], [ 3722079.081795494537801, 2717382.242610441986471 ], [ 3722586.51735493959859, 2718189.303978275042027 ], [ 3723203.489656508900225, 2718711.880643215961754 ], [ 3724359.856151414103806, 2718600.495317971333861 ], [ 3725429.746873130090535, 2718058.104135458823293 ], [ 3726340.029298613779247, 2717973.88594161439687 ], [ 3726970.882379101123661, 2719239.504264106508344 ], [ 3726383.503534306306392, 2719487.120047653093934 ], [ 3726126.53654423635453, 2719798.061573158483952 ], [ 3725967.818512986879796, 2720213.936027090065181 ], [ 3725668.957560071721673, 2720782.006304863840342 ], [ 3726992.717226175125688, 2720661.989656128454953 ], [ 3728027.595155151560903, 2720752.468319530133158 ], [ 3728742.80056130932644, 2721459.442506934981793 ], [ 3729080.367146526928991, 2723235.08949832059443 ], [ 3729659.952053320594132, 2724490.653211606666446 ], [ 3730746.546004796400666, 2725553.332061600871384 ], [ 3731496.821504880208522, 2726623.860613647382706 ], [ 3731130.435881856363267, 2727896.568357560317963 ], [ 3731166.681560658384115, 2728567.037298355717212 ], [ 3732650.605003975331783, 2728768.08809352433309 ], [ 3735065.182265605777502, 2731409.900959516875446 ], [ 3737545.527852562256157, 2732665.11016903584823 ], [ 3738477.185329754836857, 2734289.078400935977697 ], [ 3739236.802958824671805, 2736219.027279276866466 ], [ 3740025.48357263347134, 2737771.960517018102109 ], [ 3740670.852737234905362, 2738289.766030061990023 ], [ 3741385.236254321411252, 2738620.198155513964593 ], [ 3742024.058271353133023, 2739206.797400176059455 ], [ 3742470.082405115477741, 2740515.249540830031037 ], [ 3742413.908726810012013, 2741332.375148763880134 ], [ 3741809.504154947586358, 2742979.103404917754233 ], [ 3741688.26198710501194, 2743930.967351586092263 ], [ 3742010.713355231564492, 2745582.022866323124617 ], [ 3743382.022552640642971, 2749043.493048801552504 ], [ 3743921.814254212193191, 2750788.460232654586434 ], [ 3743853.911286338232458, 2750870.76933560334146 ], [ 3743993.192312556318939, 2753245.846595766022801 ], [ 3744076.961239500902593, 2753787.838649624492973 ], [ 3743506.118185546249151, 2754284.931487407069653 ], [ 3741764.155823104083538, 2755011.201161632779986 ], [ 3741434.372573090251535, 2755724.49280723836273 ], [ 3741024.094398408196867, 2757776.384505012072623 ], [ 3739836.11504373094067, 2758855.305736417882144 ], [ 3737033.198547244537622, 2760035.981905147433281 ], [ 3736251.443726403638721, 2760542.599548322614282 ], [ 3735876.463254994247109, 2760877.854651652742177 ], [ 3735629.747855630237609, 2761345.500276437029243 ], [ 3735279.511311234906316, 2762262.654147687833756 ], [ 3734625.598287321161479, 2765502.608832666184753 ], [ 3734383.522179445717484, 2765988.483568669296801 ], [ 3734322.437279469333589, 2766372.682416663970798 ], [ 3733128.000514495652169, 2768656.963076849933714 ], [ 3732557.659778470639139, 2769292.075263859238476 ], [ 3731912.044936722144485, 2769742.204354094807059 ], [ 3731609.871920328587294, 2770315.583784969057888 ], [ 3732105.553755117580295, 2771318.44865191867575 ], [ 3731132.890145241748542, 2772535.216693110298365 ], [ 3730448.975859763100743, 2776452.917128220200539 ], [ 3729469.619438964873552, 2777342.078220678959042 ], [ 3726794.047331928741187, 2777765.67314784321934 ], [ 3725774.163912254851311, 2778497.602390944957733 ], [ 3725268.673203079029918, 2779847.362154289148748 ], [ 3725545.585306879132986, 2781127.218330046162009 ], [ 3724255.777113968040794, 2781856.1952187968418 ], [ 3717432.684187219012529, 2782584.975962053984404 ], [ 3712973.577817226760089, 2786085.892825171817094 ], [ 3711703.795081219635904, 2786496.574379038996994 ], [ 3711104.697119790129364, 2787004.775988810230047 ], [ 3710408.015679152682424, 2789116.60244367737323 ], [ 3710045.86052771192044, 2789603.117397462483495 ], [ 3707122.437507887370884, 2790446.725186239928007 ], [ 3702831.833579142112285, 2790047.433213338721544 ], [ 3701877.618493384215981, 2790425.907714987639338 ], [ 3700665.186559847556055, 2791374.879350621253252 ], [ 3699345.544974975753576, 2790937.725551607087255 ], [ 3697977.84334568399936, 2790041.274961799848825 ], [ 3696592.989566914271563, 2789614.092517456505448 ], [ 3693918.350182485301048, 2789985.061069689225405 ], [ 3692543.489733022637665, 2789361.231353086419404 ], [ 3691854.192335604690015, 2787306.850147352553904 ], [ 3691400.157859723549336, 2785526.914502805564553 ], [ 3690452.980466531123966, 2784209.111630856990814 ], [ 3689227.226647238247097, 2783292.830924447160214 ], [ 3687913.098508236464113, 2782739.925165639258921 ], [ 3674572.670500320382416, 2782132.267247688490897 ] ] } },
{ "type": "Feature", "properties": { "featurecla": "River", "scalerank": 8.0, "rivernum": 732.0, "name": "Bug", "name_en": "Western Bug", "strokeweig": 0.15 }, "geometry": { "type": "LineString", "coordinates": [ [ 5030589.885233252309263, 2677228.688501412048936 ], [ 5027875.318073951639235, 2677545.270211977884173 ], [ 5019151.733445371501148, 2676456.03331944392994 ], [ 5017587.702257014811039, 2676719.707943450659513 ], [ 5014271.648381838575006, 2678029.086318718735129 ], [ 5013207.884879635646939, 2678250.494684967212379 ], [ 5011807.079725248739123, 2678174.133525781799108 ], [ 5008577.452265866100788, 2678744.409421746153384 ], [ 5007426.3444514721632, 2679267.67160752043128 ] ] } },
{ "type": "Feature", "properties": { "featurecla": "River", "scalerank": 8.0, "rivernum": 732.0, "name": "Bug", "name_en": "Western Bug", "strokeweig": 0.2 }, "geometry": { "type": "LineString", "coordinates": [ [ 5007426.3444514721632, 2679267.67160752043128 ], [ 5007007.594077200628817, 2679772.122669434640557 ], [ 5005925.745480389334261, 2681467.637532306835055 ], [ 5005429.86494462005794, 2681996.820195739623159 ], [ 5004770.609331302344799, 2682153.65824336791411 ], [ 5003354.519202504307032, 2682111.081887878477573 ], [ 5001998.571254331618547, 2682821.662593913730234 ], [ 5001276.306444017216563, 2682985.040458287578076 ], [ 5000619.222826238721609, 2683340.670950757339597 ], [ 4999665.296200212091208, 2685618.678840673994273 ], [ 4998940.786165113560855, 2685969.022346931975335 ], [ 4998131.235891535878181, 2685968.283954374492168 ], [ 4997300.101135927252471, 2686284.237594817765057 ], [ 4995592.54804271645844, 2688204.223846225533634 ], [ 4994872.426420689560473, 2688796.509914833121002 ], [ 4993552.53987545799464, 2688855.546214364934713 ], [ 4992722.951159092597663, 2689185.762524074874818 ], [ 4991701.585131245665252, 2691042.035489087924361 ], [ 4990980.55729007255286, 2690773.733367181383073 ], [ 4990195.447562762536108, 2690254.970392356161028 ], [ 4989466.831798720173538, 2690373.016003151424229 ], [ 4988397.568935718387365, 2691311.389941556379199 ], [ 4984933.179406248033047, 2692874.21586373494938 ], [ 4985086.130568149499595, 2694245.999145689420402 ], [ 4985750.504462236538529, 2695060.988309825304896 ], [ 4987601.153534406796098, 2696393.367115696426481 ], [ 4986843.88054025452584, 2697393.370593999046832 ], [ 4986698.036782561801374, 2698794.646686331368983 ], [ 4987007.88254935760051, 2700130.801233051344752 ], [ 4987612.728003059513867, 2700945.213367776945233 ], [ 4985779.249251770786941, 2702443.807616729289293 ], [ 4982400.514989310875535, 2707722.710037420503795 ], [ 4980559.561316157691181, 2710028.098689830861986 ], [ 4976353.477115714922547, 2713003.480993546545506 ], [ 4974956.571614231914282, 2713058.940066523384303 ], [ 4973941.215736333280802, 2713702.270948556251824 ], [ 4972235.925816071219742, 2715867.74356042034924 ], [ 4972241.096608567982912, 2717506.607919925358146 ], [ 4971736.010132001712918, 2721934.268145932815969 ], [ 4971880.666862178593874, 2722593.079424839001149 ], [ 4972049.419112512841821, 2722778.325787233188748 ], [ 4972225.332973358221352, 2722839.395066644530743 ], [ 4972195.13022465351969, 2722959.080747561529279 ], [ 4971741.494202681817114, 2723306.043937974143773 ], [ 4972352.178488191217184, 2726436.690825296100229 ], [ 4972516.692242269404233, 2727986.608989668544382 ], [ 4972449.392596219666302, 2729429.765561684966087 ], [ 4971173.280642525292933, 2732119.60389831662178 ], [ 4970716.424620131030679, 2733620.211532049346715 ], [ 4971234.530004445463419, 2734421.57679206924513 ], [ 4972021.18433780875057, 2735051.118394082412124 ], [ 4972350.984160042367876, 2736238.035766564309597 ], [ 4972503.951202592812479, 2737630.878875551279634 ], [ 4972746.236794659867883, 2738827.475078224204481 ], [ 4972678.865726163610816, 2740091.67469656933099 ], [ 4971610.948514172807336, 2740764.287687509320676 ], [ 4969125.568926421925426, 2741552.715683161746711 ], [ 4969278.955572897568345, 2740767.701583029236645 ], [ 4968414.771220602095127, 2741272.266990988980979 ], [ 4967084.134205797687173, 2741413.440197768155485 ], [ 4966251.05977339297533, 2741673.225868843961507 ], [ 4965491.887369029223919, 2742340.261244283523411 ], [ 4964860.647493195720017, 2743224.62855933746323 ], [ 4964158.336180769838393, 2743950.946059492882341 ], [ 4963133.25048513058573, 2744117.691056298092008 ], [ 4962429.433423378504813, 2744451.179525084327906 ], [ 4961636.77496880851686, 2746346.318638149648905 ], [ 4960723.289797025732696, 2746641.95294949458912 ], [ 4959807.685075092129409, 2746405.738850182387978 ], [ 4959000.222485849633813, 2746014.33542412891984 ], [ 4958379.2746113948524, 2745413.409261805005372 ], [ 4958040.899691762402654, 2744562.70009392593056 ], [ 4955522.937262169085443, 2748368.711957572493702 ], [ 4954569.797121884301305, 2750495.169314284808934 ], [ 4954514.311389462091029, 2752981.710664773825556 ], [ 4952633.023804923519492, 2753065.199892331380397 ], [ 4950581.170314386487007, 2753861.665345199871808 ], [ 4949332.919548904523253, 2755296.33493946492672 ], [ 4949851.778784848749638, 2757305.346653927117586 ], [ 4949725.607465536333621, 2757962.086305343545973 ], [ 4947812.61093882471323, 2757835.277743624988943 ], [ 4946087.726589103229344, 2758265.876468758564442 ], [ 4944835.375053843483329, 2759414.770303822588176 ], [ 4944326.216984189115465, 2761405.416502750478685 ], [ 4944805.606005724519491, 2763374.176874984521419 ], [ 4946114.566047447733581, 2764839.786807144992054 ], [ 4947912.04785578045994, 2765430.306342213880271 ], [ 4949870.082371717318892, 2764781.185755915474147 ], [ 4951118.466950609348714, 2765641.183941484894603 ], [ 4953332.217383123934269, 2766089.654387952759862 ], [ 4955277.368898605927825, 2766911.888433492742479 ], [ 4955738.318208899348974, 2768897.799645405262709 ], [ 4954626.661301243118942, 2770063.576040843967348 ], [ 4948471.698378686793149, 2772048.827137012034655 ], [ 4943162.016140437684953, 2775350.549686341080815 ], [ 4941851.920198651961982, 2776819.471753658726811 ], [ 4941212.746460778638721, 2778133.795750325080007 ], [ 4940965.480858976021409, 2779074.477693134453148 ], [ 4940615.147106092423201, 2779902.007875765673816 ], [ 4939659.66262732911855, 2780880.955821910873055 ], [ 4938750.865783171728253, 2781281.535391909535974 ], [ 4937839.24988217279315, 2781468.122903207782656 ], [ 4937269.127699033357203, 2781808.012742525432259 ], [ 4937393.851611660793424, 2782691.472215907648206 ], [ 4937270.123832863755524, 2783340.701154645998031 ], [ 4935643.30394627340138, 2787604.254143569618464 ], [ 4934795.681509649381042, 2788911.297275742515922 ], [ 4932538.619625723920763, 2791285.391856082249433 ], [ 4931151.5774364201352, 2793192.46280838502571 ], [ 4931218.432536439970136, 2794203.55391075881198 ], [ 4932211.733271417208016, 2794987.486375334206969 ], [ 4931222.919190771877766, 2796126.499953245744109 ], [ 4927462.726936151273549, 2798750.724966423586011 ], [ 4923674.900571335107088, 2800245.557145663071424 ], [ 4921843.186782767064869, 2801782.211321235168725 ], [ 4916667.627808882854879, 2809136.700608707033098 ] ] } },
{ "type": "Feature", "properties": { "featurecla": "River", "scalerank": 8.0, "rivernum": 732.0, "name": "Bug", "name_en": "Western Bug", "strokeweig": 0.25 }, "geometry": { "type": "LineString", "coordinates": [ [ 4863466.234440717846155, 2907427.114021039567888 ], [ 4862313.672047734260559, 2907198.334752454888076 ], [ 4860048.73674482665956, 2908065.836690044030547 ], [ 4858815.439524192363024, 2908143.293269112706184 ], [ 4858006.031368888914585, 2907606.470492727123201 ], [ 4857145.476546242833138, 2906751.451149242464453 ], [ 4856148.998383214697242, 2906234.889684149529785 ], [ 4854953.267147624865174, 2906706.575801658444107 ], [ 4855055.823296981863678, 2907231.30622448399663 ], [ 4855191.180856365710497, 2908396.294681121129543 ], [ 4855406.455717865377665, 2909021.136470803525299 ], [ 4853192.103831253945827, 2910905.338201560545713 ], [ 4851891.82193598523736, 2911385.580558046232909 ], [ 4850643.372158918529749, 2910417.460243204142898 ], [ 4849606.947114770300686, 2912706.79310661368072 ], [ 4847856.162292567081749, 2913894.239988276269287 ], [ 4845850.212813594378531, 2914168.330994037911296 ], [ 4840912.264122025109828, 2912571.107754271943122 ], [ 4830459.020502531901002, 2912904.628845058847219 ], [ 4827074.07516548037529, 2912124.414280121680349 ], [ 4825424.814983741380274, 2912239.331142257899046 ], [ 4824461.032932099886239, 2913351.494219306390733 ], [ 4823418.762389967218041, 2912687.516893330961466 ], [ 4821932.368029599078, 2913470.599667258094996 ], [ 4820574.776532474905252, 2914835.275860799476504 ], [ 4819928.3633215399459, 2915890.695148633327335 ], [ 4819715.628759877756238, 2919467.387965050525963 ], [ 4819461.710343707352877, 2919943.082176660187542 ], [ 4818529.222005904652178, 2919937.791746666654944 ], [ 4817898.534708655439317, 2920335.745083166286349 ], [ 4817439.910043455660343, 2921173.206040059216321 ], [ 4816976.703735690563917, 2922494.48317535687238 ], [ 4816873.44232614710927, 2923440.659159433562309 ], [ 4817015.129851266741753, 2924322.226498052477837 ], [ 4817086.512302316725254, 2925234.389595343731344 ], [ 4816741.370683727785945, 2926245.716702337842435 ], [ 4816192.152503120712936, 2926798.813842608127743 ], [ 4814549.100541998632252, 2927769.580037659965456 ], [ 4812891.133473941124976, 2929403.84790649684146 ], [ 4802041.246661510318518, 2937647.419603916350752 ], [ 4794716.545078564435244, 2940134.822519310750067 ], [ 4793705.631770456209779, 2940224.317725666798651 ], [ 4792679.80555045325309, 2940811.790537596680224 ], [ 4791975.291087771765888, 2940907.407885865308344 ], [ 4790943.952110878191888, 2939623.740015693940222 ], [ 4790367.431738371029496, 2939980.336093857884407 ], [ 4789785.348954541608691, 2940663.330215412657708 ], [ 4789266.085371180437505, 2940968.331960105337203 ], [ 4788560.016361924819648, 2940606.547781875822693 ], [ 4787086.756357015110552, 2939351.793470867909491 ], [ 4785529.321982222609222, 2938642.393389215692878 ], [ 4784395.873474271968007, 2937476.660978874657303 ], [ 4783753.991350079886615, 2937152.89304478187114 ], [ 4770193.373062141239643, 2937170.013087504543364 ], [ 4768878.138825245201588, 2936112.091531304176897 ], [ 4767546.709747550077736, 2934148.099628926254809 ], [ 4766087.258284643292427, 2932530.975210663396865 ], [ 4764361.525202358141541, 2932448.12079602247104 ], [ 4763414.394004996865988, 2929943.972283302340657 ], [ 4763049.719999843277037, 2929332.766745518427342 ], [ 4762401.555370332673192, 2929037.796960070729256 ], [ 4761663.720859200693667, 2928959.852905524428934 ], [ 4761099.773493530228734, 2928683.833573870826513 ], [ 4760994.224910537712276, 2927824.470742307603359 ], [ 4760794.89374911505729, 2927207.98419384052977 ], [ 4759737.879158094525337, 2925312.184029812924564 ], [ 4759405.735262675210834, 2924897.928145240526646 ], [ 4759109.304479449056089, 2924991.660029273945838 ], [ 4758211.18568763975054, 2925553.248375842813402 ], [ 4757895.628639313392341, 2925808.773003087379038 ], [ 4757339.472100984305143, 2926092.586731636431068 ], [ 4757255.536838791333139, 2925561.074547579046339 ], [ 4757275.934442720375955, 2924820.229928812012076 ], [ 4756991.089315177872777, 2924514.656032109167427 ], [ 4756305.809821870177984, 2924918.975066989660263 ], [ 4755120.533537258394063, 2926174.339095656294376 ], [ 4754395.173375833779573, 2926405.130956720095128 ], [ 4753743.798350799828768, 2925983.407723953947425 ], [ 4753361.584119606763124, 2925125.962636492680758 ], [ 4753082.662483873777092, 2924268.916394494939595 ], [ 4752776.832447396591306, 2923848.732445034198463 ], [ 4750150.598755271174014, 2923164.679063895251602 ], [ 4747499.765250637196004, 2921601.653331960085779 ], [ 4745514.755804797634482, 2919703.173991866409779 ], [ 4744610.002707286737859, 2918446.602679285220802 ], [ 4743885.01339808665216, 2916926.066363914869726 ], [ 4743053.284186152741313, 2915755.680583466310054 ], [ 4741849.541136832907796, 2915122.751244376879185 ], [ 4733487.196111232042313, 2913488.94592052558437 ], [ 4732214.283097323030233, 2912962.239029065240175 ], [ 4728755.40316557418555, 2910478.110847176518291 ], [ 4724444.634669118560851, 2909643.887309594079852 ], [ 4722934.549617535434663, 2908168.381814192049205 ], [ 4722753.608453819528222, 2904704.089019260369241 ], [ 4721667.480167081579566, 2903412.651859050150961 ], [ 4718678.656573262996972, 2904038.784903836902231 ], [ 4713706.239332520402968, 2905984.308527445420623 ], [ 4712656.447586686350405, 2905594.699494753964245 ], [ 4710711.745320015586913, 2904292.648942454252392 ], [ 4709738.271385448984802, 2903909.758820105344057 ], [ 4706834.739439334720373, 2903719.857263250742108 ], [ 4705743.646942335180938, 2903320.497673354111612 ], [ 4704563.627877012826502, 2902422.936915222555399 ], [ 4704000.021205411292613, 2901472.868177649565041 ], [ 4703656.693979412317276, 2900433.175355886109173 ], [ 4703136.198961247690022, 2899229.672662346623838 ], [ 4702453.692566263489425, 2898466.724321481306106 ], [ 4699454.475706704892218, 2896469.66206302633509 ] ] } },
{ "type": "Feature", "properties": { "featurecla": "River", "scalerank": 8.0, "rivernum": 732.0, "name": "Bug", "name_en": "Western Bug", "strokeweig": 0.25 }, "geometry": { "type": "LineString", "coordinates": [ [ 4916667.627808882854879, 2809136.700608707033098 ], [ 4915398.638016614131629, 2809659.591460314113647 ], [ 4914116.019094451330602, 2809451.767276566941291 ], [ 4912966.285225779749453, 2809786.708173827268183 ], [ 4912120.184302981942892, 2811955.462538951542228 ], [ 4912218.351011451333761, 2813435.934299416374415 ], [ 4912832.749858577735722, 2815156.937434392981231 ], [ 4913778.765959113836288, 2816619.936553355306387 ], [ 4914900.794412360526621, 2817318.307266327086836 ], [ 4914223.00768917798996, 2818672.411367608699948 ], [ 4914100.908793600276113, 2819770.332949151750654 ], [ 4914437.429117885418236, 2820593.906369459815323 ], [ 4915127.660964790731668, 2821096.888073361478746 ], [ 4914352.368095504119992, 2822259.195400015451014 ], [ 4910926.157721059396863, 2825719.606102071236819 ], [ 4910690.088713239878416, 2826358.612328115385026 ], [ 4911336.60670901928097, 2828659.581811150535941 ], [ 4910282.398026193492115, 2829129.638428974896669 ], [ 4908998.247806907631457, 2829351.513570302631706 ], [ 4907834.905891388654709, 2829873.699297755025327 ], [ 4907118.671466451138258, 2831269.133294594008476 ], [ 4906353.876347620040178, 2833266.58268773322925 ], [ 4905346.952476340346038, 2833634.178111742250621 ], [ 4904234.197448935359716, 2833838.217453510966152 ], [ 4903107.653007326647639, 2835336.51944322604686 ], [ 4903564.517273498699069, 2835383.980882635340095 ], [ 4904007.964787634089589, 2835503.696579780429602 ], [ 4902100.352175408042967, 2837718.804470724891871 ], [ 4901247.916527329012752, 2839089.427463615778834 ], [ 4900742.452054335735738, 2840561.761992084793746 ], [ 4900567.426056055352092, 2843477.29817085294053 ], [ 4900289.515165969729424, 2844492.935643993318081 ], [ 4899386.252601790241897, 2845157.947534637991339 ], [ 4899239.121148622594774, 2845952.387881533242762 ], [ 4899818.335282113403082, 2846139.731476738117635 ], [ 4900180.356138326227665, 2846460.291170452721417 ], [ 4900819.628425603732467, 2847664.746314222924411 ], [ 4900408.264179578050971, 2848057.985069859772921 ], [ 4899876.52334076166153, 2848725.068788065109402 ], [ 4899537.352151717990637, 2849355.850818712264299 ], [ 4899745.25122304353863, 2849701.215950527694076 ], [ 4900294.356992738321424, 2850101.899962006136775 ], [ 4900017.013557980768383, 2850738.791085344273597 ], [ 4899441.562381872907281, 2851392.432196914684027 ], [ 4899107.183840342797339, 2851890.708422103431076 ], [ 4899023.60531497374177, 2854396.485784231219441 ], [ 4899078.878135908395052, 2855580.689947120379657 ], [ 4899201.668393997475505, 2856382.562764792703092 ], [ 4900066.536647517234087, 2857877.272083954885602 ], [ 4901301.29374339710921, 2858982.120217815972865 ], [ 4902317.502463987097144, 2860457.603727568872273 ], [ 4902588.354914054274559, 2863051.285005385987461 ], [ 4901085.272921964526176, 2864460.304124554619193 ], [ 4899696.786450015380979, 2866181.825491844210774 ], [ 4900268.340339512564242, 2867195.5126001117751 ], [ 4900113.224152006208897, 2869536.319085798691958 ], [ 4900807.329157633706927, 2870119.349367810878903 ], [ 4900691.869716517627239, 2870596.867736236192286 ], [ 4900621.388390325009823, 2870709.155678622424603 ], [ 4900501.838841383345425, 2870694.874830212444067 ], [ 4900225.803299038670957, 2870758.178921914193779 ], [ 4900424.994651653803885, 2872028.240638114046305 ], [ 4899835.687431725673378, 2875454.440055433195084 ], [ 4899896.568151918239892, 2877480.735313774086535 ], [ 4900583.316197276115417, 2880638.153874231036752 ], [ 4901190.210780535824597, 2882152.836361897643656 ], [ 4902074.914442902430892, 2883113.781335200648755 ], [ 4900990.454031458124518, 2884771.264889374841005 ], [ 4899320.454888151027262, 2888596.219340975396335 ], [ 4898534.170738144777715, 2889810.5844018724747 ], [ 4898234.691343992948532, 2891009.133950853254646 ], [ 4897752.663267808966339, 2892181.619475568179041 ], [ 4896848.879762196913362, 2892584.162226245738566 ], [ 4896183.673898763954639, 2892748.395066780038178 ], [ 4895677.437010250985622, 2893347.992901479825377 ], [ 4895184.367364980280399, 2894142.236835819203407 ], [ 4894602.850656102411449, 2894882.681682299822569 ], [ 4893241.939383815973997, 2895398.182009231764823 ], [ 4890173.066569446586072, 2894727.417613023426384 ], [ 4888834.951694290153682, 2894893.385300121735781 ], [ 4886357.905275726690888, 2898171.342843864578754 ], [ 4886542.756836947053671, 2898592.346637782640755 ], [ 4886509.261067806743085, 2899893.593279391992837 ], [ 4886099.229671908542514, 2900639.71746483957395 ], [ 4885214.701686300337315, 2899387.947500891983509 ], [ 4884688.693745106458664, 2899803.279139827005565 ], [ 4883944.824998112395406, 2900226.562062935438007 ], [ 4883605.523911191150546, 2900644.342526098247617 ], [ 4882908.779796496964991, 2899403.641563238110393 ], [ 4882268.677399385720491, 2899406.04689046414569 ], [ 4881571.714150970801711, 2899896.966957159806043 ], [ 4880702.708317560143769, 2900110.972656762227416 ], [ 4879832.965499508194625, 2899578.053665973246098 ], [ 4879610.434175697155297, 2899718.679872975684702 ], [ 4879907.551048369146883, 2900781.478388259653002 ], [ 4879788.340164965949953, 2901431.874243700411171 ], [ 4878396.099943737499416, 2901336.950098282191902 ], [ 4874084.753329245373607, 2902118.245653742458671 ], [ 4873078.882151902653277, 2902820.614045859314501 ], [ 4872150.41709996573627, 2902251.734996341634542 ], [ 4867244.701365132816136, 2902664.04938040394336 ], [ 4865617.371979844756424, 2903335.455540030729026 ], [ 4865794.802506891079247, 2905308.615178183652461 ], [ 4865327.632451961748302, 2906664.170466903597116 ], [ 4864436.126652650535107, 2907580.575634239707142 ], [ 4863325.759755090810359, 2908207.03390439460054 ] ] } },
{ "type": "Feature", "properties": { "featurecla": "River", "scalerank": 8.0, "rivernum": 777.0, "name": "Yonne", "name_en": "Yonne", "strokeweig": 0.15 }, "geometry": { "type": "LineString", "coordinates": [ [ 3556861.40969803603366, 2285117.268846738152206 ], [ 3555278.197529648430645, 2290404.20270767249167 ], [ 3555157.483448809944093, 2292219.223548168316483 ], [ 3555194.073685633949935, 2293757.775175165850669 ], [ 3554852.305509704630822, 2294937.451845255214721 ], [ 3553663.098298113327473, 2295694.289264318998903 ], [ 3551459.378880211152136, 2299560.724944209679961 ], [ 3550201.352928471751511, 2299559.92278333986178 ], [ 3549305.610565237235278, 2300024.60282241506502 ], [ 3547597.070619428530335, 2301424.483244465664029 ], [ 3546601.554863431025296, 2301850.573204906657338 ], [ 3544100.273152744397521, 2301718.579561268910766 ] ] } },
{ "type": "Feature", "properties": { "featurecla": "River", "scalerank": 8.0, "rivernum": 777.0, "name": "Yonne", "name_en": "Yonne", "strokeweig": 0.2 }, "geometry": { "type": "LineString", "coordinates": [ [ 3544100.273152744397521, 2301718.579561268910766 ], [ 3541929.627900610677898, 2302395.132989873643965 ], [ 3539885.01402752706781, 2303913.152510726824403 ], [ 3538021.896492975763977, 2306070.123118334915489 ], [ 3536357.595015569124371, 2308642.985871099401265 ], [ 3535585.127133965492249, 2310385.74476380366832 ], [ 3535673.704762422014028, 2311205.709262325428426 ], [ 3536131.847831710241735, 2311859.430849267169833 ], [ 3536485.792638693004847, 2313054.526861052028835 ], [ 3536652.539130000397563, 2313825.583038112148643 ], [ 3536903.026302456390113, 2314236.27494395012036 ], [ 3537120.582564525306225, 2314681.429737070575356 ], [ 3537204.58470200933516, 2315575.555817135609686 ], [ 3537054.750842357054353, 2315917.870783900842071 ], [ 3536717.649012397509068, 2316249.943049199413508 ], [ 3536418.335524179041386, 2316729.010276149958372 ], [ 3536259.829749411903322, 2318550.615368590690196 ], [ 3535888.607656331267208, 2318608.964516441803426 ], [ 3535408.149335001595318, 2318439.569573821965605 ], [ 3535025.534007049165666, 2318780.96431589871645 ], [ 3534870.579289237037301, 2319558.658673922996968 ], [ 3534703.2288977666758, 2321352.103932987432927 ], [ 3533861.280870861373842, 2323828.585293158423156 ], [ 3533811.231854198500514, 2325026.803918944206089 ], [ 3534355.75506802694872, 2328418.858487360645086 ], [ 3533257.269538373686373, 2327921.192434260621667 ], [ 3532018.409009048715234, 2328279.317715265788138 ], [ 3530862.017796860076487, 2329170.827075999695808 ], [ 3529975.06178712984547, 2330276.230616038665175 ], [ 3530284.101066669914871, 2331356.125442067626864 ], [ 3530151.188436513300985, 2332084.619127876125276 ], [ 3529715.02713567065075, 2332288.843298679217696 ], [ 3529109.282467072363943, 2331822.726333362516016 ], [ 3528006.695848633069545, 2334328.480447732377797 ], [ 3528287.39242472872138, 2336789.134804260451347 ], [ 3529397.473900797311217, 2338773.665813276544213 ], [ 3530812.746891455259174, 2339848.757128120865673 ], [ 3531927.249918453395367, 2340020.147936776746064 ], [ 3533762.20692458935082, 2339570.387366290669888 ], [ 3534773.800296076573431, 2339503.602408630773425 ], [ 3534682.261677586007863, 2339682.834255116526037 ], [ 3535067.892878875136375, 2340136.891298131085932 ], [ 3535892.23414519475773, 2340877.092368370387703 ], [ 3535764.514272093772888, 2340556.123342489358038 ], [ 3536240.767975032329559, 2340285.646141461562365 ], [ 3537271.163968088570982, 2340025.331769843585789 ], [ 3537119.627548255957663, 2341039.746534806210548 ], [ 3537252.571247395593673, 2341752.91243803454563 ], [ 3537694.829654524102807, 2342123.178280428051949 ], [ 3538451.910711030475795, 2342131.70477739488706 ], [ 3538252.098159882239997, 2344862.95945358555764 ], [ 3538285.582903764210641, 2345458.210346520412713 ], [ 3538653.551375129260123, 2346625.398150067776442 ], [ 3539312.983538758009672, 2346542.276163440197706 ], [ 3540099.87652547378093, 2346158.452725141774863 ], [ 3540862.841448693536222, 2346409.165807860903442 ], [ 3541315.056939894333482, 2347318.942987788934261 ], [ 3541338.53491004370153, 2348133.717570745851845 ], [ 3541189.068443418480456, 2348884.266257374547422 ], [ 3541139.801022071857005, 2349639.401425997260958 ], [ 3541743.217109503224492, 2355639.608200129121542 ], [ 3541527.18969095684588, 2356232.487252465914935 ], [ 3540798.617763030808419, 2357401.594480242114514 ], [ 3540126.945708247832954, 2357946.771329398732632 ], [ 3539339.941830139607191, 2358225.339273645542562 ], [ 3538748.894493920728564, 2358795.373621607199311 ], [ 3538603.401484338101, 2360199.07759733684361 ], [ 3536352.865369666367769, 2362127.670998183079064 ], [ 3535835.394412926863879, 2363126.434149390552193 ], [ 3535939.431679927743971, 2364118.61111754225567 ], [ 3536434.651631622109562, 2364992.472956284414977 ], [ 3537663.170525860972703, 2366582.635849761776626 ], [ 3536471.702959225513041, 2367871.650725822430104 ], [ 3535892.747541513293982, 2368686.070219255052507 ], [ 3535415.068242581561208, 2369723.595557420980185 ], [ 3535541.418148132972419, 2370155.220975787844509 ], [ 3535620.309766895137727, 2373178.249527121894062 ], [ 3535522.25782027002424, 2373803.310246918350458 ], [ 3533322.139092764351517, 2380266.226161144673824 ], [ 3533519.634955980814993, 2382114.250111091416329 ], [ 3532222.590813899412751, 2385890.364516862668097 ], [ 3528678.178618357051164, 2388113.703211770392954 ], [ 3522128.962384704500437, 2390371.996206623967737 ], [ 3522148.427862827666104, 2390470.37704462511465 ], [ 3521142.125342173036188, 2391198.709106244146824 ], [ 3517617.273051325231791, 2393481.003236567601562 ], [ 3517689.71849857037887, 2394278.162652192637324 ], [ 3519140.323833892121911, 2395068.833463366143405 ], [ 3519028.04708973551169, 2396364.956583009567112 ], [ 3517598.198065056465566, 2398713.608438644558191 ], [ 3517173.086050014477223, 2399748.398172282613814 ], [ 3517075.673126433975995, 2400152.547341723460704 ], [ 3517367.883756265975535, 2402081.218924497254193 ], [ 3517280.754566030111164, 2402985.102267855778337 ], [ 3516964.733633468393236, 2403778.095032791141421 ], [ 3516536.433144877664745, 2404383.723219365812838 ], [ 3516170.271800995804369, 2404741.281384838279337 ], [ 3516928.245599050074816, 2405699.79733001999557 ], [ 3518994.594786751549691, 2407472.164372096769512 ], [ 3519475.013625089079142, 2408490.431413542479277 ], [ 3519049.621820853091776, 2409319.564127788413316 ], [ 3516365.095655783545226, 2412159.785522570367903 ], [ 3517516.445161462761462, 2414658.024441917426884 ], [ 3516919.06325296824798, 2417063.005763773340732 ], [ 3515761.158442968036979, 2419334.988126371055841 ], [ 3515020.611188750714064, 2422269.861883917357773 ], [ 3512893.466891217511147, 2427235.251318697351962 ], [ 3512198.043096581939608, 2428076.882552507333457 ], [ 3506944.134047197178006, 2430713.330351617187262 ], [ 3506911.444743131753057, 2430927.214994410984218 ], [ 3506184.826768603175879, 2431983.505533433053643 ], [ 3505840.624033992644399, 2432358.371344409883022 ], [ 3505304.540619378909469, 2432521.997414541896433 ], [ 3504149.548089507967234, 2432490.888355428818613 ], [ 3503706.276541006285697, 2432893.681837118696421 ], [ 3502077.264778845477849, 2433793.246118779294193 ], [ 3499663.130758033134043, 2434074.713500439189374 ], [ 3497586.099568423815072, 2434760.033871902152896 ], [ 3496980.830856628715992, 2436878.976408451795578 ] ] } },
{ "type": "Feature", "properties": { "featurecla": "River", "scalerank": 8.0, "rivernum": 779.0, "name": "Mukhavyets", "name_en": "Mukhavets", "strokeweig": 0.2 }, "geometry": { "type": "LineString", "coordinates": [ [ 4926768.159056863747537, 2851866.045551694463938 ], [ 4928122.26947564072907, 2853468.45974381454289 ], [ 4928991.648074044845998, 2855429.890997459180653 ], [ 4930020.594658406451344, 2856209.56584397982806 ], [ 4931335.243688402697444, 2856675.796514089219272 ], [ 4933719.354508258402348, 2857001.139950681943446 ], [ 4935589.550265707075596, 2857976.482013157103211 ], [ 4937455.411712687462568, 2859571.732160130981356 ], [ 4941338.593001948669553, 2865087.57000784156844 ], [ 4941198.185850838199258, 2866439.290357371792197 ], [ 4940816.063750839792192, 2868112.787474937271327 ], [ 4940707.192301790229976, 2871769.167608218733221 ], [ 4939283.642958187498152, 2874709.931698551867157 ], [ 4939151.056776961311698, 2876020.466071243863553 ], [ 4939968.323449213057756, 2877515.999207430984825 ], [ 4941518.070342826656997, 2879323.141572425607592 ], [ 4943579.631087581627071, 2881044.048220309428871 ], [ 4947241.287705297581851, 2883366.491646372713149 ], [ 4948374.263768767006695, 2884498.499467100482434 ], [ 4949365.351160136982799, 2885140.2964824475348 ], [ 4950671.646438853815198, 2885004.869566241744906 ], [ 4952010.263023717328906, 2885509.969215258024633 ], [ 4953052.345471921376884, 2887679.141241624485701 ], [ 4953649.444535232149065, 2890587.01311792479828 ], [ 4953894.82267068233341, 2892847.653753787279129 ], [ 4953449.207515504211187, 2894727.886197822168469 ], [ 4952366.670703215524554, 2896725.253091724123806 ], [ 4950932.60639897082001, 2898385.65934522729367 ], [ 4948886.368061034940183, 2900195.431720299180597 ], [ 4948853.335527047514915, 2901146.375222861301154 ], [ 4948526.378911108709872, 2902183.653030809480697 ], [ 4945461.316803774796426, 2904194.283011736813933 ], [ 4944672.562190641649067, 2905306.473664697725326 ], [ 4944927.007925164885819, 2906487.817701658699661 ], [ 4945811.252654645591974, 2907678.435607469640672 ], [ 4946236.123310009948909, 2908893.595045407302678 ], [ 4945395.859937195666134, 2910150.577056681271642 ], [ 4943859.743280892260373, 2910601.889654553961009 ], [ 4942618.232112514786422, 2909892.152671988587826 ], [ 4941089.762890040874481, 2908548.858815151266754 ], [ 4936717.869724554009736, 2906569.638460027985275 ], [ 4934756.758205296471715, 2905021.407496335916221 ], [ 4933352.345348188653588, 2904715.842105378396809 ], [ 4931962.856190400198102, 2904841.271651094779372 ], [ 4931181.382076484151185, 2905224.067091926466674 ], [ 4930658.810312263667583, 2905256.279007105622441 ], [ 4929889.095870165154338, 2904510.973124186974019 ], [ 4928484.917664318345487, 2903864.829047355335206 ], [ 4923595.054382148198783, 2904497.561460901517421 ], [ 4920467.881604071706533, 2904144.985800635069609 ], [ 4919298.08012605085969, 2904366.83950717933476 ], [ 4918431.34661703184247, 2903452.797301107086241 ], [ 4917354.979937789030373, 2902498.898263203445822 ], [ 4916051.188594992272556, 2899650.792344126384705 ], [ 4915446.090597280301154, 2899150.761499473825097 ], [ 4915156.000674196518958, 2898740.225258526857942 ], [ 4914827.192148003727198, 2897911.013733569998294 ], [ 4914350.492094222456217, 2897045.691599899437279 ], [ 4913636.400562905706465, 2896562.639370298013091 ], [ 4897676.582994559779763, 2892060.654921159613878 ] ] } },
{ "type": "Feature", "properties": { "featurecla": "River", "scalerank": 8.0, "rivernum": 779.0, "name": "Mukhavyets", "name_en": "Mukhavets", "strokeweig": 0.15 }, "geometry": { "type": "LineString", "coordinates": [ [ 4917018.618693022057414, 2830206.138707533013076 ], [ 4916996.459402913227677, 2831651.304493537638336 ], [ 4916795.51389954611659, 2832859.961253248620778 ], [ 4916047.286917879246175, 2834446.037158154416829 ], [ 4916321.687550153583288, 2835287.767620523460209 ], [ 4917432.867413433268666, 2836228.531911737285554 ], [ 4919187.346093903295696, 2837163.012501884251833 ], [ 4920771.929754740558565, 2838904.355522289406508 ], [ 4921493.434257688932121, 2841769.611835854593664 ], [ 4922076.789191566407681, 2845057.547222933266312 ], [ 4923340.1401595659554, 2847802.237365630455315 ], [ 4926768.159056863747537, 2851866.045551694463938 ] ] } },
{ "type": "Feature", "properties": { "featurecla": "River", "scalerank": 8.0, "rivernum": 821.0, "name": "Schelde", "name_en": "Scheldt", "strokeweig": 0.15 }, "geometry": { "type": "LineString", "coordinates": [ [ 3534140.73889227071777, 2605374.257824467960745 ], [ 3531971.274707524105906, 2607448.113404755480587 ], [ 3530640.217214338015765, 2609395.661593454889953 ], [ 3530492.397016229573637, 2611655.750450537540019 ], [ 3531897.626042542047799, 2614652.333260686602443 ], [ 3532671.398427166510373, 2615510.81636894447729 ], [ 3533405.125919156242162, 2616120.253493329510093 ], [ 3533850.195703523233533, 2616835.238962151575834 ], [ 3533746.799278834834695, 2617998.177619742695242 ], [ 3533308.425062751863152, 2618314.920926471240819 ], [ 3530829.79503822978586, 2619425.358372883871198 ], [ 3529852.115501758176833, 2620937.889262262731791 ], [ 3530756.48706194665283, 2623140.264892617706209 ], [ 3532381.394728551618755, 2625239.436991242691875 ], [ 3537182.360137984156609, 2630145.139497268013656 ], [ 3538203.569106021430343, 2631600.42797029344365 ] ] } },
{ "type": "Feature", "properties": { "featurecla": "River", "scalerank": 8.0, "rivernum": 821.0, "name": "Schelde", "name_en": "Scheldt", "strokeweig": 0.2 }, "geometry": { "type": "LineString", "coordinates": [ [ 3538203.569106021430343, 2631600.42797029344365 ], [ 3540789.584884610492736, 2635907.800709299743176 ], [ 3542127.822937367018312, 2637458.709027542266995 ], [ 3543629.526871659327298, 2638587.031648514326662 ], [ 3545408.146501275710762, 2639427.560543445404619 ], [ 3547106.815374400932342, 2639683.402649880386889 ], [ 3550028.677792170085013, 2638988.411697935312986 ], [ 3551547.92145894235, 2639011.567561220377684 ], [ 3553045.418451378121972, 2640011.176844855304807 ], [ 3554202.388866342138499, 2641857.272441004402936 ], [ 3556319.236523974686861, 2646014.871428715065122 ], [ 3560187.351513013243675, 2650620.47819557832554 ], [ 3560605.304317806381732, 2651365.914469206705689 ], [ 3560431.379424438346177, 2651994.394743957091123 ], [ 3559759.702464743051678, 2652966.359033539425582 ], [ 3558805.488381579983979, 2653971.022036504000425 ], [ 3552025.335416764486581, 2658807.049346428364515 ], [ 3551113.156374533195049, 2659764.905929554253817 ], [ 3550697.479963325895369, 2661128.9001733683981 ], [ 3550768.969192534219474, 2662683.823605384677649 ], [ 3551499.291864858008921, 2665909.836067185737193 ], [ 3551552.908007839228958, 2667339.974736602976918 ], [ 3551067.455230859573931, 2668212.606839690823108 ], [ 3549617.233581428881735, 2669613.895121781621128 ], [ 3548390.48063636245206, 2671703.896838066168129 ], [ 3547493.695374672301114, 2673838.314743605908006 ], [ 3546954.60846972791478, 2676217.19202129682526 ], [ 3546807.612916151061654, 2679040.032403314020485 ], [ 3548288.42152320034802, 2682482.405530012678355 ], [ 3551659.98957290686667, 2685418.671585077419877 ], [ 3564681.086507299914956, 2693419.545263566076756 ], [ 3565658.717682654969394, 2694427.117687144316733 ], [ 3568081.94071293156594, 2698055.44639465212822 ], [ 3568791.81627463363111, 2698678.620471732225269 ], [ 3570276.920840248465538, 2699490.55225363234058 ], [ 3571008.400702784303576, 2700138.467221132013947 ], [ 3571529.544585963245481, 2701286.188482410740107 ], [ 3571088.310223855543882, 2702039.989790081046522 ], [ 3570319.034082931466401, 2702769.384739435277879 ], [ 3569885.533259078860283, 2703841.167339100968093 ], [ 3569968.02031211880967, 2705379.242756489664316 ], [ 3570361.194930953904986, 2705774.483268070034683 ], [ 3571010.06759418360889, 2705779.263539437204599 ], [ 3571863.509605824016035, 2706153.532123341690749 ], [ 3573755.81803276296705, 2707950.045596922747791 ], [ 3575313.653506942559034, 2709970.391238702926785 ], [ 3576589.26240281900391, 2712357.243493643589318 ], [ 3577620.130676430650055, 2715315.166750685777515 ], [ 3579223.495555383618921, 2714850.601844956167042 ], [ 3580073.059387840796262, 2713826.215112574398518 ], [ 3580748.079086224082857, 2712458.729350835084915 ], [ 3581852.228030278347433, 2710976.439896642230451 ], [ 3582719.355184627696872, 2710345.914205656852573 ], [ 3583439.47673898562789, 2710219.965906519442797 ], [ 3585239.64194037579, 2710701.662221962586045 ], [ 3593170.093029535375535, 2710725.196368215605617 ], [ 3594578.407304280437529, 2710407.983010839205235 ], [ 3595268.000040594022721, 2710396.746847278438509 ], [ 3596100.360804425086826, 2710837.149411607533693 ], [ 3596781.633031211327761, 2711668.781505267135799 ], [ 3597840.770230169408023, 2713609.323872060980648 ], [ 3598673.793169512413442, 2714273.693422670476139 ], [ 3599562.207898688036948, 2714391.722166405059397 ], [ 3600213.873084490653127, 2714039.492778936866671 ], [ 3600817.603809175547212, 2713501.754274096805602 ], [ 3601563.551434157881886, 2713081.659476948902011 ] ] } },
{ "type": "Feature", "properties": { "featurecla": "River", "scalerank": 8.0, "rivernum": 821.0, "name": "Schelde", "name_en": "Scheldt", "strokeweig": 0.25 }, "geometry": { "type": "LineString", "coordinates": [ [ 3601563.551434157881886, 2713081.659476948902011 ], [ 3602368.200086328200996, 2713188.470114742405713 ], [ 3603806.59945427114144, 2714384.233446157537401 ], [ 3604580.132505524903536, 2714604.350134783424437 ], [ 3605158.051315828226507, 2714071.841636072378606 ], [ 3605639.367918216623366, 2713112.95265481248498 ], [ 3606207.885020059067756, 2712457.683498820289969 ], [ 3607047.904028943739831, 2712804.487041857093573 ], [ 3607460.887281039729714, 2713837.447879527695477 ], [ 3607354.347518819849938, 2715095.471414615400136 ], [ 3607060.969313730485737, 2716336.660464166663587 ], [ 3606942.090607201680541, 2717351.018552453722805 ], [ 3606935.032120606396347, 2718311.840419931802899 ], [ 3606881.814361191354692, 2718771.179425709415227 ], [ 3607139.521397374104708, 2719224.409594845958054 ], [ 3608067.496190559118986, 2720156.301805205643177 ], [ 3609342.166218050289899, 2720911.180001663509756 ], [ 3610695.500809951685369, 2721068.28698668256402 ], [ 3613427.057393888477236, 2720855.520050973631442 ], [ 3616176.880555713549256, 2721524.076912363991141 ], [ 3617154.582949444651604, 2723132.332916777580976 ], [ 3617637.67598758591339, 2725457.387586143333465 ], [ 3618911.099347501993179, 2728263.734486049041152 ], [ 3622043.176078376825899, 2731070.686229277867824 ], [ 3622356.763498705811799, 2732067.436792717780918 ], [ 3616795.008481382392347, 2736181.369569962378591 ] ] } },
{ "type": "Feature", "properties": { "featurecla": "River", "scalerank": 8.0, "rivernum": 822.0, "name": "Trent", "name_en": "Trent", "strokeweig": 0.15 }, "geometry": { "type": "LineString", "coordinates": [ [ 3215115.056406009476632, 2976564.928199172019958 ], [ 3212438.254293834790587, 2972426.966478422284126 ], [ 3211973.295539502054453, 2970454.990711615886539 ], [ 3212374.669429534580559, 2967460.529391979333013 ], [ 3213059.524835653137416, 2965159.029841423500329 ], [ 3213955.134158243890852, 2963094.270318500697613 ], [ 3216211.657956030685455, 2959580.662279256619513 ], [ 3219260.517173817846924, 2956475.761635664850473 ], [ 3220057.755136555526406, 2955174.098818621132523 ], [ 3221761.130161571316421, 2950856.464633172843605 ], [ 3222673.784664310980588, 2949637.750460499431938 ], [ 3227288.796565837692469, 2945108.707758540753275 ], [ 3228529.339187597855926, 2944433.989023073110729 ], [ 3231505.196666896343231, 2944005.509796149097383 ] ] } },
{ "type": "Feature", "properties": { "featurecla": "River", "scalerank": 8.0, "rivernum": 822.0, "name": "Trent", "name_en": "Trent", "strokeweig": 0.2 }, "geometry": { "type": "LineString", "coordinates": [ [ 3231505.196666896343231, 2944005.509796149097383 ], [ 3234078.153884378261864, 2943478.930757099762559 ], [ 3237970.665578052401543, 2941564.649373085238039 ], [ 3239203.420026046223938, 2942032.016511367633939 ], [ 3241735.798321667127311, 2944312.55721774045378 ], [ 3243712.484915460925549, 2945645.843133754562587 ], [ 3248942.603880865499377, 2950709.035676513332874 ], [ 3250864.299462136812508, 2951734.415416323114187 ], [ 3252786.393061307258904, 2951909.994182356167585 ], [ 3260488.900760913267732, 2949649.86857280973345 ], [ 3262320.594437820836902, 2949745.057948270812631 ], [ 3268305.39254954084754, 2952177.146744766272604 ], [ 3270435.91570613021031, 2952003.44385187048465 ], [ 3273377.483364891260862, 2953709.018266366329044 ], [ 3279148.26977415708825, 2958095.09881733218208 ], [ 3282126.464194916188717, 2958705.560954166576266 ], [ 3284389.668702865485102, 2957792.70348840393126 ], [ 3285170.955409975256771, 2957701.45664099836722 ], [ 3286136.932077534962445, 2958219.729600658174604 ], [ 3287051.844842310529202, 2960147.641567079816014 ], [ 3290155.12603200878948, 2961232.386153426486999 ], [ 3295570.567331727128476, 2965887.276154242455959 ], [ 3301400.884115881752223, 2969270.13403243245557 ], [ 3303612.98903345502913, 2972001.482757441699505 ], [ 3304899.493057240732014, 2975288.952366507612169 ], [ 3308214.946962890680879, 2987966.334399715531617 ], [ 3310003.85495597217232, 2991295.171694062650204 ], [ 3310394.104689361527562, 2992440.366226457525045 ] ] } },
{ "type": "Feature", "properties": { "featurecla": "River", "scalerank": 8.0, "rivernum": 822.0, "name": "Trent", "name_en": "Trent", "strokeweig": 0.25 }, "geometry": { "type": "LineString", "coordinates": [ [ 3310394.104689361527562, 2992440.366226457525045 ], [ 3310379.749528882093728, 2993297.128520269412547 ], [ 3309864.898169260937721, 2996849.758153622969985 ], [ 3309636.306217465549707, 2997347.822368708904833 ], [ 3309258.648982439190149, 2997695.254626133944839 ], [ 3308976.415875357110053, 2998108.340608867816627 ], [ 3309034.791107180994004, 2998829.758663055952638 ], [ 3309487.806695143692195, 2999936.516342288348824 ], [ 3309660.244857127778232, 3000516.428113650530577 ], [ 3309677.064045595936477, 3001084.688135415315628 ], [ 3309113.827003571204841, 3003145.157673786859959 ], [ 3308642.033340524416417, 3004271.147545336280018 ], [ 3308626.088525203056633, 3005433.63530650222674 ], [ 3309433.466633846983314, 3007624.497182227205485 ], [ 3310637.942869105841964, 3009783.640543896704912 ], [ 3313210.858085275627673, 3013467.951000248547643 ], [ 3314189.14105318672955, 3015828.122482393402606 ], [ 3317027.702038147021085, 3028671.406091706827283 ], [ 3318639.823042238596827, 3031377.723066047765315 ] ] } },
{ "type": "Feature", "properties": { "featurecla": "River", "scalerank": 8.0, "rivernum": 863.0, "name": "Adige", "name_en": "Adige", "strokeweig": 0.15 }, "geometry": { "type": "LineString", "coordinates": [ [ 4052504.405538398772478, 2244367.222527085337788 ], [ 4050932.770193755626678, 2244678.088517033495009 ], [ 4049247.413182727992535, 2245624.129652060568333 ], [ 4047612.619044732768089, 2246213.840703442227095 ], [ 4046141.071801745798439, 2245444.60486261267215 ], [ 4044797.555484121665359, 2244403.597716768272221 ], [ 4041421.119744449388236, 2243594.05574437091127 ], [ 4039822.02578463498503, 2242788.772762668319046 ], [ 4039164.187139164656401, 2237942.163186223246157 ], [ 4039232.895307177212089, 2231886.748379569035023 ], [ 4039720.547526222653687, 2230931.273909648414701 ], [ 4042848.831469240132719, 2227074.133630860596895 ], [ 4045594.566651187837124, 2225341.119906543754041 ] ] } },
{ "type": "Feature", "properties": { "featurecla": "River", "scalerank": 8.0, "rivernum": 863.0, "name": "Adige", "name_en": "Adige", "strokeweig": 0.2 }, "geometry": { "type": "LineString", "coordinates": [ [ 4045594.566651187837124, 2225341.119906543754041 ], [ 4050476.848701257724315, 2223715.421174861025065 ], [ 4052905.025341629981995, 2223423.018632412422448 ], [ 4057699.662297595757991, 2223621.199141391087323 ], [ 4062665.557343862019479, 2223066.133024428971112 ], [ 4067421.676755608990788, 2223464.206101109273732 ], [ 4069026.844269375316799, 2223930.910434594377875 ], [ 4070512.209321340080351, 2224685.591225517913699 ], [ 4071710.041346355341375, 2225810.034194018691778 ], [ 4072500.552991203498095, 2226235.618578975088894 ], [ 4074119.779869134537876, 2225574.097085578832775 ], [ 4074767.428385751321912, 2225850.928275686688721 ], [ 4075291.787987378891557, 2226404.675706114154309 ], [ 4080288.220288317184895, 2229418.682954113464803 ], [ 4081798.817893385421485, 2229979.726163246668875 ], [ 4082823.150097197853029, 2229679.816218089312315 ], [ 4086254.394202018156648, 2225370.765679842792451 ], [ 4087217.960820003878325, 2223501.869486173149198 ], [ 4088393.570459778420627, 2219079.518574798479676 ], [ 4089304.30955711659044, 2217002.376643087249249 ], [ 4090677.959851968102157, 2216139.257774332538247 ], [ 4091428.204875685274601, 2215284.439998852089047 ], [ 4094576.543957707472146, 2210396.801344345323741 ], [ 4096655.115786150563508, 2208811.334371160250157 ], [ 4097165.038496919441968, 2208102.795608681626618 ], [ 4097124.059968050103635, 2207339.847929335664958 ], [ 4096964.097352642565966, 2206114.825640611350536 ], [ 4096984.033713229931891, 2204984.960402213502675 ], [ 4097501.366393927484751, 2204494.709842128213495 ], [ 4097614.33326525753364, 2203248.195183815434575 ], [ 4093873.534107645042241, 2189232.876917240209877 ], [ 4092561.266831589397043, 2186013.988422603346407 ], [ 4090958.359049415681511, 2183734.331590246874839 ], [ 4086884.03226076066494, 2180763.663064692169428 ], [ 4085644.63386561581865, 2179508.65899866912514 ], [ 4082387.636528734117746, 2173977.455144286155701 ], [ 4081633.425281584728509, 2173098.637640167959034 ], [ 4081180.923244847916067, 2172810.651326538063586 ], [ 4080947.426275514531881, 2172536.420727365650237 ], [ 4080896.85484113311395, 2171746.918084465432912 ], [ 4081023.031912353821099, 2170618.193619511090219 ], [ 4081362.833097372204065, 2169137.640434041619301 ], [ 4081795.158003910444677, 2167842.501857696101069 ], [ 4082993.567185890860856, 2166458.892768201418221 ], [ 4083564.306865587830544, 2164516.449495308101177 ], [ 4084123.626894020009786, 2160698.981928647495806 ], [ 4084136.048848631326109, 2158674.381206590682268 ], [ 4083945.78351981472224, 2156239.059610447380692 ], [ 4083544.095234837848693, 2154194.95623294217512 ], [ 4082952.134135060943663, 2153326.139660231769085 ], [ 4082231.242488846182823, 2150007.092209157533944 ], [ 4081849.585945840459317, 2149265.085518015082926 ], [ 4079177.026019599288702, 2148056.028752631507814 ] ] } },
{ "type": "Feature", "properties": { "featurecla": "River", "scalerank": 8.0, "rivernum": 863.0, "name": "Adige", "name_en": "Adige", "strokeweig": 0.25 }, "geometry": { "type": "LineString", "coordinates": [ [ 4079177.026019599288702, 2148056.028752631507814 ], [ 4078056.629482366610318, 2146817.255162339657545 ], [ 4075391.368345477152616, 2142488.303327173925936 ], [ 4074875.976399418897927, 2140382.532793652731925 ], [ 4075472.161454039160162, 2137886.68376540672034 ], [ 4076370.662954639643431, 2135379.175620680209249 ], [ 4076775.368922625668347, 2133241.036789374426007 ], [ 4076079.011976378504187, 2131145.590386018622667 ], [ 4074653.853192460723221, 2129529.639851735904813 ], [ 4071700.744339946657419, 2127220.762267913669348 ], [ 4069208.90447547705844, 2124074.709626270458102 ], [ 4067101.585378776770085, 2120613.354795021936297 ], [ 4067675.503749157302082, 2119820.551608603447676 ], [ 4064136.258934142068028, 2113220.175401538144797 ], [ 4063586.459796563722193, 2111880.012998929712921 ], [ 4063224.487492599990219, 2111223.429786507505924 ], [ 4062850.958653832320124, 2110929.81103709153831 ], [ 4062152.231027238536626, 2110637.853939278516918 ], [ 4062112.211677380371839, 2109916.517495539970696 ], [ 4062263.39244151301682, 2108949.983521302230656 ], [ 4062134.421000436879694, 2107917.17664501350373 ], [ 4060801.092285340186208, 2104750.449681748636067 ], [ 4060792.20343825686723, 2103184.793774857185781 ], [ 4061644.807232639752328, 2101352.240093051455915 ], [ 4062678.461334684863687, 2100592.742343380581588 ], [ 4065444.802015108987689, 2099842.874732993543148 ], [ 4066378.738984685391188, 2099130.236460875719786 ], [ 4067330.674150618724525, 2099404.734964483417571 ], [ 4070777.700526627711952, 2099684.05127912433818 ], [ 4071538.133561867754906, 2099567.403725055512041 ], [ 4072155.189356962684542, 2098512.222505439538509 ], [ 4073548.96274752728641, 2097272.501844413112849 ], [ 4076305.450475512538105, 2095577.803564393892884 ], [ 4076106.965648350305855, 2095188.264095703139901 ], [ 4075757.606934280600399, 2094170.368404957000166 ], [ 4077128.351026407908648, 2094202.213734569726512 ], [ 4077736.897740592248738, 2094413.252215253189206 ], [ 4078341.869911695364863, 2094876.941441959701478 ], [ 4078056.517230064142495, 2092749.228241677395999 ], [ 4078932.103978943545371, 2091114.032350115478039 ], [ 4081576.555359554942697, 2089028.005648082122207 ], [ 4081555.137951214797795, 2090501.503350721672177 ], [ 4090737.426357578951865, 2087976.381189526291564 ], [ 4095137.729714780114591, 2085575.144895036472008 ], [ 4095758.347200209274888, 2081829.655522645218298 ], [ 4096790.660660582594573, 2081847.341089844005182 ], [ 4096802.218096795026213, 2081176.327594872098416 ], [ 4096489.165534446481615, 2081018.275710110086948 ], [ 4095782.336656293831766, 2080421.831634484231472 ], [ 4095988.540204184595495, 2079877.841952056158334 ], [ 4096049.969816229306161, 2079544.593948755646124 ], [ 4095853.27855035988614, 2079093.750359987840056 ], [ 4095299.79719968046993, 2078202.523503643227741 ], [ 4097444.307192760054022, 2076707.248146260622889 ], [ 4097208.072615513578057, 2074886.799041034420952 ], [ 4098467.48235659301281, 2072413.094720295164734 ], [ 4101481.421147693414241, 2068275.468091595452279 ], [ 4102308.466200264170766, 2067432.157530139666051 ], [ 4105449.899743680842221, 2065733.998436469351873 ], [ 4106483.857213049195707, 2064639.737894603982568 ], [ 4107318.24003173597157, 2063478.649751434568316 ], [ 4108211.659448717720807, 2062561.026480338303372 ], [ 4110346.856648482847959, 2062023.144973044516519 ], [ 4112883.797208247706294, 2060993.802714730147272 ], [ 4113629.44015827216208, 2060442.659532378194854 ], [ 4114262.953799917828292, 2060463.355682603782043 ], [ 4117504.892309508752078, 2062365.232891496038064 ], [ 4119582.164610297419131, 2062501.059545796830207 ], [ 4122317.674047082662582, 2062191.096405816264451 ], [ 4125010.381850872654468, 2061473.359191272873431 ], [ 4126981.839390004519373, 2060358.78044810029678 ], [ 4129360.036765483673662, 2060736.708124436903745 ], [ 4131217.634075634181499, 2060719.049623851431534 ], [ 4133930.961142695508897, 2059531.985912564210594 ], [ 4135444.498732342850417, 2060502.961636653868482 ], [ 4137450.600628031417727, 2062816.148199988994747 ], [ 4140403.139622468501329, 2064021.213974781800061 ], [ 4158767.388162427581847, 2065430.242332525318488 ], [ 4161372.264284124597907, 2064924.850492871133611 ], [ 4167114.528808598406613, 2062102.972871865844354 ], [ 4170132.116231021471322, 2061600.606046187691391 ], [ 4172987.963946500327438, 2062985.940918852575123 ], [ 4174073.717191017232835, 2063814.756227016448975 ], [ 4174390.268526084721088, 2064430.302610035054386 ], [ 4174471.016543314792216, 2065675.917940950021148 ], [ 4177041.46761507820338, 2067863.0407003024593 ] ] } },
{ "type": "Feature", "properties": { "featurecla": "River", "scalerank": 8.0, "rivernum": 868.0, "name": "Haliacmon", "name_en": "Haliacmon", "strokeweig": 0.15 }, "geometry": { "type": "LineString", "coordinates": [ [ 4898294.990928584709764, 1611646.75772384298034 ], [ 4899401.181044835597277, 1615207.422998033696786 ], [ 4901164.732020186260343, 1618505.441708674654365 ], [ 4900856.235965436324477, 1619811.606783501803875 ], [ 4901321.395858161151409, 1620552.419882947579026 ], [ 4903381.13229697290808, 1622443.782060224330053 ], [ 4912182.493055507540703, 1617916.481639160541818 ], [ 4916581.237063760869205, 1617832.868693941971287 ], [ 4920222.251412921585143, 1621214.075085266726092 ], [ 4921597.043922368437052, 1624479.61650832160376 ] ] } },
{ "type": "Feature", "properties": { "featurecla": "River", "scalerank": 8.0, "rivernum": 868.0, "name": "Haliacmon", "name_en": "Haliacmon", "strokeweig": 0.2 }, "geometry": { "type": "LineString", "coordinates": [ [ 4921597.043922368437052, 1624479.61650832160376 ], [ 4923139.371327923610806, 1627792.461452931631356 ], [ 4924034.906638585031033, 1628977.275940404040739 ], [ 4925018.119380978867412, 1629530.295787282986566 ], [ 4929410.198709389194846, 1630878.682009305804968 ], [ 4929928.744042406789958, 1630387.999800778459758 ], [ 4930470.211942297406495, 1629185.518348318757489 ], [ 4931265.467673107050359, 1628016.547202191082761 ], [ 4932520.863686993718147, 1627598.66404081042856 ], [ 4932424.897306359373033, 1627099.820062231272459 ], [ 4932383.637509876862168, 1625815.94963509356603 ], [ 4932297.639556299895048, 1625305.177493556635454 ], [ 4933707.301056248135865, 1625037.488955425098538 ], [ 4934949.856851172633469, 1624574.922208848875016 ], [ 4936086.001523524522781, 1623924.015825863461941 ], [ 4937246.771943360567093, 1623061.853517992189154 ], [ 4937133.326300902292132, 1623797.586238004500046 ], [ 4937783.755229013040662, 1623445.973565227352083 ], [ 4939000.83785505220294, 1623020.510912233265117 ], [ 4939649.842338800430298, 1622679.594838490011171 ], [ 4939723.808359112590551, 1623132.240590653382242 ], [ 4939721.233651963993907, 1623228.693318089935929 ], [ 4939799.936575752682984, 1623251.622947355499491 ], [ 4940050.197801324538887, 1623494.787145051639527 ], [ 4940655.4867181815207, 1622692.541303812060505 ], [ 4941296.604422805830836, 1622138.00386745785363 ], [ 4941977.983756014145911, 1621802.297198090003803 ], [ 4942689.61390343401581, 1621643.539302051765844 ], [ 4942475.598838591948152, 1620768.193973041605204 ], [ 4942508.991864179261029, 1620154.516244171652943 ], [ 4943155.283655015751719, 1618640.252296175109223 ], [ 4943758.194141716696322, 1618733.766193324467167 ], [ 4944305.02572260517627, 1619268.013069518143311 ], [ 4944945.618006581440568, 1619039.211789757246152 ], [ 4945600.524339397437871, 1618400.967005853308365 ], [ 4946179.373276663012803, 1617670.195420757634565 ], [ 4946900.136968668550253, 1615737.011343948775902 ], [ 4955116.19700442161411, 1608392.928936910117045 ], [ 4954796.885951185598969, 1607877.11173915443942 ], [ 4954497.948096417821944, 1607151.810166307957843 ], [ 4954208.962343726307154, 1606810.397827690001577 ], [ 4954678.134670089930296, 1605658.822111515328288 ], [ 4955185.553780481219292, 1604922.481124185724184 ], [ 4955693.688345947302878, 1604840.561681182123721 ], [ 4956131.193182528018951, 1605603.848996117012575 ], [ 4956695.115873596630991, 1605692.327237696852535 ], [ 4957513.755499311722815, 1604684.546091231284663 ], [ 4958442.065599883906543, 1604162.594748872797936 ], [ 4959243.259440353140235, 1603399.928186850156635 ], [ 4959644.458903161808848, 1601637.18387041031383 ], [ 4959916.250419715419412, 1601957.337175347376615 ], [ 4960667.062495501711965, 1602487.592075830325484 ], [ 4961054.475428084842861, 1601732.601657435530797 ], [ 4961362.79805943928659, 1601296.409861299674958 ], [ 4962143.597242290154099, 1600458.001379240304232 ], [ 4962490.909281069412827, 1598255.692738473415375 ], [ 4961336.760258251801133, 1598052.243811200372875 ], [ 4960664.891445726156235, 1597515.515714083332568 ], [ 4960581.916159655898809, 1596729.449497606838122 ], [ 4961144.600698005408049, 1595781.018642051378265 ], [ 4960321.347034269012511, 1595705.348969332175329 ], [ 4959644.012241617776453, 1595464.183397809742019 ], [ 4958435.833874923177063, 1594601.081188216106966 ], [ 4959232.164263194426894, 1593742.999159465078264 ], [ 4959816.427695592865348, 1592603.826237455476075 ], [ 4960574.296136536635458, 1591650.861708367243409 ], [ 4961838.929303413257003, 1591370.320177413290367 ], [ 4961964.728012586943805, 1590571.188225933816284 ], [ 4961399.406435118988156, 1590482.222554701846093 ], [ 4961505.2819699132815, 1589809.246597640449181 ], [ 4963248.863288505002856, 1588672.119996335357428 ], [ 4964593.992327854968607, 1587151.835832891054451 ], [ 4965521.109284576959908, 1585344.716317581012845 ], [ 4966057.028045173734426, 1583341.048015830339864 ], [ 4967111.046690579503775, 1581836.822632435010746 ], [ 4971035.800565224140882, 1579776.679665039759129 ], [ 4972137.176001666113734, 1577854.482606360688806 ], [ 4972508.05978696141392, 1577948.414225215557963 ], [ 4972604.782397487200797, 1578044.640126643935218 ], [ 4972583.513012144714594, 1578256.898293687729165 ], [ 4972586.729360496625304, 1578680.592792 ], [ 4973524.960865660570562, 1578258.255498626735061 ], [ 4974043.315825248137116, 1578650.679926664801314 ], [ 4974511.389917321503162, 1579358.61775139067322 ], [ 4975301.437961324118078, 1579867.202727727359161 ], [ 4975794.255932375788689, 1579846.002600806532428 ], [ 4977158.342064596712589, 1579537.931403816211969 ], [ 4978007.771704722195864, 1579544.177081037545577 ], [ 4979532.35991814173758, 1579998.214954995317385 ], [ 4981225.72140683606267, 1580822.102751913014799 ], [ 4982773.271123373880982, 1581906.181803494924679 ], [ 4984271.043947243131697, 1583503.052675407612696 ], [ 4984717.002115611918271, 1583566.728292175102979 ], [ 4985186.92071373667568, 1583790.671430141432211 ], [ 4985655.35163875669241, 1584615.654078004183248 ], [ 4986122.259439366869628, 1585963.476965386420488 ], [ 4986163.819983528926969, 1586477.039769424591213 ], [ 4985943.555113381706178, 1586891.757756574545056 ], [ 4985159.481606656685472, 1589312.990168956574053 ], [ 4983609.241406506858766, 1591529.821331362007186 ], [ 4983123.962879234924912, 1592872.236651231301948 ], [ 4983203.702108087018132, 1594820.361110322410241 ], [ 4984109.140565349720418, 1595572.672649530461058 ], [ 4985390.708652260713279, 1595968.048779535340145 ], [ 4986638.195146687328815, 1596829.919116982026026 ], [ 4986751.134566253982484, 1597462.744666717713699 ], [ 4986753.959078542888165, 1599441.634118057787418 ], [ 4986928.757377015426755, 1599895.769720061682165 ], [ 4987576.556451695971191, 1600162.310448907315731 ], [ 4987976.390939671546221, 1600631.352638128213584 ], [ 4988289.76169422082603, 1601199.624664979055524 ], [ 4989876.24285826832056, 1603149.60005377791822 ], [ 4990403.304082785733044, 1604157.006243504816666 ], [ 4991760.545679866336286, 1608725.234357477165759 ], [ 4992377.000874675810337, 1609938.749125465285033 ], [ 4993283.519887530244887, 1610967.850214516045526 ], [ 4994620.002490825951099, 1611765.457898389780894 ], [ 4994008.352981930598617, 1611665.589030585251749 ], [ 4998669.942212134599686, 1616619.772934848209843 ], [ 4999239.276306519284844, 1617050.165692650247365 ], [ 4999928.44863856676966, 1617379.02258178521879 ], [ 5000676.452506284229457, 1618027.619877573102713 ], [ 5001272.518751311115921, 1618745.655870856251568 ], [ 5001470.475496381521225, 1619298.466538034379482 ], [ 5001877.370425775647163, 1619635.024700513575226 ], [ 5003956.228634254075587, 1620495.401139340829104 ], [ 5004611.952373911626637, 1620948.735123749356717 ], [ 5004766.006313718855381, 1621640.001465300098062 ], [ 5004974.09749910980463, 1624000.633907576091588 ], [ 5005182.856211576610804, 1624808.754066223278642 ], [ 5007389.702076153829694, 1626427.654743182007223 ], [ 5007671.158900528214872, 1627142.825486750574782 ], [ 5007890.55906608980149, 1628877.378780735423788 ], [ 5008853.880298549309373, 1630201.788779600523412 ], [ 5010001.450409774668515, 1631357.580512121319771 ], [ 5010805.036336020566523, 1632596.500013645738363 ], [ 5011315.663551510311663, 1636455.139161999803036 ], [ 5012314.26426334772259, 1639478.755058206617832 ], [ 5012700.470055116340518, 1641233.155624682549387 ], [ 5015054.224829852581024, 1645365.243410312803462 ], [ 5016150.376385383307934, 1646384.580678128404543 ], [ 5018799.508799335919321, 1648293.314826915273443 ], [ 5019833.938459441997111, 1649599.551478714914992 ], [ 5020195.564921166747808, 1650576.907712232787162 ], [ 5020302.669786927290261, 1651160.975175608647987 ], [ 5020675.143098336644471, 1651512.19528007437475 ], [ 5022420.420486961491406, 1652011.749045837437734 ], [ 5023205.782829406671226, 1652473.381220170529559 ], [ 5023995.502010620199144, 1653078.72835469734855 ], [ 5024619.449408878572285, 1653763.930026937043294 ], [ 5025498.454986192286015, 1655004.608118858886883 ], [ 5026318.604420859366655, 1655863.475122706498951 ], [ 5027511.047549162991345, 1656464.97892002388835 ], [ 5029540.056618170812726, 1656931.525112218922004 ], [ 5031473.417011233977973, 1656681.528773460537195 ], [ 5033075.232058623805642, 1655607.044956343015656 ], [ 5034565.534659557975829, 1654346.590058622183278 ], [ 5036212.85210929159075, 1653541.981260250788182 ], [ 5037947.983876799233258, 1653691.212085654260591 ], [ 5039713.835772187449038, 1654188.710160795832053 ], [ 5041202.854911557398736, 1654142.859614687506109 ], [ 5042830.192101248539984, 1651505.032075858674943 ], [ 5046008.817354892380536, 1648476.910852580796927 ], [ 5046992.356040524318814, 1647791.789791694376618 ] ] } },
{ "type": "Feature", "properties": { "featurecla": "River", "scalerank": 8.0, "rivernum": 869.0, "name": "Doubs", "name_en": "Doubs", "strokeweig": 0.15 }, "geometry": { "type": "LineString", "coordinates": [ [ 3714797.069297440815717, 2232219.924926259554923 ], [ 3714407.074049840681255, 2234466.126576409675181 ], [ 3714724.355930229648948, 2236380.69372743787244 ], [ 3716066.019054843112826, 2237810.434694992378354 ], [ 3717786.818102118559182, 2238886.733414595481008 ], [ 3720645.476728314068168, 2241141.631734891794622 ], [ 3723347.978390662465245, 2242574.503929600119591 ], [ 3725468.795096634421498, 2244116.761443901341408 ], [ 3725698.524132387246937, 2245594.051446438767016 ], [ 3725653.915697888936847, 2247437.591534649021924 ], [ 3726510.748375391121954, 2248096.868485793005675 ], [ 3729755.52448244811967, 2251609.560016028117388 ], [ 3729937.637627646327019, 2253462.697559773456305 ], [ 3730718.270441170781851, 2254507.667786414269358 ], [ 3731707.363482575397938, 2255176.871338605880737 ], [ 3732492.653112620580941, 2255887.805859114974737 ], [ 3731493.522809762973338, 2259981.940309648402035 ], [ 3731325.127317941281945, 2262191.518120029941201 ], [ 3731879.693047432694584, 2263939.328542878385633 ], [ 3732415.958518447820097, 2263492.134155040141195 ], [ 3733008.31674023764208, 2263305.227100140415132 ], [ 3733641.669250353705138, 2263366.213138849008828 ], [ 3734314.262177086435258, 2263640.999757101759315 ] ] } },
{ "type": "Feature", "properties": { "featurecla": "River", "scalerank": 8.0, "rivernum": 869.0, "name": "Doubs", "name_en": "Doubs", "strokeweig": 0.2 }, "geometry": { "type": "LineString", "coordinates": [ [ 3734314.262177086435258, 2263640.999757101759315 ], [ 3736744.945299542509019, 2265713.351427039597183 ], [ 3741437.474151652306318, 2271265.211372399237007 ], [ 3743125.473827912006527, 2272357.820447833742946 ], [ 3746641.242808289825916, 2272192.613698388449848 ], [ 3747543.40880164410919, 2272418.777746595442295 ], [ 3750228.841693126130849, 2274135.022302820812911 ], [ 3750505.951252152677625, 2274143.309991106856614 ], [ 3751252.700411666184664, 2273969.686545470263809 ], [ 3751623.901158419437706, 2273992.124236543662846 ], [ 3752102.715523661579937, 2274246.295080520678312 ], [ 3753017.166956210508943, 2274993.341091754380614 ], [ 3753528.703146673738956, 2275180.411203661933541 ], [ 3753457.780216353014112, 2275596.401873994152993 ], [ 3753814.115174402482808, 2276560.868038718122989 ], [ 3754602.28506124438718, 2278102.576828692108393 ], [ 3755216.093536996748298, 2278574.346975040156394 ], [ 3755947.763563731685281, 2278875.248686974868178 ], [ 3757374.859050320461392, 2279074.101030804682523 ], [ 3759953.33587849792093, 2278685.936887654475868 ], [ 3761034.691811580210924, 2279190.235839451663196 ], [ 3761014.998248751275241, 2281023.396432133857161 ], [ 3763251.368594701867551, 2281695.481495221611112 ], [ 3768251.120070595294237, 2285926.965773180127144 ], [ 3769744.728880063630641, 2288171.06864843936637 ], [ 3771965.28502926370129, 2290269.155066702514887 ], [ 3777092.988535870332271, 2293708.741305207367986 ], [ 3776899.500130220782012, 2296392.197906040586531 ], [ 3777454.585249867290258, 2298576.926353899762034 ], [ 3778887.092419724911451, 2299937.254683841019869 ], [ 3781309.099205902777612, 2300154.009686916600913 ], [ 3781973.895929565653205, 2300416.209331027232111 ], [ 3782763.756338336504996, 2301212.18102855142206 ], [ 3783413.139409501571208, 2301540.864696231670678 ], [ 3783773.732487462926656, 2301442.320780751295388 ], [ 3784189.550360132474452, 2301115.595126842148602 ], [ 3784706.701392035931349, 2300819.024776554200798 ], [ 3785384.748069790191948, 2300792.037280308548361 ], [ 3790448.690876458771527, 2302800.497993038967252 ], [ 3792213.25153152924031, 2304090.810496518388391 ], [ 3793114.279369610827416, 2305233.384758611209691 ], [ 3793093.364605683367699, 2306364.066026431508362 ], [ 3788320.609764987137169, 2305747.768459067679942 ], [ 3786925.870828990358859, 2305242.954957022797316 ], [ 3786297.712635626550764, 2305162.684221616946161 ], [ 3784283.057604273315519, 2305242.845170964021236 ], [ 3779768.457594535779208, 2304626.327546610031277 ], [ 3774775.953774604015052, 2304832.374116444028914 ], [ 3773381.004336160141975, 2304620.083287687972188 ], [ 3771099.438305047340691, 2303638.847875827923417 ], [ 3770455.185693420935422, 2303613.644174251239747 ], [ 3769686.989469434600323, 2303028.75024899141863 ], [ 3768473.598924480844289, 2302817.835066479630768 ], [ 3765936.369270128663629, 2303071.798419842962176 ], [ 3764529.536037017125636, 2303592.927064078394324 ], [ 3763676.674970328807831, 2304274.12660222267732 ], [ 3763221.348856445401907, 2305135.129642003681511 ], [ 3763025.876993869431317, 2306134.562829331029207 ], [ 3763087.698375590145588, 2306972.883711199276149 ], [ 3763415.216129304841161, 2308088.640407826751471 ], [ 3763986.283916254527867, 2309306.747018510475755 ], [ 3764758.103319961111993, 2310468.821088135242462 ], [ 3764486.784802174195647, 2311610.758075041230768 ], [ 3764910.909122704062611, 2312498.933047191705555 ], [ 3765545.835570638533682, 2313561.915592481382191 ], [ 3766346.98632608121261, 2316817.365665181074291 ], [ 3767206.118369610048831, 2316735.479056775569916 ], [ 3768271.377447680570185, 2316224.38698642142117 ], [ 3769282.365637791808695, 2316522.606918750796467 ], [ 3769926.318419849034399, 2317827.390875308774412 ], [ 3769827.384495864622295, 2319014.156522325240076 ], [ 3769173.783519683871418, 2319975.034595529548824 ], [ 3768192.864495813380927, 2320608.467014166060835 ], [ 3767145.448101045098156, 2320687.85458046477288 ], [ 3766228.947578432969749, 2320254.573128244839609 ], [ 3765391.239466752391309, 2319670.839799495879561 ], [ 3764601.535354179795831, 2319292.735039080493152 ], [ 3761151.826886419672519, 2319444.722906078677624 ], [ 3760609.156146089546382, 2319100.907092402689159 ], [ 3760121.438298240769655, 2318552.331191903911531 ], [ 3759020.478403183165938, 2318002.299336881376803 ], [ 3755575.081411101389676, 2317093.213285533711314 ], [ 3753889.654469164088368, 2315553.611230434849858 ], [ 3752920.327352763619274, 2315414.011989823076874 ], [ 3752396.416469831950963, 2316042.581196636892855 ], [ 3751896.198193558491766, 2317182.629411729983985 ], [ 3751367.765489120967686, 2318092.739223905839026 ], [ 3750814.694461489096284, 2318081.515495303086936 ], [ 3749469.761061134748161, 2316375.064117766916752 ], [ 3748796.954029833432287, 2316629.819112986326218 ], [ 3748114.148792203515768, 2316517.154407801106572 ], [ 3747480.735400839243084, 2316165.701537104789168 ], [ 3746941.337989915162325, 2315691.620247515384108 ], [ 3748100.432113782502711, 2315080.059908374212682 ], [ 3748687.116842301096767, 2314887.065334610175341 ], [ 3749398.381307014264166, 2314840.785842879675329 ], [ 3749364.216340687591583, 2314106.424030585214496 ], [ 3748120.116793896537274, 2313975.200344710145146 ], [ 3746880.819794159382582, 2313644.270827214233577 ], [ 3745727.808665589429438, 2313028.294362646527588 ], [ 3744735.810122608207166, 2312050.06477347202599 ], [ 3744857.153811049647629, 2311597.464246205985546 ], [ 3745050.64735861402005, 2310405.452859916258603 ], [ 3745182.754524927586317, 2309952.34832399757579 ], [ 3743704.904028430581093, 2309509.81749114766717 ], [ 3739889.421076237689704, 2309403.373725794255733 ], [ 3738874.009564652573317, 2309084.427871196530759 ], [ 3738225.753142226953059, 2308458.665024565998465 ], [ 3737488.673398874700069, 2308139.604919750709087 ], [ 3735848.748962479177862, 2308061.945335137657821 ], [ 3735473.015524690505117, 2307830.619087053462863 ], [ 3733409.476699606515467, 2306052.535146223381162 ], [ 3732349.679760937113315, 2306302.178068397101015 ], [ 3730472.03493388928473, 2305917.173290497157723 ], [ 3728684.182897824794054, 2305191.767046661581844 ], [ 3727878.141827716026455, 2304448.878621383570135 ], [ 3726986.754881746135652, 2303436.977891385555267 ], [ 3722874.712223800830543, 2301706.110822457354516 ], [ 3717841.852519219275564, 2301243.664837124757469 ], [ 3716148.804556368850172, 2300688.166316161863506 ], [ 3714530.379420039243996, 2299655.91041728714481 ], [ 3714133.580188180319965, 2299598.007615122012794 ], [ 3713657.263736006338149, 2299728.419017513282597 ], [ 3713253.924768166616559, 2299749.815051734913141 ], [ 3713063.879852959886193, 2299339.169949730392545 ], [ 3712992.683497945778072, 2298335.806885432917625 ], [ 3712860.910865599755198, 2297877.361868366599083 ], [ 3712147.040758668445051, 2297113.293832155875862 ], [ 3711185.834640489891171, 2296349.366063534747809 ], [ 3710344.40161683736369, 2296354.946686358656734 ], [ 3708379.337844002060592, 2296978.680567509494722 ], [ 3708692.174129095394164, 2296470.040132659021765 ], [ 3709031.899601010605693, 2295794.294929252006114 ], [ 3709311.454109710175544, 2295463.680295358411968 ], [ 3703058.798654170241207, 2292055.785129045136273 ], [ 3703822.312662456650287, 2292053.377032340038568 ], [ 3704059.649299126118422, 2292000.937370987609029 ], [ 3704023.06847615307197, 2291332.285869703162462 ], [ 3701661.491192158311605, 2290252.157809057272971 ], [ 3700668.193485691212118, 2290320.164253316354007 ], [ 3699475.867006183601916, 2291582.97255640802905 ], [ 3698977.452071722131222, 2290874.23815950145945 ], [ 3699934.17544440831989, 2290018.898463836405426 ], [ 3699893.464144495781511, 2289284.709132137242705 ], [ 3699247.458384500350803, 2288762.967211917042732 ], [ 3699026.407095024362206, 2288207.127755374647677 ], [ 3698911.693873724434525, 2287563.839830794837326 ], [ 3698498.688506219070405, 2286784.596111022867262 ], [ 3697922.900622541084886, 2286435.296847087331116 ], [ 3696581.099004756659269, 2286510.316570583730936 ], [ 3695129.336149871814996, 2285715.945171458646655 ], [ 3695564.085937890224159, 2288658.513596356380731 ], [ 3695172.889892505481839, 2289548.533319741953164 ], [ 3691609.551960851997137, 2289974.001451924908906 ], [ 3690398.908647323492914, 2289819.543337916024029 ], [ 3686907.501286440063268, 2287763.402108293492347 ], [ 3686181.154901020694524, 2287121.500749821309 ], [ 3685723.209274758119136, 2287148.063232009299099 ], [ 3685160.607146047521383, 2288090.948324048891664 ], [ 3683801.626479405909777, 2288359.565385589841753 ], [ 3678477.740676398854703, 2287678.731734581757337 ], [ 3676138.093737646471709, 2286976.300514246337116 ], [ 3675007.019954413641244, 2286078.511812419630587 ], [ 3673311.364315542392433, 2283746.825411355588585 ], [ 3672319.550528572872281, 2282793.746961104683578 ], [ 3671135.188851439394057, 2282641.85055011510849 ], [ 3669600.278056195471436, 2282695.754209411330521 ], [ 3668508.774191811215132, 2282301.950428292620927 ], [ 3668686.813794037792832, 2280804.402958183083683 ], [ 3668061.717653112486005, 2280166.40229019895196 ], [ 3666363.01254405034706, 2278973.415063341613859 ], [ 3665739.83048800053075, 2278782.862662703730166 ], [ 3665864.333386517129838, 2278643.619394636712968 ], [ 3665859.960484929382801, 2278280.754522205330431 ], [ 3665756.786647498607635, 2277773.985462368931621 ], [ 3665568.281319908797741, 2277167.217869970016181 ] ] } },
{ "type": "Feature", "properties": { "featurecla": "River", "scalerank": 8.0, "rivernum": 869.0, "name": "Doubs", "name_en": "Doubs", "strokeweig": 0.25 }, "geometry": { "type": "LineString", "coordinates": [ [ 3665568.281319908797741, 2277167.217869970016181 ], [ 3665302.846072988584638, 2276538.882287279237062 ], [ 3664996.278729832731187, 2275944.669969972223043 ], [ 3664642.512182204052806, 2275461.276611658744514 ], [ 3664261.588200758211315, 2275121.683084378018975 ], [ 3664769.385295193176717, 2274427.14518331643194 ], [ 3662940.820392646826804, 2274545.669838650617748 ], [ 3661014.348958960734308, 2274134.072389546316117 ], [ 3659857.852524084970355, 2272627.408314685337245 ], [ 3660381.088865953497589, 2269476.04115043208003 ], [ 3659591.606128477491438, 2268780.658996552228928 ], [ 3658943.467888284474611, 2266205.242366831284016 ], [ 3658058.643902726005763, 2265208.06666436418891 ], [ 3657381.024375995155424, 2265900.823578227777034 ], [ 3656622.551717075053602, 2266167.138825385365635 ], [ 3655847.368738696910441, 2265997.712276307400316 ], [ 3655087.954690251033753, 2265395.739961548708379 ], [ 3653569.207673862576485, 2266747.809547535143793 ], [ 3651182.506578158121556, 2267203.168586809188128 ], [ 3648723.189736788161099, 2266698.274697124492377 ], [ 3647001.634805846959352, 2265177.810324848629534 ], [ 3646908.146708494052291, 2266070.96293270913884 ], [ 3646640.353522081393749, 2266667.467809587717056 ], [ 3646224.741802195087075, 2267097.245623387396336 ], [ 3645636.505369861610234, 2267477.770119180902839 ], [ 3644495.077075057663023, 2266952.154532056767493 ], [ 3644095.257619063835591, 2266904.61829354101792 ], [ 3643795.737805758602917, 2267176.948655274230987 ], [ 3643449.997476368676871, 2267678.71250104624778 ], [ 3643193.736345058307052, 2268169.358931173570454 ], [ 3643182.031548642087728, 2268375.451266970019788 ], [ 3641508.157156982459128, 2268417.200244294479489 ], [ 3640324.537399623077363, 2267858.376467201858759 ], [ 3637198.341149681247771, 2264622.782613533549011 ], [ 3636148.850705788005143, 2264200.607838116586208 ], [ 3635063.288052763789892, 2264265.462908554356545 ], [ 3632556.256769289262593, 2264818.700666994787753 ], [ 3631088.773600982036442, 2264891.754128056112677 ], [ 3629541.903169773519039, 2264541.452307031489909 ], [ 3628123.903677632566541, 2263492.921979014296085 ], [ 3628963.520063023082912, 2261776.805565759073943 ], [ 3628571.000971732195467, 2259570.797723854426295 ], [ 3627454.835006003733724, 2257514.285961530171335 ] ] } },
{ "type": "Feature", "properties": { "featurecla": "River", "scalerank": 8.0, "rivernum": 870.0, "name": "Severn", "name_en": "Severn", "strokeweig": 0.15 }, "geometry": { "type": "LineString", "coordinates": [ [ 3107545.299978924915195, 2939769.784840052481741 ], [ 3109205.012677415274084, 2938997.100494508631527 ], [ 3110296.151093736756593, 2938125.66802984662354 ], [ 3110795.14874023757875, 2935789.885434912517667 ], [ 3111700.731197475455701, 2934179.416142007801682 ], [ 3113149.5631377059035, 2932655.054758044891059 ], [ 3114675.985783242154866, 2931543.981249428819865 ], [ 3115753.228235580958426, 2931146.650695296004415 ], [ 3117694.686129977926612, 2929498.120864355005324 ], [ 3119176.748390783555806, 2929224.332647291943431 ], [ 3120666.281822768040001, 2929256.525124125182629 ], [ 3122105.052057373337448, 2930112.36915874062106 ], [ 3122836.30943978112191, 2931146.627626813482493 ], [ 3123940.367752562277019, 2933564.041076579131186 ], [ 3124570.333443928044289, 2934609.05510877026245 ], [ 3125433.977523586712778, 2935376.41859477199614 ], [ 3126372.515342890284956, 2935772.620803082827479 ], [ 3128236.661418547853827, 2935892.836246448569 ], [ 3134116.190511093009263, 2934586.300065190531313 ], [ 3136180.553776335436851, 2935043.953238645102829 ], [ 3137709.609290260821581, 2935961.961636472959071 ], [ 3140634.761121238116175, 2938567.198618431575596 ], [ 3143561.982544932514429, 2942013.388316077645868 ], [ 3151092.619526136200875, 2953449.165360439568758 ], [ 3152450.771492366679013, 2954673.046606918796897 ] ] } },
{ "type": "Feature", "properties": { "featurecla": "River", "scalerank": 8.0, "rivernum": 870.0, "name": "Severn", "name_en": "Severn", "strokeweig": 0.2 }, "geometry": { "type": "LineString", "coordinates": [ [ 3152450.771492366679013, 2954673.046606918796897 ], [ 3152974.846394678577781, 2954952.791617192793638 ], [ 3153234.050985180772841, 2955045.19281809264794 ], [ 3153485.870229207444936, 2955096.262148055713624 ], [ 3154371.78026769682765, 2955010.332441394682974 ], [ 3158007.712319923564792, 2953710.848271918483078 ], [ 3160725.212197453714907, 2953251.034300457686186 ], [ 3161622.678043697029352, 2952836.600749653764069 ], [ 3163298.314134916290641, 2951696.164943148847669 ], [ 3164170.667222851887345, 2951284.051200746558607 ], [ 3165480.905747819691896, 2951245.574104622006416 ], [ 3168207.046256099827588, 2951939.970059818122536 ], [ 3169516.428209098055959, 2951844.075375211425126 ], [ 3169555.856996607035398, 2951496.098140649031848 ], [ 3169289.718258151784539, 2950066.388605489395559 ], [ 3169333.968997679185122, 2949597.66466921614483 ], [ 3169967.926406096667051, 2949207.10391644295305 ], [ 3172142.608276824466884, 2949152.83621473563835 ], [ 3173179.192455489188433, 2948620.692139966413379 ], [ 3173560.824811743572354, 2948061.435216939076781 ], [ 3173678.177045930176973, 2947321.700807124376297 ], [ 3173936.947768551297486, 2946277.678124930243939 ], [ 3176275.754168797750026, 2941370.121633873786777 ], [ 3177846.910055105574429, 2939212.703100005630404 ], [ 3179398.939287751913071, 2938233.901557860895991 ], [ 3185599.846065475605428, 2938740.806378620211035 ], [ 3187546.558593465015292, 2937716.056458974722773 ], [ 3188442.525422063656151, 2936186.827566377352923 ], [ 3188854.791167678311467, 2934058.603047369513661 ], [ 3189006.460201473440975, 2929267.342576487921178 ], [ 3188914.872280200943351, 2928098.239357594400644 ], [ 3188522.052859508898109, 2925729.132125150412321 ], [ 3188515.799550520256162, 2924545.561669064220041 ], [ 3190796.048904628958553, 2914118.823792840354145 ], [ 3192017.8283521970734, 2910463.327592479065061 ], [ 3194095.360832463484257, 2906262.861953817307949 ], [ 3194823.473126033321023, 2903806.938550573308021 ], [ 3195310.826944118365645, 2902573.045331509783864 ], [ 3195442.05318200821057, 2901566.562942103482783 ], [ 3195373.835654131136835, 2900926.117506361100823 ], [ 3195019.896005378104746, 2899242.675240568351001 ], [ 3194950.738090352620929, 2898362.933970905840397 ], [ 3195096.015435854438692, 2896853.942818987183273 ], [ 3195595.79092391114682, 2894037.866905635688454 ], [ 3195701.711635743733495, 2892298.824043387081474 ], [ 3195425.603656957391649, 2889064.716798377223313 ], [ 3195454.820468847174197, 2888261.726249600294977 ], [ 3195648.546824489720166, 2886779.483234628103673 ], [ 3195681.117618543561548, 2885975.962125421967357 ] ] } },
{ "type": "Feature", "properties": { "featurecla": "River", "scalerank": 8.0, "rivernum": 870.0, "name": "Severn", "name_en": "Severn", "strokeweig": 0.25 }, "geometry": { "type": "LineString", "coordinates": [ [ 3195681.117618543561548, 2885975.962125421967357 ], [ 3195411.930296554230154, 2883972.539968482684344 ], [ 3194298.261110961437225, 2880216.159461425151676 ], [ 3193950.289791226852685, 2878457.397915377281606 ], [ 3194036.499367386568338, 2877051.72703692317009 ], [ 3195535.612947731278837, 2868795.257770703639835 ], [ 3196024.158401114866138, 2867352.184399365913123 ], [ 3197237.556499414145947, 2865288.845187402796 ], [ 3197319.576075477991253, 2865110.340914207976311 ], [ 3191866.24883548496291, 2859395.368229690473527 ], [ 3189400.857577309012413, 2857732.660122860688716 ], [ 3188705.956380488816649, 2856923.304143437184393 ], [ 3188835.235296786762774, 2855159.349529051221907 ], [ 3188767.480157098267227, 2854577.51430456340313 ], [ 3188410.310347283259034, 2853919.108676828909665 ], [ 3187927.360150846652687, 2853316.364589303731918 ], [ 3185725.225263021886349, 2851225.071763074025512 ], [ 3185151.104116480331868, 2851161.880828811321408 ], [ 3184597.332637259736657, 2851494.370586388744414 ], [ 3183458.508007579948753, 2851659.371472809463739 ], [ 3182543.335429392755032, 2851313.382628951687366 ], [ 3182027.012230282183737, 2850596.971833769697696 ], [ 3181628.235478150192648, 2849639.946510931011289 ], [ 3181096.46704570017755, 2848598.958119477611035 ], [ 3180314.786388484761119, 2847719.921757146716118 ], [ 3178604.16158884158358, 2846266.38091273792088 ], [ 3177933.481774315237999, 2845209.189360671211034 ] ] } },
{ "type": "Feature", "properties": { "featurecla": "River", "scalerank": 8.0, "rivernum": 871.0, "name": "Mureș", "name_en": "Mureș", "strokeweig": 0.15 }, "geometry": { "type": "LineString", "coordinates": [ [ 5153180.616876824758947, 2346230.375607386231422 ], [ 5150972.202955367043614, 2345825.169550562277436 ], [ 5148854.577521865256131, 2345773.598794882651418 ], [ 5145990.68100474961102, 2346616.389857662841678 ], [ 5141075.012252269312739, 2347460.669864889234304 ], [ 5139251.593542662449181, 2348208.648329574149102 ], [ 5137453.555099595338106, 2349223.047901124227792 ], [ 5135853.43033597804606, 2350666.64563189772889 ], [ 5134664.340033267624676, 2352718.713369643781334 ], [ 5134219.978565373457968, 2354848.19821241684258 ], [ 5134445.112240944989026, 2359090.995245563797653 ], [ 5134334.474241506308317, 2361296.599223038181663 ], [ 5132939.588041356764734, 2365955.239381934981793 ], [ 5130711.959826656617224, 2368919.830078833736479 ], [ 5127890.448891222476959, 2370596.479971553198993 ], [ 5124749.566131303086877, 2371390.642507393378764 ] ] } },
{ "type": "Feature", "properties": { "featurecla": "River", "scalerank": 8.0, "rivernum": 871.0, "name": "Mureș", "name_en": "Mureș", "strokeweig": 0.2 }, "geometry": { "type": "LineString", "coordinates": [ [ 5124749.566131303086877, 2371390.642507393378764 ], [ 5109882.104460390284657, 2373606.115384748205543 ], [ 5108282.825487742200494, 2373348.326295610051602 ], [ 5103901.087011217139661, 2371808.404460811521858 ], [ 5102040.388995787128806, 2371624.509460450615734 ], [ 5096793.075005348771811, 2372767.990732608363032 ], [ 5093760.514884744770825, 2372166.15075387340039 ], [ 5090983.410596165806055, 2370100.91124869370833 ], [ 5086394.17964968085289, 2364378.983129603788257 ], [ 5085257.603562883101404, 2362472.444649022072554 ], [ 5084403.696500860154629, 2360436.056025182828307 ], [ 5082624.084747420623899, 2353436.073329138103873 ], [ 5079903.224372033029795, 2347504.558693979401141 ], [ 5076161.17839313019067, 2330137.119276759214699 ], [ 5072855.224596354179084, 2321357.149803680367768 ], [ 5067435.271922871470451, 2314337.287550786044449 ], [ 5060871.572071185335517, 2309406.365002385806292 ], [ 5054156.80641114898026, 2306884.620535242836922 ], [ 5052448.706394440494478, 2306971.491328683681786 ], [ 5049235.641441953368485, 2308120.615174727980047 ], [ 5046213.738506849855185, 2308122.521002683788538 ], [ 5045808.210557804442942, 2307963.564622526522726 ], [ 5045258.054111244156957, 2307329.582336664199829 ], [ 5044869.102080608718097, 2306416.390336294192821 ], [ 5044778.012167507782578, 2304747.167097977362573 ], [ 5044571.625206000171602, 2304284.283460105303675 ], [ 5043459.569728263653815, 2303855.038572143297642 ], [ 5043274.240461010485888, 2304488.379051586147398 ], [ 5043278.316097349859774, 2305519.678409629035741 ], [ 5042725.028456177562475, 2306277.270732171367854 ], [ 5041417.513253930956125, 2306479.728463509120047 ], [ 5040799.243638603948057, 2306004.455582295078784 ], [ 5040397.289775763638318, 2305212.342367579229176 ], [ 5039789.597871830686927, 2304431.48765755398199 ], [ 5039214.350892462767661, 2302808.59897166211158 ], [ 5039018.811653001233935, 2302382.904237399809062 ], [ 5038716.703212472610176, 2302453.232843167614192 ], [ 5037844.352470768615603, 2303334.521326124668121 ], [ 5037461.858282689005136, 2303400.153751112055033 ], [ 5036869.199126815423369, 2302692.199855174403638 ], [ 5035765.610926611348987, 2300674.094733426813036 ], [ 5035106.883492220193148, 2299825.310400783084333 ], [ 5018159.576942948624492, 2289010.086772001348436 ], [ 5017655.739760064519942, 2288046.167893108446151 ], [ 5018219.286162340082228, 2287274.932206745725125 ], [ 5019164.313700341619551, 2286524.691305356100202 ], [ 5019796.396480472758412, 2285627.35752855008468 ], [ 5019876.42566155269742, 2283430.531468086875975 ], [ 5018576.031234163790941, 2279500.42753432970494 ], [ 5018381.635942098684609, 2277276.146562634035945 ], [ 5018649.679191585630178, 2276639.113857692107558 ], [ 5019160.881466241553426, 2276288.468629862647504 ], [ 5019841.202551322057843, 2276025.812332639936358 ], [ 5019886.19317630212754, 2273514.689823599997908 ], [ 5019295.024307766929269, 2266569.750869700685143 ], [ 5019349.609875404275954, 2265683.942182002589107 ], [ 5019311.928340663202107, 2264794.200986213050783 ], [ 5018979.861927752383053, 2263688.798342834226787 ], [ 5018382.190250351093709, 2262769.071702975314111 ], [ 5017089.328933130018413, 2262064.437963494565338 ], [ 5016402.553026916459203, 2261419.877888035029173 ], [ 5015501.003893339075148, 2259513.102849625982344 ], [ 5014227.240749032236636, 2254763.854803246445954 ], [ 5013306.443402381613851, 2252707.052367736585438 ], [ 5012365.552435517311096, 2251756.614067495800555 ], [ 5010147.873899424448609, 2250617.756234349217266 ], [ 5009124.809681329876184, 2249845.325864897109568 ], [ 5008547.127432790584862, 2249604.726280320435762 ], [ 5007298.793763893656433, 2249948.818321760743856 ], [ 5006730.630703320726752, 2249656.700736675411463 ], [ 5005570.675919271074235, 2248573.678348675835878 ], [ 5003030.485935454256833, 2246889.414726393297315 ], [ 5001871.70060189627111, 2245834.335606349632144 ], [ 5000118.427852694876492, 2242692.365426047705114 ], [ 4999295.098938759416342, 2241793.084889869205654 ], [ 4999148.834324800409377, 2241838.492021722719073 ], [ 4997411.382084028795362, 2242063.436946947127581 ], [ 4995055.795889480039477, 2241018.85065444977954 ], [ 4990943.448590594343841, 2237900.555309521965683 ], [ 4990099.003625398501754, 2237004.524659315124154 ], [ 4989606.097786344587803, 2236287.223274514544755 ], [ 4988709.833870342932642, 2234334.538338432554156 ], [ 4987918.034615347161889, 2233389.715201297774911 ], [ 4984582.823819259181619, 2231772.823217701166868 ], [ 4981522.36119894310832, 2228970.497968737967312 ], [ 4979933.308507611043751, 2227985.755609609186649 ], [ 4977945.491719315759838, 2227830.601475724484771 ], [ 4976276.270518486388028, 2228400.812145641539246 ], [ 4972923.167825100012124, 2230261.075170698575675 ], [ 4971291.731250244192779, 2230900.664564141072333 ], [ 4962161.172191667370498, 2233110.85363456979394 ], [ 4960318.438785982318223, 2233040.574135466478765 ], [ 4956334.224456891417503, 2231608.28055701777339 ], [ 4954408.598455020226538, 2231266.617364440578967 ], [ 4945631.572284959256649, 2231268.918709399644285 ], [ 4938022.892554892227054, 2229518.837198016699404 ], [ 4936149.565138074569404, 2229526.167303659021854 ], [ 4934001.535831018351018, 2230119.439098761882633 ], [ 4931874.503770459443331, 2231095.788855324033648 ], [ 4930046.556883739307523, 2232265.013564814813435 ], [ 4927284.566497419029474, 2235023.049713247921318 ], [ 4925648.538430026732385, 2235292.465918389614671 ], [ 4919313.655628100037575, 2233642.230961031280458 ], [ 4915993.072855181992054, 2234060.717940135858953 ], [ 4914401.680116559378803, 2233804.999836064409465 ], [ 4911444.389142403379083, 2232386.278319591190666 ], [ 4906480.599575669504702, 2231481.393738168291748 ], [ 4905350.656584338285029, 2231622.069346319884062 ], [ 4904752.759455881081522, 2231981.532168654724956 ], [ 4903436.259217366576195, 2233163.017833987250924 ], [ 4900705.380380670540035, 2234351.329610601998866 ], [ 4897846.490875650197268, 2237704.547134651336819 ], [ 4896150.934245079755783, 2239112.656624972820282 ], [ 4893787.974793083034456, 2239668.58107316121459 ], [ 4878980.983224814757705, 2236962.524845477193594 ], [ 4878116.271743280813098, 2237041.851538551505655 ], [ 4876369.801198960281909, 2237608.20474287122488 ], [ 4875509.443180906586349, 2237661.981926991604269 ], [ 4874535.655029317364097, 2237314.331988910678774 ], [ 4871877.356768689118326, 2235478.511685953009874 ], [ 4871043.236259758472443, 2235297.605096882209182 ], [ 4870222.969316199421883, 2235332.011616170406342 ], [ 4857677.128069488331676, 2238014.464984368532896 ], [ 4851547.964868599548936, 2237188.82874385593459 ], [ 4849564.842458178289235, 2237265.921252355910838 ], [ 4847862.91503335069865, 2238177.461953012272716 ], [ 4844558.354510993696749, 2240900.299559952691197 ], [ 4842981.093725651502609, 2240994.395359258167446 ], [ 4832315.170419954694808, 2235856.329051814507693 ], [ 4828435.778809694573283, 2235001.078870589844882 ], [ 4823420.424775092862546, 2235184.477573261596262 ], [ 4821800.731513557955623, 2234975.295607849489897 ] ] } },
{ "type": "Feature", "properties": { "featurecla": "River", "scalerank": 8.0, "rivernum": 871.0, "name": "Mureș", "name_en": "Mureș", "strokeweig": 0.25 }, "geometry": { "type": "LineString", "coordinates": [ [ 4821800.731513557955623, 2234975.295607849489897 ], [ 4820886.149655685760081, 2234670.403945534490049 ], [ 4819944.20209098700434, 2234178.151112289167941 ], [ 4819627.750224064104259, 2233825.000553200952709 ], [ 4819208.557287713512778, 2232850.399380063638091 ], [ 4818908.649340986274183, 2232459.910207656677812 ], [ 4818636.15874607115984, 2231935.318683086894453 ], [ 4818115.154107633978128, 2230156.11292170220986 ], [ 4817842.188123156316578, 2229583.662456582766026 ], [ 4817145.888464692980051, 2228676.869720923248678 ], [ 4815828.458317073062062, 2225981.707932913675904 ], [ 4814056.717967158183455, 2224266.741413732524961 ], [ 4811961.866203360259533, 2223626.221040355972946 ], [ 4809755.005353598855436, 2223841.731049244757742 ], [ 4807614.317638959735632, 2224689.704235919285566 ], [ 4806589.736269026994705, 2225495.397644226904958 ], [ 4804503.168702455237508, 2227744.752474127337337 ], [ 4803538.766668134368956, 2228474.646295617334545 ], [ 4802048.263258108869195, 2228813.99820414558053 ], [ 4795362.402119917795062, 2228236.794992867391557 ], [ 4792551.862785816192627, 2227117.196500740945339 ], [ 4790899.624644306488335, 2227178.402784216683358 ], [ 4781708.879469647072256, 2230133.907823958434165 ], [ 4774931.519481241703033, 2232799.30655055353418 ], [ 4768094.632956551387906, 2234112.411828607786447 ], [ 4762894.945788639597595, 2233230.495887848548591 ], [ 4760257.729075801558793, 2233388.695314267650247 ], [ 4757894.891064372844994, 2235289.858970346860588 ] ] } },
{ "type": "Feature", "properties": { "featurecla": "River", "scalerank": 8.0, "rivernum": 872.0, "name": "Drina", "name_en": "Drina", "strokeweig": 0.15 }, "geometry": { "type": "LineString", "coordinates": [ [ 4741753.055157832801342, 1887953.842062924522907 ], [ 4742679.741720634512603, 1884670.941101776668802 ], [ 4743135.521387033164501, 1883610.456595852272585 ], [ 4747116.969526358880103, 1880689.316543953027576 ], [ 4758021.473341858014464, 1876737.919255020096898 ], [ 4759427.070974024012685, 1872649.000660134479403 ], [ 4758821.172946395352483, 1870984.355200693244115 ], [ 4757485.517902521416545, 1868598.641562557313591 ], [ 4756330.548997387290001, 1862084.220772063359618 ], [ 4756455.877150202170014, 1860056.085590721806511 ], [ 4757403.65331026725471, 1857739.909806081326678 ], [ 4758419.243387969210744, 1856418.819560517556965 ], [ 4759138.557334896177053, 1855779.104466813150793 ], [ 4759419.64790351036936, 1854975.871983751188964 ], [ 4759135.321165675297379, 1853171.460888134781271 ] ] } },
{ "type": "Feature", "properties": { "featurecla": "River", "scalerank": 8.0, "rivernum": 872.0, "name": "Drina", "name_en": "Drina", "strokeweig": 0.2 }, "geometry": { "type": "LineString", "coordinates": [ [ 4706876.552618061192334, 2045597.514442870160565 ], [ 4706816.89909409545362, 2044859.863815624965355 ], [ 4707107.295140258967876, 2043143.651353349210694 ], [ 4707044.991700381040573, 2042365.814153472427279 ], [ 4706709.835473712533712, 2041460.958566985325888 ], [ 4706313.996490774676204, 2040676.012919357977808 ], [ 4705780.04487681016326, 2040083.65599596966058 ], [ 4703178.829637109301984, 2038851.892297748941928 ], [ 4703182.742884929291904, 2037137.077506727073342 ], [ 4705008.798910406418145, 2032539.064663560595363 ], [ 4705215.651337997056544, 2029590.499483084771782 ], [ 4704520.127854689955711, 2027897.392082751262933 ], [ 4703617.679935833439231, 2026425.707483102567494 ], [ 4703238.760000727139413, 2024105.467280894052237 ], [ 4703623.473736485466361, 2022076.308285937877372 ], [ 4704488.264497651718557, 2020018.949103351216763 ], [ 4706647.336545687168837, 2016541.937399097252637 ], [ 4708254.222490714862943, 2015033.893645610660315 ], [ 4709882.930281429551542, 2014519.746556945610791 ], [ 4713280.576484901830554, 2014208.997079963330179 ], [ 4714971.135165234096348, 2013605.639422715874389 ], [ 4715673.977078180760145, 2013481.483034627512097 ], [ 4716779.034314572811127, 2013559.524284681770951 ], [ 4719183.492228528484702, 2014474.174099510535598 ], [ 4720099.380813428200781, 2014417.361807811073959 ], [ 4721535.171234545297921, 2013483.315146835520864 ], [ 4723104.760868960991502, 2011710.875948779052123 ], [ 4724349.820319722406566, 2009522.661901932442561 ], [ 4724784.085718417540193, 2007372.118159333709627 ], [ 4725448.105918751098216, 2006061.37513152975589 ], [ 4727090.604817565530539, 2004729.26456375233829 ], [ 4730779.798100524581969, 2002662.800108735449612 ], [ 4731713.326584392227232, 2001950.548319068038836 ], [ 4732279.894563725218177, 2001712.289855550276116 ], [ 4732726.337539575994015, 2001902.583184157963842 ], [ 4733479.117509733885527, 2002895.287187168607488 ], [ 4733947.784476043656468, 2002971.581123634707183 ], [ 4734705.338280955329537, 2002202.545672088395804 ], [ 4735121.632869314402342, 2000310.180240205489099 ], [ 4735699.100779394619167, 1999693.430973169393837 ], [ 4737041.848919986747205, 1998728.912454157834873 ], [ 4739226.635580837726593, 1996267.697000708663836 ], [ 4741925.644824983552098, 1995115.633467497769743 ], [ 4743407.577094133011997, 1993747.493793827481568 ], [ 4744191.628266432322562, 1993264.602272142656147 ], [ 4744434.616023382171988, 1993607.43806248344481 ], [ 4744811.830456671305001, 1994302.887457601493225 ], [ 4745478.072050171904266, 1994634.544305176474154 ], [ 4746551.843360330909491, 1993902.591088279150426 ], [ 4747400.666901967488229, 1991960.452861106954515 ], [ 4746963.734085474163294, 1990107.998732353327796 ], [ 4745841.559298138134181, 1988471.938341687433422 ], [ 4742978.06815667077899, 1985691.937670219689608 ], [ 4741232.717747523449361, 1984787.160745892673731 ], [ 4739347.032180745154619, 1984370.113136052619666 ], [ 4734888.556104408577085, 1984247.34819030854851 ], [ 4730819.299002954736352, 1983427.960419355658814 ], [ 4729709.608555645681918, 1982945.909515941515565 ], [ 4728603.210166966542602, 1982738.366279138950631 ], [ 4727511.578457175754011, 1983229.501194639597088 ], [ 4725272.240214304067194, 1984840.565242327749729 ], [ 4723142.807326185517013, 1985987.695379969431087 ], [ 4722083.699724395759404, 1986231.261880970094353 ], [ 4720958.976801103912294, 1986022.817332761827856 ], [ 4719431.059341378509998, 1985298.670435964595526 ], [ 4718832.752327315509319, 1984625.33256601402536 ], [ 4718544.804691191762686, 1983557.795485071837902 ], [ 4718640.827245752327144, 1982793.690556012094021 ], [ 4719180.593766989186406, 1981492.576329332543537 ], [ 4719105.903299645520747, 1980712.299056392163038 ], [ 4718333.533834455534816, 1979738.052443674765527 ], [ 4717267.175404126755893, 1979054.033421439118683 ], [ 4716505.828270667232573, 1978232.977057477226481 ], [ 4716617.829454367980361, 1976878.02560992538929 ], [ 4716990.028308442793787, 1976206.900155584327877 ], [ 4717827.46390707232058, 1974982.663205944001675 ], [ 4718134.034943502396345, 1974223.579513414762914 ], [ 4718295.195285817608237, 1972999.63390794955194 ], [ 4718267.677599754184484, 1970550.345925618428737 ], [ 4718512.291389717720449, 1969366.028769269119948 ], [ 4719516.932768890634179, 1967798.449447727296501 ], [ 4723612.253831819631159, 1964317.296045743860304 ], [ 4724610.840180196799338, 1962661.654231098014861 ], [ 4724957.756475382484496, 1961043.400441216304898 ], [ 4724524.075694298371673, 1959685.570765574462712 ], [ 4723130.069088132120669, 1958818.422253968194127 ], [ 4720426.661029495298862, 1957845.764366878196597 ], [ 4719163.54895693063736, 1957004.078506524674594 ], [ 4718141.607178272679448, 1955772.708170741796494 ], [ 4717628.587381131947041, 1954631.673663123045117 ], [ 4716948.795747628435493, 1952134.996167000615969 ], [ 4716474.052892227657139, 1950990.874065332580358 ], [ 4715981.347034525126219, 1950206.211500076111406 ], [ 4715514.882586073130369, 1949767.898419852135703 ], [ 4714970.18375504668802, 1949585.819872400024906 ], [ 4712216.972662295214832, 1949286.800353849306703 ], [ 4708441.127552160993218, 1947828.811539726564661 ], [ 4704877.942925261333585, 1947617.177074529696256 ], [ 4704119.350436193868518, 1947351.488846526481211 ], [ 4703485.93923791218549, 1946787.501816424541175 ], [ 4703035.988279134966433, 1945889.757761508226395 ], [ 4702406.382464315742254, 1942728.934322494082153 ], [ 4701767.568530770950019, 1941632.799256168771535 ], [ 4700934.259939196519554, 1941180.395157019840553 ], [ 4697762.832597020082176, 1941374.901954133994877 ], [ 4696572.110158180817962, 1941161.667591373436153 ], [ 4695444.676336346194148, 1940679.864363572094589 ], [ 4694443.814144238829613, 1939915.829677846748382 ], [ 4694017.744035514071584, 1939380.688827234786004 ], [ 4693244.87804857827723, 1938163.216510123573244 ], [ 4691508.923517977818847, 1936048.736427721567452 ], [ 4690997.662449495866895, 1935155.41180468397215 ], [ 4690534.59418410807848, 1934116.390078282449394 ], [ 4688340.55963312741369, 1926158.358549143653363 ], [ 4687841.649555502459407, 1925407.723760471912101 ], [ 4687304.069904416799545, 1925045.987501512281597 ], [ 4686956.279030693694949, 1924552.684715650742874 ], [ 4687040.061755374073982, 1923424.828996756114066 ], [ 4687449.370180745609105, 1921936.881057820515707 ], [ 4687919.833375622518361, 1920684.821272285655141 ], [ 4692201.651189683005214, 1913551.254842665977776 ], [ 4693865.628445140086114, 1911870.362606982234865 ], [ 4696030.99279578588903, 1910579.794156698044389 ], [ 4700627.653719393536448, 1911573.006352112162858 ], [ 4702594.277616386301816, 1911266.046759768389165 ], [ 4704878.824434171430767, 1910040.779562626034021 ], [ 4705527.910061980597675, 1909335.073322978336364 ], [ 4705667.074970636516809, 1908607.173335796920583 ], [ 4705692.365356004796922, 1907825.4884397033602 ], [ 4705993.011517147533596, 1906952.302824223181233 ], [ 4706848.423483337275684, 1905832.820994875626639 ], [ 4708690.852886794134974, 1903956.001496020238847 ], [ 4709492.93689944036305, 1902643.958067522849888 ], [ 4711425.802277945913374, 1900837.253073920030147 ], [ 4713730.875616004690528, 1899811.199417564086616 ], [ 4716117.709803697653115, 1899392.128200671169907 ], [ 4723181.490539103746414, 1899563.008862467948347 ], [ 4725421.295189805328846, 1899025.458077944815159 ], [ 4740355.233448771759868, 1890345.629937653895468 ], [ 4740956.314258799888194, 1889671.22597350506112 ], [ 4741411.582720211707056, 1888855.745772399939597 ], [ 4741753.055157832801342, 1887953.842062924522907 ] ] } },
{ "type": "Feature", "properties": { "featurecla": "River", "scalerank": 8.0, "rivernum": 872.0, "name": "Drina", "name_en": "Drina", "strokeweig": 0.25 }, "geometry": { "type": "LineString", "coordinates": [ [ 4715547.690044910646975, 2082010.201002235058695 ], [ 4715940.721078604459763, 2080998.379823547322303 ], [ 4716440.662875916808844, 2080629.360667116940022 ], [ 4716834.648646005429327, 2080055.716016029939055 ], [ 4717163.387803615070879, 2079195.001235560514033 ], [ 4717374.994825410656631, 2078128.1863171919249 ], [ 4717142.384351244196296, 2077790.549500565743074 ], [ 4716757.086520002223551, 2077643.19829619070515 ], [ 4716512.88019092194736, 2077099.690109747927636 ], [ 4715457.095602678135037, 2063844.227888737572357 ], [ 4714918.436385313048959, 2061763.243568746838719 ], [ 4714320.212446128949523, 2060566.936576785286888 ], [ 4712936.768714178353548, 2059077.604764834744856 ], [ 4712245.657690125517547, 2058100.839535546023399 ], [ 4711792.897487296722829, 2057034.74794371239841 ], [ 4711095.747978201135993, 2053694.253982497844845 ], [ 4708281.472870633006096, 2047108.901701197959483 ], [ 4707970.054593708366156, 2046716.749439210863784 ], [ 4707201.011180098168552, 2046129.298241115175188 ], [ 4706876.552618061192334, 2045597.514442870160565 ] ] } },
{ "type": "Feature", "properties": { "featurecla": "River", "scalerank": 8.0, "rivernum": 892.0, "name": "Esla", "name_en": "Esla", "strokeweig": 0.15 }, "geometry": { "type": "LineString", "coordinates": [ [ 2809584.28326155198738, 1948318.052397966850549 ], [ 2808024.069167258217931, 1947791.000067119253799 ], [ 2806077.20528971683234, 1946472.721785097382963 ], [ 2804210.079145451076329, 1944817.078663159161806 ], [ 2802910.15046925842762, 1943259.75737048080191 ], [ 2802157.306736148428172, 1941796.597242461983114 ], [ 2802221.273731162305921, 1941092.204537886893377 ], [ 2802639.072072888724506, 1940427.641729671042413 ], [ 2802956.937154601328075, 1939071.202678002184257 ], [ 2802724.89875463116914, 1935447.88958688126877 ], [ 2801755.188121245242655, 1931869.526420999784023 ], [ 2800270.546149647794664, 1928457.291755208512768 ], [ 2798533.875793136656284, 1925302.544301690999418 ], [ 2795058.781050859950483, 1920638.196971644181758 ], [ 2791253.114598206244409, 1916637.719421626301482 ], [ 2785916.65908135054633, 1913167.185083524789661 ] ] } },
{ "type": "Feature", "properties": { "featurecla": "River", "scalerank": 8.0, "rivernum": 892.0, "name": "Esla", "name_en": "Esla", "strokeweig": 0.2 }, "geometry": { "type": "LineString", "coordinates": [ [ 2785916.65908135054633, 1913167.185083524789661 ], [ 2780012.195799617096782, 1908740.908777402946725 ], [ 2776338.024691569618881, 1907055.891878335969523 ], [ 2768447.365259642712772, 1905204.259813641197979 ], [ 2763872.683114424347878, 1903013.548323837807402 ], [ 2760429.986687804572284, 1898927.759996859822422 ], [ 2758382.343068462796509, 1893635.010724020423368 ], [ 2757989.664341342635453, 1887814.739424244500697 ], [ 2758338.226718503050506, 1886625.42580407159403 ], [ 2758843.290795274078846, 1885697.697252998128533 ], [ 2759071.354710000101477, 1884666.767293369630352 ], [ 2758608.562130818609148, 1883185.185611719731241 ], [ 2752815.102610219735652, 1871626.216805282980204 ], [ 2747842.454014404676855, 1857820.724744960200042 ], [ 2746205.637435767333955, 1855414.620093051111326 ], [ 2744071.428111538290977, 1853407.893853201530874 ], [ 2730412.245259176474065, 1844798.820896396879107 ], [ 2729741.978412081487477, 1844090.33791159815155 ], [ 2729199.592041407246143, 1843177.947863975539804 ], [ 2727843.837434398941696, 1840078.221213574055582 ], [ 2727358.371844662353396, 1839429.956679942784831 ], [ 2725689.839498271234334, 1837799.715505511732772 ], [ 2725172.220728090964258, 1837079.861625883262604 ], [ 2724765.396954260766506, 1836300.675114861922339 ], [ 2724494.606031183619052, 1835456.651831478346139 ], [ 2724398.362338658422232, 1834528.563255205750465 ], [ 2724565.371381928678602, 1833578.480408668518066 ], [ 2725349.35237970855087, 1832215.088927994016558 ], [ 2725659.8263781061396, 1831475.228324545081705 ], [ 2725580.736496715340763, 1829838.378025132697076 ], [ 2724627.05008335923776, 1829001.468091076007113 ], [ 2721977.557420171797276, 1828311.02377277542837 ], [ 2719613.784232343547046, 1827285.331780425505713 ], [ 2718450.418463296722621, 1826584.25999305350706 ], [ 2717382.100521662272513, 1825770.357165674678981 ], [ 2716263.060371086001396, 1824558.015486655989662 ], [ 2714268.987525638192892, 1821765.467599116265774 ], [ 2713151.041790499351919, 1820544.909310565795749 ], [ 2711881.835847976151854, 1819900.227662126068026 ], [ 2709138.499578708317131, 1819185.571065900614485 ], [ 2708129.81100240861997, 1818145.074965339619666 ], [ 2707788.744618240278214, 1817120.832943183835596 ], [ 2707469.584739566780627, 1813866.213801593752578 ], [ 2707149.118827774189413, 1812796.62453791545704 ], [ 2706696.424116775393486, 1812081.755647689802572 ], [ 2706176.141388504765928, 1811449.591414486523718 ], [ 2705626.724013242870569, 1810620.257362931035459 ], [ 2703421.95453767478466, 1810670.791330558015034 ], [ 2702042.312972947955132, 1810336.639012431260198 ], [ 2700893.339209749363363, 1809142.813878609333187 ] ] } },
{ "type": "Feature", "properties": { "featurecla": "River", "scalerank": 8.0, "rivernum": 944.0, "name": "Ticino", "name_en": "Ticino", "strokeweig": 0.2 }, "geometry": { "type": "LineString", "coordinates": [ [ 3895913.174258645158261, 2126568.651142626535147 ], [ 3897561.22513154707849, 2126011.969354189001024 ], [ 3898087.033138500060886, 2125139.433267074637115 ], [ 3897939.107716492842883, 2122090.345373312477022 ], [ 3898274.774710147175938, 2121284.417096551973373 ], [ 3899728.616863877512515, 2120495.134198285173625 ], [ 3900273.0473612700589, 2119582.963376983068883 ], [ 3900441.097578162327409, 2118040.835846623871475 ], [ 3900137.423804624006152, 2117156.971195240039378 ], [ 3899783.689085726626217, 2116368.728321046568453 ], [ 3899749.25272562680766, 2115066.95513333613053 ], [ 3900017.023073863703758, 2114554.350002580787987 ], [ 3901122.061718390323222, 2113350.671102941036224 ], [ 3901482.180780909955502, 2112825.971435762010515 ], [ 3901599.391520517878234, 2112139.799156561493874 ], [ 3901501.889601326081902, 2110799.596572486683726 ], [ 3901675.961519235745072, 2110191.345826765522361 ], [ 3902216.863571064546704, 2108787.284667200408876 ], [ 3903048.789205217733979, 2104102.124384893104434 ], [ 3903567.874086886178702, 2103093.203934197314084 ], [ 3904291.434782980941236, 2102559.755037702154368 ], [ 3905876.339817863423377, 2101738.178111832588911 ], [ 3907400.944615311454982, 2099928.591187331359833 ], [ 3910130.328743200749159, 2093505.061409282498062 ] ] } },
{ "type": "Feature", "properties": { "featurecla": "River", "scalerank": 8.0, "rivernum": 944.0, "name": "Ticino", "name_en": "Ticino", "strokeweig": 0.25 }, "geometry": { "type": "LineString", "coordinates": [ [ 3910130.328743200749159, 2093505.061409282498062 ], [ 3913732.381543371360749, 2086703.121958400122821 ], [ 3919409.121302292216569, 2080678.338778640842065 ], [ 3923117.963417478837073, 2075617.367511929944158 ], [ 3925944.238674432039261, 2072828.714567777700722 ], [ 3928928.820733362343162, 2070565.897189846960828 ], [ 3936888.027785620186478, 2066846.229549249168485 ], [ 3939420.137648434843868, 2065112.579544579144567 ], [ 3940792.332137189339846, 2062768.181776272132993 ] ] } },
{ "type": "Feature", "properties": { "featurecla": "River", "scalerank": 8.0, "rivernum": 953.0, "name": "Caledonian Canal", "name_en": "Caledonian Canal", "strokeweig": 0.25 }, "geometry": { "type": "LineString", "coordinates": [ [ 3120702.003243277780712, 3420348.085107355378568 ], [ 3119371.286367591936141, 3418823.344676967710257 ], [ 3116436.294138211756945, 3416993.174506776500493 ], [ 3110611.920222939923406, 3411982.552764629013836 ], [ 3109556.54290832253173, 3410529.665694961324334 ] ] } },
{ "type": "Feature", "properties": { "featurecla": "River", "scalerank": 8.0, "rivernum": 968.0, "name": "Sane", "name_en": "Sane", "strokeweig": 0.25 }, "geometry": { "type": "LineString", "coordinates": [ [ 3627454.835006003733724, 2257514.285961530171335 ], [ 3626122.009818974882364, 2256262.737431219313294 ], [ 3624813.148675773758441, 2255367.929582432843745 ], [ 3624127.822171546518803, 2255025.459448246285319 ], [ 3622098.270518423058093, 2254960.502646510023624 ], [ 3621754.891124715097249, 2254702.56722907256335 ], [ 3621468.682452002074569, 2253966.664412108249962 ], [ 3620503.293890309985727, 2252569.630467680748552 ], [ 3620702.51320459973067, 2251273.253422964829952 ], [ 3621996.609212740790099, 2249321.480627649929374 ], [ 3623584.926643837243319, 2247526.177571973763406 ], [ 3626173.255371427163482, 2245826.042716518044472 ], [ 3627111.443661641795188, 2243760.438237404916435 ], [ 3627515.433091791346669, 2241078.323323098942637 ], [ 3627421.141634726896882, 2238366.958289968781173 ], [ 3626924.928550028707832, 2235719.813272485043854 ], [ 3626137.83486972283572, 2232858.093916477635503 ], [ 3625176.838113570120186, 2230224.239293393213302 ], [ 3624200.391408334020525, 2228276.301887179259211 ], [ 3624465.695390213746578, 2226316.892415008507669 ], [ 3624478.1280063749291, 2223581.972157370299101 ], [ 3624138.058709005825222, 2221168.799090787768364 ], [ 3622540.251811448018998, 2219205.536174401175231 ], [ 3621010.015783250331879, 2212224.786390838213265 ], [ 3620286.411813686136156, 2210825.846061491873115 ], [ 3619336.03453771257773, 2209474.283233949448913 ], [ 3618491.005031554028392, 2207965.342843374703079 ], [ 3617520.40636524790898, 2204080.806442522909492 ], [ 3616521.87844765977934, 2202324.459461939055473 ], [ 3614463.380993770435452, 2199419.78895983658731 ], [ 3612827.124468576628715, 2195634.789012960158288 ], [ 3612174.793132069986314, 2193380.197080495301634 ], [ 3611705.439231513533741, 2190456.509339572396129 ], [ 3611225.41648655384779, 2188579.734660179819912 ], [ 3610945.670151925180107, 2185911.357451112940907 ], [ 3610759.821944704279304, 2185094.300961534492671 ], [ 3610359.533820708747953, 2184094.717251940630376 ], [ 3608982.598419344052672, 2181622.430639726109803 ], [ 3608520.960656265262514, 2180540.270026272628456 ], [ 3607520.08671386167407, 2177290.288951198104769 ], [ 3606655.626120030414313, 2175453.964605333283544 ], [ 3606558.06215781904757, 2173412.811829509213567 ], [ 3606719.190418977290392, 2171187.141628407873213 ], [ 3606660.442297945264727, 2168810.991058551706374 ], [ 3605773.903958221897483, 2165494.56878655962646 ], [ 3605834.93911359924823, 2164441.018288196995854 ], [ 3606451.206752621568739, 2163798.766007324215025 ], [ 3608432.01795653719455, 2162946.590064776130021 ], [ 3608829.230431414209306, 2162425.561751030385494 ], [ 3609072.223867236636579, 2161438.29925241228193 ], [ 3610380.46282502124086, 2160423.48842762503773 ], [ 3610815.436768705490977, 2158653.049840434920043 ], [ 3612028.921970861032605, 2156638.296029385179281 ], [ 3612036.48715232219547, 2155588.550955860875547 ], [ 3611771.93527833558619, 2152965.509831578936428 ], [ 3611950.99321038974449, 2152101.450703535694629 ], [ 3612457.135708277579397, 2150537.001609796192497 ], [ 3612508.595734746195376, 2149531.585456884931773 ], [ 3612290.408935386687517, 2148518.616346625611186 ], [ 3611508.827712228056043, 2147096.81552663911134 ], [ 3611279.407438131980598, 2145926.431520711630583 ], [ 3611142.635817903093994, 2144657.269968627486378 ], [ 3610978.849634650163352, 2143740.650470228865743 ], [ 3610435.533819328527898, 2141938.319338970817626 ] ] } },
{ "type": "Feature", "properties": { "featurecla": "River", "scalerank": 8.0, "rivernum": 970.0, "name": "Maas", "name_en": "Meuse", "strokeweig": 0.3 }, "geometry": { "type": "LineString", "coordinates": [ [ 3674572.670500320382416, 2782132.267247688490897 ], [ 3672574.841491957195103, 2782038.734676412772387 ], [ 3671337.470284490846097, 2781111.657608536072075 ], [ 3670613.27445126324892, 2780928.71929550729692 ], [ 3660135.285265055019408, 2781601.900053212884814 ], [ 3658553.659422058146447, 2782487.148124118335545 ], [ 3657683.299646365456283, 2781948.08430880587548 ], [ 3655949.783541035372764, 2781682.45128507912159 ], [ 3655226.204746420960873, 2781146.680205051787198 ] ] } },
{ "type": "Feature", "properties": { "featurecla": "River", "scalerank": 8.0, "rivernum": 970.0, "name": "Maas", "name_en": "Meuse", "strokeweig": 0.35 }, "geometry": { "type": "LineString", "coordinates": [ [ 3626738.025285440962762, 2782794.364336794707924 ], [ 3633518.211346209049225, 2780879.827504498884082 ], [ 3636076.444530152715743, 2780768.871672628913075 ], [ 3638439.641797586809844, 2781296.963523702695966 ], [ 3641279.650279914960265, 2782412.096426731906831 ], [ 3642854.185969138517976, 2782765.699849089141935 ], [ 3644959.170654030982405, 2782642.23988750949502 ] ] } },
{ "type": "Feature", "properties": { "featurecla": "Lake Centerline", "scalerank": 7.0, "rivernum": 395.0, "name": "Guadiana", "name_en": "Guadiana", "strokeweig": 0.2 }, "geometry": { "type": "LineString", "coordinates": [ [ 2753495.546033066697419, 1548389.613705175928771 ], [ 2752221.184994028881192, 1549619.654844080330804 ], [ 2750023.181964277755469, 1551445.986841934965923 ], [ 2748452.866388474591076, 1553461.25618819380179 ], [ 2747253.47671186318621, 1556855.026901581790298 ], [ 2746792.037566139362752, 1559733.719749006209895 ], [ 2744571.481920051388443, 1562664.302949751494452 ], [ 2741226.08513644663617, 1565682.354743272764608 ], [ 2739551.87242516875267, 1567014.251610814593732 ], [ 2737910.986869242042303, 1567642.932206439552829 ], [ 2736122.618252542801201, 1567575.570225265575573 ], [ 2735398.128326321020722, 1566725.677921350346878 ], [ 2735397.038945432752371, 1565100.428455157438293 ], [ 2735225.579540724866092, 1564596.649293210124597 ] ] } },
{ "type": "Feature", "properties": { "featurecla": "Lake Centerline", "scalerank": 7.0, "rivernum": 395.0, "name": "Guadiana", "name_en": "Guadiana", "strokeweig": 0.2 }, "geometry": { "type": "LineString", "coordinates": [ [ 2735225.579540724866092, 1564596.649293210124597 ], [ 2734525.169752400834113, 1562562.681362375384197 ], [ 2732938.78290827292949, 1560479.862793205305934 ], [ 2730860.268432940822095, 1558743.874998143408448 ], [ 2728448.073684831149876, 1556976.480871648527682 ], [ 2728297.605017716065049, 1556904.110642604762688 ] ] } },
{ "type": "Feature", "properties": { "featurecla": "Lake Centerline", "scalerank": 7.0, "rivernum": 395.0, "name": "Guadiana", "name_en": "Guadiana", "strokeweig": 0.2 }, "geometry": { "type": "LineString", "coordinates": [ [ 2728297.605017716065049, 1556904.110642604762688 ], [ 2726585.627806722186506, 1556100.912922833813354 ], [ 2724006.455596329178661, 1555265.520295158959925 ], [ 2721269.711548142135143, 1554085.003610908752307 ], [ 2719673.178734647110105, 1552564.286357217235491 ], [ 2718503.379661930724978, 1550469.694073237245902 ], [ 2717912.727957747876644, 1548774.908335228683427 ], [ 2717307.149751071818173, 1545848.414989579468966 ] ] } },
{ "type": "Feature", "properties": { "featurecla": "River", "scalerank": 7.0, "rivernum": 395.0, "name": "Guadiana", "name_en": "Guadiana", "strokeweig": 0.2 }, "geometry": { "type": "LineString", "coordinates": [ [ 2888757.467099989764392, 1530082.277712364913896 ], [ 2879048.91478213807568, 1532624.460120842326432 ], [ 2877193.470214892178774, 1532726.058329307474196 ], [ 2874128.306941376999021, 1532292.462277331156656 ], [ 2872209.765053789131343, 1532420.573422222863883 ], [ 2870931.096805445849895, 1532017.26730334572494 ], [ 2869755.30362293170765, 1530727.592891195556149 ], [ 2868645.197411823086441, 1529154.764681688509881 ], [ 2867577.165475856512785, 1527894.265057629207149 ], [ 2861681.678010718896985, 1526420.5880734375678 ], [ 2860719.003972101025283, 1526462.488623795099556 ], [ 2855158.013705232180655, 1524804.892571162665263 ], [ 2847363.52834944287315, 1524558.390358430566266 ], [ 2843828.428157749585807, 1523658.281893470324576 ], [ 2837250.652353060431778, 1519489.639052520040423 ], [ 2835461.014533990994096, 1518903.225679082563147 ], [ 2832142.471789380069822, 1518782.3594738941174 ], [ 2827449.963919763453305, 1516329.413383568637073 ], [ 2823809.916591519489884, 1515825.182426922954619 ], [ 2816380.166105646174401, 1516712.658042462076992 ], [ 2813054.598917938768864, 1515963.922963964287192 ], [ 2811289.285996310412884, 1514827.014988921349868 ], [ 2810285.237218261696398, 1513606.527245227247477 ], [ 2809937.980299714952707, 1511987.909172037849203 ], [ 2810350.076036475598812, 1507907.036777104483917 ], [ 2810399.787873493507504, 1505314.716973379254341 ], [ 2809730.277500524185598, 1503110.469204196939245 ], [ 2807817.395217985846102, 1502461.137893256032839 ], [ 2806169.419866105541587, 1502307.85461994772777 ], [ 2802381.654198601841927, 1500998.691200183471665 ], [ 2800365.710648480802774, 1500926.013019372941926 ], [ 2800057.082944924011827, 1501461.736928057856858 ], [ 2799154.945078157354146, 1503880.422094055917114 ], [ 2798992.754551915451884, 1504578.237528709229082 ], [ 2798528.446060791611671, 1505108.875396847026423 ], [ 2795362.430578139144927, 1507290.422408811515197 ], [ 2793988.561359687708318, 1506888.589122713077813 ], [ 2792461.799397907219827, 1507207.792515664594248 ], [ 2791272.751361188478768, 1508059.982200630242005 ], [ 2790934.148912073113024, 1509219.701571653131396 ], [ 2787482.499968350864947, 1512180.010599276516587 ], [ 2786650.966235019266605, 1513137.398981244536117 ], [ 2784858.163884506560862, 1514495.861262170830742 ], [ 2781824.234565482940525, 1515046.255850872723386 ], [ 2775946.296944770496339, 1514832.22681141179055 ], [ 2777121.496926557272673, 1516586.449424190446734 ], [ 2776073.984568483196199, 1517623.689612195361406 ], [ 2774021.507363842334598, 1518601.805679826997221 ], [ 2772209.876984507776797, 1520213.268545531202108 ], [ 2768383.897811248898506, 1525174.252916559111327 ], [ 2767646.780643254052848, 1527136.677410423522815 ], [ 2766997.404006735887378, 1526572.279491650871933 ], [ 2766215.679178637452424, 1525898.259586530504748 ], [ 2766507.964580709114671, 1527998.256224198732525 ], [ 2766065.06386167742312, 1529793.287419308908284 ], [ 2765030.463291464373469, 1531129.750951063353568 ], [ 2763546.526377704925835, 1531829.772323763929307 ], [ 2763241.156199936755002, 1532146.831406585406512 ], [ 2761990.168530211318284, 1534428.265716016991064 ], [ 2761696.467353295534849, 1534696.81397132226266 ], [ 2761263.213211516384035, 1534819.213276970200241 ], [ 2760798.949294879101217, 1535040.421382105909288 ], [ 2760444.68313555419445, 1535566.185449793469161 ], [ 2760498.946174812037498, 1536099.65322283655405 ], [ 2761308.891515207476914, 1536987.474714897572994 ], [ 2761442.476239759474993, 1537578.460328915389255 ], [ 2760513.028377686627209, 1540541.418995471904054 ], [ 2758704.140033464878798, 1543934.854477486340329 ], [ 2756278.659376240801066, 1546852.104693972039968 ], [ 2753503.677744152024388, 1548387.96635730122216 ] ] } },
{ "type": "Feature", "properties": { "featurecla": "River", "scalerank": 7.0, "rivernum": 395.0, "name": "Guadiana", "name_en": "Guadiana", "strokeweig": 0.2 }, "geometry": { "type": "LineString", "coordinates": [ [ 2717307.149751071818173, 1545848.414989579468966 ], [ 2714870.194671597331762, 1544543.939309098757803 ], [ 2712289.199627794791013, 1543043.929939195513725 ], [ 2709359.557809325866401, 1542056.657952288398519 ], [ 2705718.43359794234857, 1541492.629600838758051 ], [ 2704919.495005073957145, 1541169.643243066966534 ], [ 2703835.299532518722117, 1540380.351401108084247 ], [ 2701480.490238676778972, 1537638.390055121388286 ], [ 2700192.370919222943485, 1537137.878899696050212 ], [ 2697681.91269393870607, 1536794.726892381440848 ], [ 2695302.640301172621548, 1536089.09858168521896 ], [ 2689844.737814291380346, 1535617.321137610124424 ], [ 2682458.788382757455111, 1536981.165989874862134 ] ] } },
{ "type": "Feature", "properties": { "featurecla": "River", "scalerank": 7.0, "rivernum": 395.0, "name": "Guadiana", "name_en": "Guadiana", "strokeweig": 0.25 }, "geometry": { "type": "LineString", "coordinates": [ [ 2682694.426622691564262, 1537067.300388359464705 ], [ 2679309.856022443622351, 1537911.67371413228102 ], [ 2677695.560469707474113, 1538558.134464403148741 ], [ 2674326.836494002025574, 1540573.463819079566747 ], [ 2663786.938522408716381, 1543410.814447303069755 ], [ 2657597.516561359167099, 1543697.021271592704579 ], [ 2649414.825101708993316, 1542010.085980942705646 ], [ 2643565.461836464703083, 1538724.555142698343843 ], [ 2642188.910394127480686, 1538212.921054736711085 ], [ 2638585.335126101970673, 1538255.923501763725653 ], [ 2633338.773596746381372, 1541700.957871917169541 ], [ 2629790.12676315382123, 1541800.066679550334811 ], [ 2628685.3947464232333, 1540771.175995982717723 ], [ 2626371.362638057209551, 1537232.151969354832545 ], [ 2625316.621362566016614, 1536605.409331965725869 ], [ 2624513.67146388720721, 1535977.322072042152286 ], [ 2623317.749900451395661, 1534451.887422483414412 ], [ 2621759.193963633850217, 1532952.755583670921624 ], [ 2619865.910290312487632, 1532390.780714739812538 ], [ 2616843.705458672717214, 1534157.110540226101875 ], [ 2614965.217134367674589, 1537732.099020965397358 ], [ 2613562.326382703147829, 1541783.882781456457451 ], [ 2611921.721293329261243, 1544959.074276783969253 ], [ 2608980.744392666965723, 1546512.577088132034987 ], [ 2606119.237339206971228, 1545279.136954112444073 ], [ 2603091.28726258315146, 1543035.636909025721252 ], [ 2599671.315989593975246, 1541544.755716919666156 ], [ 2598010.802264631260186, 1541462.336719970218837 ], [ 2592999.690012813545763, 1542366.663614662364125 ], [ 2592478.115292819216847, 1542239.280551194911823 ], [ 2590732.251269731670618, 1541534.399116573156789 ], [ 2589810.441199610475451, 1541493.296980038983747 ], [ 2588788.748272770084441, 1541932.77993273222819 ], [ 2586482.638490766752511, 1543859.075568711617962 ], [ 2582180.572700646705925, 1545780.01608053361997 ], [ 2581076.043363954406232, 1546637.46026463364251 ], [ 2577922.639647303149104, 1550544.668346136342734 ], [ 2576681.205116556491703, 1551415.623192599276081 ], [ 2570330.033414473757148, 1552022.632006688509136 ], [ 2566656.95791939785704, 1551830.310796407517046 ], [ 2564657.75098373927176, 1551213.448563705664128 ], [ 2563586.462831881828606, 1552039.459041016874835 ], [ 2562176.948362831026316, 1551894.421734201256186 ], [ 2560911.580840745475143, 1551175.628726018359885 ], [ 2560244.234686696901917, 1550284.072522250236943 ], [ 2553075.379920159000903, 1547790.567087375326082 ], [ 2551857.160958174616098, 1547190.84547986346297 ], [ 2550604.762512392364442, 1546374.309142481535673 ], [ 2549095.992723958566785, 1546038.219016231829301 ], [ 2545050.036231174133718, 1546106.737451957305893 ], [ 2544091.149266615509987, 1545611.55112500465475 ], [ 2543389.422152204439044, 1544715.21844696928747 ], [ 2541943.504003734793514, 1543643.665497473906726 ], [ 2540271.66293132584542, 1542818.007719298126176 ], [ 2538901.106794186867774, 1542621.33462969888933 ], [ 2533030.353861281648278, 1539760.024709624936804 ], [ 2532791.921064313035458, 1539391.069500484503806 ], [ 2531741.895115701947361, 1538144.183121756184846 ], [ 2531275.34269944857806, 1537450.507021630881354 ], [ 2529843.564939342439175, 1533954.043180853826925 ], [ 2529095.760966951027513, 1531558.012826879741624 ], [ 2528865.232315363362432, 1530464.501295419642702 ], [ 2528804.318791886325926, 1529594.293491506716236 ], [ 2529052.29774994077161, 1528826.300198522862047 ], [ 2529531.456657755188644, 1528376.927403934532776 ], [ 2529936.49086449528113, 1527887.555297751910985 ], [ 2529993.173378105275333, 1527003.066827939590439 ], [ 2529192.633737378753722, 1525632.988281542668119 ], [ 2524493.147033959627151, 1521394.629570182878524 ], [ 2521688.363289088942111, 1516396.433458328945562 ], [ 2520572.444098906591535, 1515343.572860369691625 ], [ 2521198.667604213114828, 1513714.686328770127147 ], [ 2520813.441876993514597, 1512500.762346085626632 ], [ 2519720.714030277915299, 1511510.935426611918956 ], [ 2518209.090944182593375, 1510525.177157200174406 ] ] } },
{ "type": "Feature", "properties": { "featurecla": "River", "scalerank": 7.0, "rivernum": 395.0, "name": "Guadiana", "name_en": "Guadiana", "strokeweig": 0.3 }, "geometry": { "type": "LineString", "coordinates": [ [ 2518209.090944182593375, 1510525.177157200174406 ], [ 2515751.622501811012626, 1508817.423130596987903 ], [ 2514666.874837584793568, 1507839.805298663908616 ], [ 2513608.455575260799378, 1506242.529541816329584 ], [ 2512837.444323963485658, 1503010.954514186363667 ], [ 2512409.702289779670537, 1502618.407902919687331 ], [ 2511694.63836451433599, 1502707.518566538346931 ], [ 2510769.078800707589835, 1502695.961560293566436 ], [ 2509965.935649039689451, 1502545.05132150510326 ], [ 2509561.79593906365335, 1502215.739685760112479 ], [ 2507588.309211120940745, 1494278.076202285243198 ], [ 2506859.961415925994515, 1492422.088614197215065 ], [ 2505872.096115969121456, 1491022.027356944046915 ], [ 2503170.549366750754416, 1490351.247437477810308 ], [ 2501417.540958075784147, 1489232.245186649728566 ], [ 2499865.282554315403104, 1487687.821329987840727 ], [ 2498079.946572310291231, 1484164.792057508137077 ], [ 2496823.321104547940195, 1483733.182602698216215 ], [ 2492087.398314074613154, 1485224.351705413544551 ], [ 2490552.492413742467761, 1485315.912165111396462 ], [ 2489311.667062276042998, 1484774.376416366547346 ], [ 2487676.114469393156469, 1481984.394034615950659 ], [ 2484495.501596773043275, 1479989.258892658632249 ], [ 2483132.292355159297585, 1478827.796419974882156 ], [ 2483902.780096889939159, 1475131.708925258368254 ], [ 2482249.79718816652894, 1470967.166310038184747 ], [ 2478446.650137410964817, 1464406.551050461828709 ], [ 2478524.793662297539413, 1462148.499156055040658 ], [ 2479939.149049032479525, 1457929.626299755182117 ], [ 2480001.987382519058883, 1455970.247919381828979 ], [ 2478539.906507580541074, 1447417.822284396272153 ], [ 2477231.343077066354454, 1444586.07733713882044 ], [ 2476924.757065474055707, 1443659.300950549775735 ], [ 2476264.042168894317001, 1440611.579953508917242 ], [ 2475508.852436187677085, 1438472.247723082546145 ], [ 2473610.838874958455563, 1435341.693976878654212 ], [ 2472710.016827985644341, 1433336.829657442634925 ], [ 2472209.065672225318849, 1431046.71314607351087 ], [ 2472246.419589757919312, 1428821.261284119915217 ], [ 2472917.867582099512219, 1427043.085428182035685 ], [ 2475762.626129695214331, 1425150.839192441897467 ], [ 2476553.654378023464233, 1423614.712936654454097 ], [ 2477187.340993765741587, 1421898.853514696005732 ], [ 2478172.512825696729124, 1420434.631017428822815 ], [ 2478893.567851066123694, 1419837.708972036838531 ], [ 2479640.886460324749351, 1419367.009711915859953 ], [ 2480480.10601018415764, 1419039.776002563303337 ], [ 2481482.635389113333076, 1418860.850320281228051 ], [ 2481572.138591234572232, 1417285.524121339432895 ], [ 2481465.322412436828017, 1416552.403646229533479 ], [ 2481496.863413210492581, 1415882.433299314696342 ], [ 2481988.075851823203266, 1414494.276833255309612 ], [ 2482473.522144164890051, 1413645.734565424965695 ], [ 2483649.099220845848322, 1412084.369877645513043 ], [ 2483956.149408389348537, 1411314.886421541916206 ], [ 2484078.099340566433966, 1409174.215865059988573 ], [ 2483957.106730121187866, 1406443.362671460723504 ], [ 2483632.982432199176401, 1404037.252826769137755 ], [ 2483156.700111493002623, 1402882.189982244744897 ], [ 2483829.702258551958948, 1399200.590992261655629 ], [ 2482428.154881016351283, 1390550.964059107936919 ], [ 2482439.219901429954916, 1386834.263295752462 ], [ 2481468.819066941738129, 1385349.815169739769772 ], [ 2481305.074084622319788, 1382831.767427020939067 ], [ 2481503.899120461195707, 1377793.036247092299163 ] ] } },
{ "type": "Feature", "properties": { "featurecla": "Lake Centerline", "scalerank": 7.0, "rivernum": 418.0, "name": "Narva", "name_en": "Narva", "strokeweig": 0.25 }, "geometry": { "type": "LineString", "coordinates": [ [ 4987002.400847163982689, 3617710.07406879356131 ], [ 4988556.648325419053435, 3613890.719309248495847 ], [ 4990198.058144327253103, 3609979.210181606933475 ], [ 4991127.68072335422039, 3605072.52319389116019 ], [ 4990652.879140820354223, 3601642.537120219320059 ], [ 4989971.647385457530618, 3600485.747297485359013 ], [ 4989655.307345953769982, 3599455.370995267294347 ], [ 4990332.737503281794488, 3593933.361414368730038 ], [ 4992217.176543921232224, 3589122.87967661395669 ], [ 4995977.159503639675677, 3584493.975847638212144 ], [ 4999361.275068078190088, 3580182.274052213411778 ], [ 5003157.051703371107578, 3576907.278935221489519 ], [ 5005382.567461324855685, 3576541.571990718133748 ], [ 5010012.175026670098305, 3578253.440299493260682 ], [ 5012719.99568188469857, 3578871.335955290589482 ], [ 5015905.342016533948481, 3578700.586200886406004 ], [ 5019109.810872554779053, 3576796.654072836972773 ], [ 5022563.844490232877433, 3574132.656884092837572 ], [ 5026311.799697638489306, 3570793.579303089529276 ], [ 5030087.457587965764105, 3567878.431125240400434 ], [ 5036416.430127714760602, 3561700.160886893980205 ], [ 5037471.193722078576684, 3560878.431399054825306 ] ] } },
{ "type": "Feature", "properties": { "featurecla": "River", "scalerank": 7.0, "rivernum": 429.0, "name": "Pripyat", "name_en": "Prypiat", "strokeweig": 0.2 }, "geometry": { "type": "LineString", "coordinates": [ [ 5022988.318185256794095, 2911076.801003004424274 ], [ 5025824.134449051693082, 2912286.992120704613626 ], [ 5029743.869570172391832, 2916040.119073173031211 ], [ 5032282.157213835045695, 2917572.095228168182075 ], [ 5044342.433751419186592, 2920171.641023607458919 ], [ 5045610.067632488906384, 2920762.933777687139809 ] ] } },
{ "type": "Feature", "properties": { "featurecla": "River", "scalerank": 7.0, "rivernum": 429.0, "name": "Pripyat", "name_en": "Prypiat", "strokeweig": 0.2 }, "geometry": { "type": "LineString", "coordinates": [ [ 5045610.067632488906384, 2920762.933777687139809 ], [ 5050584.881747990846634, 2924969.995665995404124 ], [ 5052321.024163593538105, 2925771.322275964543223 ], [ 5053040.593900950625539, 2925779.475351827219129 ], [ 5054384.882183503359556, 2925506.45414629066363 ], [ 5055123.824230993166566, 2925637.406720279715955 ], [ 5056602.893811346031725, 2927299.991410298738629 ], [ 5060758.982360194437206, 2929181.265553956851363 ], [ 5062185.965849322266877, 2929461.042789484374225 ], [ 5064991.936533361673355, 2929271.913732236251235 ], [ 5066694.354159007780254, 2929490.844821519684047 ], [ 5068692.143666193820536, 2930978.436073537450284 ], [ 5072845.710891166701913, 2929587.256238886155188 ], [ 5074118.019797004759312, 2929704.051815781742334 ], [ 5075436.308151926845312, 2930175.815461875405163 ], [ 5076636.409452577121556, 2931097.4014288992621 ], [ 5077547.806494288146496, 2932562.076727234292775 ], [ 5078401.937232340686023, 2933589.077159637585282 ], [ 5079625.824341895058751, 2933946.772372968960553 ], [ 5082057.981254540383816, 2933927.804887442849576 ], [ 5092716.202314131893218, 2937123.900759141892195 ], [ 5097347.124211608432233, 2937423.716800261754543 ], [ 5098419.28643649071455, 2938093.556380496826023 ], [ 5100201.021407908760011, 2940497.557941935490817 ], [ 5101329.249714842066169, 2941350.914803483057767 ], [ 5102693.833801393397152, 2941540.255408413242549 ], [ 5105718.542562002316117, 2941075.607924590818584 ], [ 5107190.128274723887444, 2941134.806476569268852 ], [ 5108018.181431173346937, 2941736.964404962956905 ], [ 5110034.216920559294522, 2944181.656860765069723 ], [ 5111152.11033611278981, 2945143.212398735340685 ], [ 5112431.908673575147986, 2945666.038041910156608 ], [ 5116660.859210576862097, 2946433.521031788550317 ], [ 5117230.160938043147326, 2946324.672482852358371 ], [ 5118308.544379707425833, 2945545.818213004153222 ], [ 5118731.640701107680798, 2945410.82012645015493 ], [ 5121460.359928973019123, 2946808.346061850432307 ], [ 5125647.609371573664248, 2947617.270747951697558 ], [ 5126169.477783749811351, 2948299.048849010840058 ], [ 5126595.244725843891501, 2949497.460184997878969 ], [ 5128231.219925460405648, 2949354.343441503122449 ], [ 5131298.592327956110239, 2948384.413006683345884 ], [ 5131929.366170497611165, 2948634.389395174570382 ], [ 5132822.984902137890458, 2949340.922873493283987 ], [ 5133320.274841871112585, 2949621.344024289865047 ], [ 5135750.437179348431528, 2950201.603058434091508 ], [ 5136755.652972809039056, 2950827.810839901212603 ], [ 5137162.035758933052421, 2950655.272304729558527 ], [ 5137570.438283141702414, 2949503.867904141079634 ], [ 5137958.186244398355484, 2949340.395385541487485 ], [ 5140153.548272669315338, 2950500.754442646168172 ], [ 5141992.575769374147058, 2949687.633877887390554 ], [ 5142709.860598464496434, 2949536.240969851147383 ], [ 5148092.077049147337675, 2950774.369631571695209 ], [ 5150809.964854591526091, 2950802.99084958108142 ], [ 5154244.051512243226171, 2949665.091533499769866 ], [ 5155478.397891169413924, 2949676.167580650188029 ], [ 5158202.398071155883372, 2950344.789383358322084 ], [ 5159332.872880381532013, 2950182.989888971205801 ], [ 5162363.919990729540586, 2948862.640159177128226 ], [ 5163496.110169608145952, 2948996.524193773046136 ], [ 5166136.688843813724816, 2950011.193157456815243 ], [ 5166871.888971092179418, 2950067.413927336223423 ], [ 5168205.911566003225744, 2949881.87057763338089 ], [ 5169829.022909497842193, 2949956.967395017854869 ], [ 5170428.623734941706061, 2949618.240451523568481 ], [ 5170864.383674499578774, 2949201.365862459875643 ], [ 5171309.011021650396287, 2948951.536757045425475 ], [ 5172053.285585096105933, 2948837.777311278972775 ], [ 5172507.4024937460199, 2948860.612828990910202 ], [ 5173497.730784444138408, 2949491.510634551290423 ], [ 5174029.444871108978987, 2950009.326919670216739 ], [ 5175133.603657296858728, 2951471.534499330911785 ], [ 5180192.542482951655984, 2952725.972039276733994 ] ] } },
{ "type": "Feature", "properties": { "featurecla": "River", "scalerank": 7.0, "rivernum": 429.0, "name": "Pripyat", "name_en": "Prypiat", "strokeweig": 0.25 }, "geometry": { "type": "LineString", "coordinates": [ [ 5180192.542482951655984, 2952725.972039276733994 ], [ 5180833.162946159951389, 2952641.90247123548761 ], [ 5181398.857249381020665, 2952377.046253432054073 ], [ 5181909.30759122222662, 2952414.833212114404887 ], [ 5182398.348054002039135, 2953274.724863464012742 ], [ 5183724.229202408343554, 2952407.206402479205281 ], [ 5185262.558575846254826, 2953188.4338175249286 ], [ 5189690.27161428052932, 2956697.866689577698708 ], [ 5190667.728549754247069, 2958539.112717744428664 ], [ 5191741.396709069609642, 2959742.137257461901754 ], [ 5193552.929639727808535, 2959096.607422222848982 ], [ 5194269.694665644317865, 2959796.561646845191717 ], [ 5198174.532785505987704, 2960262.172845066525042 ], [ 5199458.708291758783162, 2959929.224334090016782 ], [ 5201792.107918076217175, 2957759.277390064671636 ], [ 5203276.414242703467607, 2957694.353595208376646 ], [ 5204231.441249071620405, 2958532.241596651729196 ], [ 5205803.257996691390872, 2960983.723692845087498 ], [ 5208500.971296443603933, 2962334.141560661140829 ], [ 5210958.36355790682137, 2964334.501860688906163 ], [ 5213368.471463463269174, 2964951.259892302565277 ], [ 5213929.9393859077245, 2965428.290140863507986 ], [ 5214494.794444600120187, 2967035.833199984859675 ], [ 5215060.827957602217793, 2967519.681175053585321 ], [ 5221809.924697279930115, 2970097.18577176798135 ], [ 5222002.711140885017812, 2970512.819022876676172 ], [ 5222064.321407365612686, 2970881.031393079552799 ], [ 5222339.302661884576082, 2971068.608801919035614 ], [ 5222689.48835289105773, 2971042.578073523007333 ], [ 5222915.518758845515549, 2970748.693039180710912 ], [ 5223003.502825169824064, 2970085.783970033749938 ], [ 5222923.155463697388768, 2969712.707996756304055 ], [ 5222820.653069724328816, 2969463.994705634657294 ], [ 5222816.504417840391397, 2969170.240864484105259 ], [ 5223661.033808220177889, 2968122.93037096504122 ], [ 5225050.826478916220367, 2968013.564109101425856 ], [ 5226563.929383125156164, 2968150.643416711129248 ], [ 5227819.489517353475094, 2967852.736612068954855 ], [ 5228843.880263330414891, 2969140.53828857652843 ], [ 5230091.72466204315424, 2970324.142038801219314 ], [ 5231433.349131015129387, 2970965.985604153014719 ], [ 5232743.731024831533432, 2970651.128463949076831 ], [ 5233009.62267223931849, 2972320.213436364196241 ], [ 5233902.426701547577977, 2972889.332528213970363 ], [ 5236538.344566902145743, 2973084.356874641031027 ], [ 5236967.724743982776999, 2972974.273156612180173 ], [ 5237796.48325389996171, 2972193.057044439949095 ], [ 5238204.100317953154445, 2972077.358045561239123 ], [ 5238354.314879608340561, 2972230.604227682575583 ], [ 5238416.166519202291965, 2972504.468458607792854 ], [ 5238549.870911550708115, 2972797.156092672143131 ], [ 5238894.895664045587182, 2973009.59795606834814 ], [ 5241291.213802055455744, 2973638.108480752911419 ], [ 5246148.607470690272748, 2973369.434734778944403 ], [ 5247820.159687462262809, 2974442.599539396818727 ], [ 5251081.892450775019825, 2975098.553207317832857 ], [ 5252214.983591876924038, 2975072.913130901753902 ], [ 5252914.125552669167519, 2974642.028139192610979 ], [ 5253268.429749531671405, 2974125.20711661875248 ], [ 5253573.901474972255528, 2973603.592517983634025 ], [ 5254122.20112674869597, 2973162.67299747094512 ], [ 5254797.924939005635679, 2973187.221662355121225 ], [ 5255687.859978572465479, 2973450.633282533846796 ], [ 5256514.042341767810285, 2973488.239090262446553 ], [ 5257046.443157959729433, 2972869.590276837814599 ], [ 5267397.960413586348295, 2968209.994743772782385 ], [ 5269392.798069750890136, 2965770.225282954983413 ], [ 5273517.883621564134955, 2963840.497246979735792 ], [ 5277129.787143163383007, 2963543.941244270652533 ], [ 5279096.422930239699781, 2962952.176130026113242 ], [ 5280266.027789350599051, 2961482.590279302559793 ], [ 5280494.458853302523494, 2960076.818336472380906 ], [ 5280617.914707560092211, 2957216.068384480196983 ], [ 5280920.912284865044057, 2955545.153205032460392 ], [ 5281654.669788789004087, 2954784.003330042120069 ], [ 5282742.113838851451874, 2954284.235213059466332 ], [ 5283357.550131647847593, 2953676.058434348553419 ], [ 5282656.932400401681662, 2952630.730383191723377 ], [ 5282848.474122099578381, 2951921.584365028887987 ], [ 5283994.162394331768155, 2951021.863417358137667 ], [ 5284887.844265583902597, 2949510.630422621965408 ], [ 5285874.695308927446604, 2948179.566230596043169 ], [ 5287297.881923858076334, 2947803.800300562754273 ], [ 5287872.586022602394223, 2948171.469457991421223 ], [ 5288390.067622875794768, 2949371.751513993833214 ], [ 5288893.46689679287374, 2949752.89848880469799 ], [ 5289444.92584815621376, 2949434.977862171828747 ], [ 5289842.018606982193887, 2948493.493485513143241 ], [ 5289955.069877047091722, 2947480.371891499496996 ], [ 5289532.513665091246367, 2946650.866499580908567 ], [ 5290081.182334389537573, 2946269.658840703777969 ], [ 5290913.821581334806979, 2945973.723427787888795 ], [ 5291339.481409791857004, 2945947.816226245835423 ] ] } },
{ "type": "Feature", "properties": { "featurecla": "River", "scalerank": 7.0, "rivernum": 441.0, "name": "Morava", "name_en": "Great Morava", "strokeweig": 0.2 }, "geometry": { "type": "LineString", "coordinates": [ [ 4923402.770963705144823, 1844479.090320456307381 ], [ 4926756.49286282248795, 1846222.100880303420126 ], [ 4925019.740312973968685, 1848880.002363374922425 ], [ 4925931.487864754162729, 1851434.437277792487293 ], [ 4928386.501531574875116, 1853068.889556693611667 ], [ 4931241.037190143950284, 1852933.50345641374588 ] ] } },
{ "type": "Feature", "properties": { "featurecla": "River", "scalerank": 7.0, "rivernum": 441.0, "name": "Morava", "name_en": "Great Morava", "strokeweig": 0.15 }, "geometry": { "type": "LineString", "coordinates": [ [ 4910357.067881281487644, 1819130.704122830182314 ], [ 4910167.917353702709079, 1821843.819958704989403 ], [ 4910433.313127339817584, 1825061.017629067413509 ], [ 4910129.15938663482666, 1831638.690637427847832 ], [ 4909163.617594487965107, 1833256.22007526573725 ], [ 4909636.350260393694043, 1834381.732547943247482 ], [ 4914912.339532763697207, 1837264.061717389151454 ], [ 4915988.37634645588696, 1838329.108645453117788 ], [ 4916954.755209567025304, 1839813.725075752241537 ], [ 4918855.060977334156632, 1842119.731846828013659 ], [ 4923402.770963705144823, 1844479.090320456307381 ] ] } },
{ "type": "Feature", "properties": { "featurecla": "River", "scalerank": 7.0, "rivernum": 441.0, "name": "Morava", "name_en": "Great Morava", "strokeweig": 0.2 }, "geometry": { "type": "LineString", "coordinates": [ [ 4931241.037190143950284, 1852933.50345641374588 ], [ 4932856.045940272510052, 1851503.416376188397408 ], [ 4933145.384118578396738, 1851429.026775943115354 ], [ 4933377.350123234093189, 1851291.923557764850557 ], [ 4934520.147543468512595, 1849398.348731573671103 ], [ 4934685.656999408267438, 1848982.779471338260919 ], [ 4935936.449299763888121, 1848601.354764397023246 ], [ 4937410.153029752895236, 1848687.182047623209655 ], [ 4938895.238030432723463, 1849147.604831731179729 ], [ 4940149.639535970985889, 1849858.041776170488447 ], [ 4941843.120894999243319, 1849736.515282459789887 ], [ 4943859.224905926734209, 1851133.16009312402457 ], [ 4950946.903497306630015, 1858482.242669218219817 ], [ 4953063.197339449077845, 1862514.482979638502002 ], [ 4956981.792532122693956, 1868016.842255059396848 ], [ 4957953.291216071695089, 1870127.243068957701325 ], [ 4958368.407002682797611, 1872103.483249415876344 ], [ 4958641.669828907586634, 1878493.88339364901185 ], [ 4961645.794915944337845, 1893651.412408688571304 ], [ 4961604.836836833506823, 1895327.147405123338103 ], [ 4960955.560565805993974, 1896510.958377698203549 ], [ 4954634.109380269423127, 1902190.874083949252963 ], [ 4953143.57672012783587, 1904123.036733879242092 ], [ 4953202.887157237157226, 1905437.012844843091443 ], [ 4952559.415763552300632, 1906838.925581127637997 ], [ 4951795.943464449606836, 1909881.344639222370461 ], [ 4951062.540566822513938, 1911163.971639828989282 ], [ 4950021.693511967547238, 1911951.674371033441275 ], [ 4947759.724843040108681, 1912978.526863515609875 ], [ 4946769.676858441904187, 1913940.945257323328406 ], [ 4944143.161710775457323, 1919133.380800903076306 ], [ 4943114.798148921690881, 1920700.054427368100733 ], [ 4933518.78281853441149, 1929610.14606416458264 ], [ 4932644.531670982018113, 1930902.858015392906964 ], [ 4931009.544069471769035, 1934777.425283077638596 ], [ 4930149.209582701325417, 1935869.123279527761042 ], [ 4930422.436938095837831, 1936113.838992499746382 ], [ 4930476.215445736423135, 1936143.918682534713298 ], [ 4930493.227205211296678, 1936232.266244401223958 ], [ 4930575.261853660456836, 1936620.015361475758255 ], [ 4928089.284031140618026, 1938466.122796860523522 ], [ 4927390.084746805019677, 1939169.353286650497466 ], [ 4927126.602988952770829, 1939835.74172588204965 ], [ 4927012.164915041998029, 1940619.71840562671423 ], [ 4926718.385173531249166, 1941353.430372072383761 ], [ 4925865.843722998164594, 1941847.513234121026471 ], [ 4925737.180981379002333, 1942647.890790284611285 ], [ 4925757.520189366303384, 1943613.954686626326293 ], [ 4925248.921762461774051, 1945029.837712360080332 ], [ 4923853.324467522092164, 1947573.452680572867393 ], [ 4923725.660757222212851, 1948368.554278454277664 ], [ 4924546.297916028648615, 1949449.691490568919107 ], [ 4924182.258040574379265, 1950380.591560984961689 ], [ 4922668.487402654252946, 1951870.222252210369334 ], [ 4922285.302681814879179, 1953044.047120413742959 ], [ 4921829.105660654604435, 1955329.093779751565307 ], [ 4921374.858282646164298, 1956218.74473650380969 ], [ 4921853.520309096202254, 1957846.2291688057594 ], [ 4920882.697664020583034, 1959481.732106370618567 ], [ 4919244.852954517118633, 1960839.320840462110937 ], [ 4917784.513846172019839, 1961626.809872183017433 ], [ 4916229.052358541637659, 1961819.356757080415264 ], [ 4912836.751033693552017, 1961679.773392761591822 ], [ 4911674.13798120059073, 1962144.445994198322296 ], [ 4911646.190088794566691, 1963495.016378797125071 ], [ 4910760.879733411595225, 1964957.91923346882686 ], [ 4911094.425341553986073, 1965793.918747123330832 ], [ 4909575.841386390849948, 1966426.751691290875897 ], [ 4906658.895252586342394, 1966694.360643506515771 ], [ 4905339.540690803900361, 1967867.32546859420836 ], [ 4904494.657750031910837, 1967733.980521131306887 ], [ 4903765.801372664049268, 1968367.153886791784316 ], [ 4902984.238308475352824, 1968818.421384560409933 ], [ 4901982.56170526240021, 1968153.117207384668291 ], [ 4901073.577176905237138, 1968576.559818697161973 ], [ 4900402.137700234539807, 1968452.364334963262081 ], [ 4899729.409672733396292, 1968039.528637359384447 ], [ 4898800.099865505471826, 1967653.343380811624229 ], [ 4898853.325111700221896, 1968254.740813928423449 ], [ 4899010.794842802919447, 1968661.442722928710282 ], [ 4899283.080799948424101, 1968979.305143078789115 ], [ 4899631.802553, 1969279.793992864666507 ], [ 4899169.62603, 1969380.917178916046396 ], [ 4898870.552210866473615, 1969555.733419430442154 ], [ 4898511.606000326573849, 1969691.790767048019916 ], [ 4897891.31147794239223, 1969688.081922363489866 ], [ 4898067.249225693754852, 1970917.717423901893198 ], [ 4897887.825033450499177, 1971864.596601277589798 ], [ 4897448.713914570398629, 1972637.214205582626164 ], [ 4896825.635418044403195, 1973322.267088435590267 ], [ 4896352.499345605261624, 1973248.21004696097225 ], [ 4896050.682036941871047, 1971657.128686067648232 ], [ 4895483.004069994203746, 1971194.436653618235141 ], [ 4893620.137221574783325, 1971325.631205388344824 ], [ 4892609.202668387442827, 1971640.797773764003068 ], [ 4891989.605599947273731, 1972706.077232415322214 ], [ 4890685.449018903076649, 1976976.321269836742431 ], [ 4890500.378534292802215, 1977842.124387334100902 ], [ 4890030.818689437583089, 1978196.348401610739529 ], [ 4888766.593209197744727, 1978106.700051150983199 ], [ 4888220.478988576680422, 1978555.966728874016553 ], [ 4886772.077074033208191, 1982277.682253985200077 ], [ 4887236.195072519592941, 1983027.84482576418668 ], [ 4886500.482048102654517, 1984403.554113885387778 ], [ 4886499.228530342690647, 1984985.39265248272568 ], [ 4886783.139857325702906, 1985947.864197102375329 ], [ 4886027.787865046411753, 1985830.718773589935154 ], [ 4885308.881507820449769, 1985852.807869966840371 ], [ 4884617.704103760421276, 1986020.769219248555601 ], [ 4883934.059467975981534, 1986315.442277956753969 ], [ 4884608.11659427639097, 1989204.154664224479347 ], [ 4884999.881999214179814, 1990217.881677385419607 ], [ 4884041.676261449232697, 1990915.710091355722398 ], [ 4883591.35781489033252, 1992402.284890700131655 ], [ 4883207.36528489459306, 1994184.70684889703989 ], [ 4882467.542755944654346, 1995797.252146302955225 ] ] } },
{ "type": "Feature", "properties": { "featurecla": "River", "scalerank": 7.0, "rivernum": 441.0, "name": "Morava", "name_en": "Great Morava", "strokeweig": 0.25 }, "geometry": { "type": "LineString", "coordinates": [ [ 4882467.542755944654346, 1995797.252146302955225 ], [ 4883425.738103547133505, 1996265.845751638524234 ], [ 4883289.840585903264582, 1997093.618068514857441 ], [ 4882735.654892852529883, 1998230.304018381051719 ], [ 4882466.517979760654271, 1999595.263689577113837 ], [ 4882671.08538165781647, 2000641.172569514485076 ], [ 4883084.070776580832899, 2001212.254985908279195 ], [ 4884274.350152181461453, 2002117.448592003667727 ], [ 4884161.120923275128007, 2002847.230593664105982 ], [ 4883223.095731489360332, 2002629.706828565802425 ], [ 4882631.307688166387379, 2002890.325322699965909 ], [ 4882440.951564303599298, 2003621.493995036231354 ], [ 4882740.738675422035158, 2004796.89106086990796 ], [ 4881519.214079472236335, 2004794.557176069589332 ], [ 4880687.83794709853828, 2005858.896761680487543 ], [ 4880308.295497382059693, 2007441.453793650493026 ], [ 4880428.43818034697324, 2008981.146832854487002 ], [ 4879566.172194335609674, 2009501.639831868000329 ], [ 4879065.075086089782417, 2009130.694813395384699 ], [ 4878581.733487471938133, 2008594.428634265437722 ], [ 4877802.816851342096925, 2008575.671595469117165 ], [ 4877167.718720814213157, 2009198.235222147544846 ], [ 4875719.590430779382586, 2011301.939246547408402 ], [ 4875127.357154356315732, 2011899.197244662325829 ], [ 4869809.314451972022653, 2012831.087626663502306 ], [ 4868334.907687201164663, 2013846.24344593170099 ], [ 4867955.477337167598307, 2014769.957294483669102 ], [ 4867080.013199924491346, 2018869.448629709659144 ], [ 4866465.767763037234545, 2020176.032442548312247 ], [ 4866012.303561829030514, 2020832.349569080397487 ], [ 4865434.723959419876337, 2021144.386766228359193 ], [ 4864476.509981542825699, 2021459.866146102780476 ], [ 4863828.540503533557057, 2021427.957741781370714 ], [ 4863451.339058374986053, 2021130.583302790531889 ], [ 4863150.644981434568763, 2021138.221155202249065 ], [ 4862786.837709991261363, 2022016.34613377507776 ], [ 4862430.84371442347765, 2023349.003587206825614 ], [ 4862322.185349968262017, 2024519.197397128213197 ], [ 4862575.701530478894711, 2025376.395543236518279 ], [ 4863331.187508651986718, 2025757.93226603558287 ], [ 4861486.579927877523005, 2027040.279402069747448 ], [ 4863098.859296694397926, 2027285.290684756124392 ], [ 4862873.849551636725664, 2027629.735266015864909 ], [ 4862775.513874965719879, 2027721.44721411797218 ], [ 4862679.376532561145723, 2027773.494874966796488 ], [ 4862416.792132874950767, 2027986.90372450882569 ], [ 4862634.215005272999406, 2028953.273449241649359 ], [ 4862685.221255437470973, 2029374.352955570444465 ], [ 4862523.667790471576154, 2029629.774306387640536 ], [ 4862093.897671515122056, 2030111.073587141931057 ], [ 4861982.967145056463778, 2030840.833026672946289 ], [ 4863483.030030825175345, 2031815.704559559002519 ], [ 4863361.972022590227425, 2032610.567739082733169 ], [ 4862065.26930451579392, 2032946.519200560636818 ], [ 4860278.775435045361519, 2035248.061473208246753 ], [ 4859100.88018533680588, 2035690.558796957600862 ], [ 4858989.439768880605698, 2036425.502896199235693 ], [ 4859513.507357006892562, 2036504.992663875920698 ], [ 4859413.862648360431194, 2037161.734748789574951 ], [ 4858889.855816187337041, 2037082.25419648247771 ], [ 4858768.933839652687311, 2037879.728720986982808 ], [ 4860133.194283627904952, 2037972.117677204310894 ], [ 4860633.38659006357193, 2038661.322721665259451 ], [ 4860243.131090645678341, 2039516.498996649403125 ], [ 4858971.800611747428775, 2040075.293808077462018 ], [ 4859140.99244110006839, 2041481.938729180488735 ], [ 4858689.212384128943086, 2042063.860777096822858 ], [ 4858011.715383800677955, 2042368.979806513059884 ], [ 4857472.15387387573719, 2042900.32996857073158 ], [ 4857079.233587892726064, 2043979.06963175535202 ], [ 4857082.672636054456234, 2044587.371500369627029 ], [ 4857265.071759900078177, 2045276.103761134203523 ], [ 4857443.6338802985847, 2046620.017171378480271 ], [ 4857506.446469854563475, 2048423.517480430891737 ], [ 4857808.804455062374473, 2050082.084864144213498 ], [ 4858802.762448112480342, 2051259.318019316997379 ], [ 4860954.744671313092113, 2051626.817148278933018 ], [ 4860589.833872142247856, 2052392.269966506864876 ], [ 4860044.615047066472471, 2052887.689510704716668 ], [ 4859363.344479319639504, 2053223.828277045860887 ], [ 4858538.816365744918585, 2053498.271178324008361 ], [ 4858765.742672048509121, 2055771.810252029914409 ], [ 4859421.791231129318476, 2055423.830191103043035 ], [ 4859642.46601677685976, 2055478.749794272705913 ], [ 4859815.124344509094954, 2055723.61832711356692 ], [ 4860287.789040755480528, 2056003.540366985602304 ], [ 4859853.950295343063772, 2056145.36012803344056 ], [ 4859576.966167457401752, 2056335.080401500919834 ], [ 4859256.825198186561465, 2056507.579071186482906 ], [ 4858644.877522645518184, 2056566.394783601630479 ], [ 4858724.886033096350729, 2058297.772913799155504 ], [ 4858790.459283328615129, 2058819.510379234328866 ], [ 4858313.199449369683862, 2058746.893196838442236 ], [ 4857807.429886500351131, 2058259.521218684036285 ], [ 4857299.989874836988747, 2059213.877461431082338 ], [ 4856558.319730557501316, 2060380.533286077901721 ], [ 4855333.958367070183158, 2060533.224058777559549 ], [ 4855223.351158254779875, 2061262.673194360453635 ], [ 4856132.059582832269371, 2062434.598830045666546 ], [ 4856482.03574729245156, 2063593.762336166575551 ], [ 4856271.807337720878422, 2064902.350327845662832 ], [ 4855492.513908747583628, 2066521.567541934084147 ], [ 4854668.685850256122649, 2067808.924191787838936 ], [ 4853973.544434957206249, 2068375.030277587473392 ], [ 4853023.367018117569387, 2068438.910212048795074 ], [ 4851465.481069754809141, 2068216.536894973134622 ], [ 4851356.749992270022631, 2070270.446091749239713 ], [ 4849317.994982427917421, 2072608.260696551762521 ], [ 4850113.218256017193198, 2073967.217275589704514 ], [ 4849629.80185435898602, 2074448.377511481754482 ], [ 4848346.589209643192589, 2075392.362245929427445 ], [ 4847655.091362210921943, 2075767.668294512666762 ], [ 4847736.631719088181853, 2076286.127635055687279 ], [ 4847787.002758080139756, 2077591.108389453031123 ], [ 4847880.392440137453377, 2078106.024311145301908 ], [ 4847026.666316539980471, 2078097.24416905362159 ], [ 4846405.52372763864696, 2078563.137433636467904 ], [ 4846020.93583806976676, 2079477.565224823076278 ], [ 4845867.4430195344612, 2080573.270001115743071 ] ] } },
{ "type": "Feature", "properties": { "featurecla": "River", "scalerank": 7.0, "rivernum": 442.0, "name": "Evros", "name_en": "Maritsa", "strokeweig": 0.2 }, "geometry": { "type": "LineString", "coordinates": [ [ 5094636.937251208350062, 1854571.074334382079542 ], [ 5095580.718994191847742, 1856086.019186141667888 ], [ 5097857.582653019577265, 1858715.797069863416255 ], [ 5098893.735208995640278, 1860262.297758386470377 ], [ 5100020.203650029376149, 1860859.390216257423162 ], [ 5105736.797636113129556, 1861171.392580872168764 ], [ 5108188.543313156813383, 1861797.722545873839408 ], [ 5108978.331774063408375, 1861786.045686222147197 ], [ 5109576.500936646014452, 1861436.377551953308284 ], [ 5110819.874098687432706, 1860196.590233856113628 ], [ 5111302.811380583792925, 1859970.582100237952545 ], [ 5112084.202282912097871, 1859857.985035629011691 ], [ 5112801.34584451559931, 1859348.005748561350629 ], [ 5113344.410000099800527, 1858597.465071526356041 ], [ 5114023.409989996813238, 1856819.430071301758289 ], [ 5114642.677647601813078, 1856258.548758649267256 ], [ 5121577.192955555394292, 1853920.057685269508511 ], [ 5123155.733166250400245, 1853878.068488294724375 ], [ 5124183.099961617961526, 1854223.731079489691183 ], [ 5125109.549714603461325, 1854760.406096064019948 ], [ 5126700.315152059309185, 1856069.458768748445436 ] ] } },
{ "type": "Feature", "properties": { "featurecla": "River", "scalerank": 7.0, "rivernum": 442.0, "name": "Evros", "name_en": "Maritsa", "strokeweig": 0.2 }, "geometry": { "type": "LineString", "coordinates": [ [ 5126700.315152059309185, 1856069.458768748445436 ], [ 5127996.506837770342827, 1857033.766719042090699 ], [ 5128412.82875984441489, 1857221.956501516047865 ], [ 5129579.65757888648659, 1857299.110514827538282 ], [ 5131799.196941808797419, 1856636.719827881781384 ], [ 5132774.95112357288599, 1856564.240690194536 ], [ 5137652.535556742921472, 1857511.6636868333444 ], [ 5139584.628580920398235, 1857408.124151632189751 ], [ 5152403.267408275976777, 1853406.909851659554988 ], [ 5153481.556860830634832, 1852621.183771483367309 ], [ 5154922.348245281726122, 1852096.021435940172523 ], [ 5160926.917853721417487, 1853352.271312062861398 ], [ 5162946.797349525615573, 1853294.767313393764198 ], [ 5165081.030103749595582, 1855144.785647717071697 ], [ 5196506.828718182630837, 1861649.444317216053605 ], [ 5196737.989700708538294, 1861796.79191188630648 ], [ 5196837.84917720220983, 1862055.048912060912699 ], [ 5196998.36808203253895, 1862331.147637735586613 ], [ 5197432.384275604039431, 1862528.225367216859013 ], [ 5197921.302437986247241, 1862398.820826512761414 ], [ 5198482.760617887601256, 1862014.105039108078927 ], [ 5198938.501553944312036, 1861615.824390496360138 ], [ 5199059.869187112897635, 1861416.442288369871676 ], [ 5199813.014339475892484, 1861665.714690502267331 ], [ 5200746.359556089155376, 1862446.713934967527166 ], [ 5201611.637726291082799, 1862697.690804180223495 ], [ 5202677.041004165075719, 1862484.613071079133078 ], [ 5203549.934723243117332, 1862015.791679959744215 ], [ 5204373.327371822670102, 1861982.839493565261364 ], [ 5206354.317660718224943, 1864310.968318524537608 ], [ 5209076.854922125115991, 1865536.609355371445417 ], [ 5210427.369173532351851, 1866781.691326105967164 ], [ 5211486.125379460863769, 1865982.209472786169499 ], [ 5212853.573610153049231, 1865712.016166907968 ], [ 5213862.882867895998061, 1865191.849214814137667 ], [ 5213892.400489628314972, 1863656.797602124512196 ], [ 5215366.97138783056289, 1863687.80125108663924 ], [ 5217842.686141036450863, 1862045.739214514382184 ], [ 5219621.185254272073507, 1861897.672144537325948 ], [ 5220408.199640171602368, 1862486.722713019698858 ], [ 5221396.652750365436077, 1864248.588468543021008 ], [ 5221962.683660432696342, 1864237.230963591951877 ], [ 5222730.599981554783881, 1863973.390720993280411 ], [ 5225553.123287188820541, 1864646.46978706214577 ], [ 5226795.014230128377676, 1864677.428729385603219 ], [ 5231679.595813002437353, 1863671.545619884971529 ], [ 5233369.295102565549314, 1864141.950583962723613 ], [ 5234289.918200348503888, 1864228.307204381562769 ], [ 5234991.991899471729994, 1863957.366835169494152 ], [ 5236040.329207016155124, 1863326.805103291291744 ], [ 5236994.645195111632347, 1863312.430112070869654 ], [ 5237852.179312825202942, 1863526.66937449015677 ], [ 5238689.743010005913675, 1863569.003385781310499 ], [ 5243442.318204326555133, 1861320.206878168042749 ], [ 5245206.002607543952763, 1861241.182473396416754 ], [ 5251251.55172179825604, 1863291.643094213213772 ], [ 5253975.420229306444526, 1863348.018111214507371 ], [ 5263250.908517996780574, 1860498.698112909682095 ], [ 5264634.990286092273891, 1860581.464938284363598 ], [ 5268923.948210762813687, 1861728.524965705350041 ], [ 5269593.861685493960977, 1862234.542183452984318 ], [ 5270916.344519108533859, 1864085.880297838244587 ], [ 5271710.931300980038941, 1864611.234971896745265 ], [ 5272597.014396801590919, 1864438.502250493969768 ], [ 5273702.181684702634811, 1863817.715518662706017 ], [ 5274703.057505689561367, 1863027.935833921190351 ], [ 5275321.119436617009342, 1862363.331397103145719 ], [ 5276221.261938103474677, 1860426.774455685634166 ], [ 5276955.066690074279904, 1858364.34944653743878 ], [ 5277830.128006927669048, 1856804.416546035557985 ], [ 5279187.269366746768355, 1856390.996025357861072 ], [ 5280037.653536356054246, 1855742.120625650975853 ], [ 5283055.633137149736285, 1852466.569248685147613 ], [ 5284502.076569235883653, 1851487.80375593341887 ], [ 5286139.509579293429852, 1851191.273991981288418 ], [ 5287430.939190642908216, 1851252.938713571056724 ], [ 5290349.586298590525985, 1851950.25075304415077 ], [ 5291339.481409791857004, 1851782.830336764687672 ] ] } },
{ "type": "Feature", "properties": { "featurecla": "River", "scalerank": 7.0, "rivernum": 443.0, "name": "Tevere", "name_en": "Tiber", "strokeweig": 0.2 }, "geometry": { "type": "LineString", "coordinates": [ [ 4160694.29373281262815, 1916221.622747696936131 ], [ 4159610.8531478587538, 1915278.372133314376697 ], [ 4159160.120814165566117, 1913302.144827579148114 ], [ 4159366.098570363596082, 1910963.820592645090073 ], [ 4159945.333939041011035, 1909401.235446110833436 ], [ 4161718.48954758560285, 1903505.377819710411131 ], [ 4162279.327859525103122, 1899904.054584311321378 ], [ 4160788.11828549252823, 1897644.720047529321164 ], [ 4160808.437740791589022, 1896911.27325639501214 ], [ 4163609.273274631239474, 1896276.638324331259355 ], [ 4166019.021848551463336, 1895243.980478741461411 ], [ 4168158.6500602546148, 1893623.520407077390701 ], [ 4170149.979505030903965, 1891204.563125512097031 ], [ 4170504.810915199574083, 1890243.164679928217083 ], [ 4170648.053573083598167, 1889291.396699767559767 ], [ 4170900.054715642239898, 1888564.644602362066507 ], [ 4172098.098699580878019, 1888092.93918193760328 ], [ 4174047.141807127743959, 1886817.278804945992306 ], [ 4174940.070135734975338, 1885642.40421485947445 ], [ 4175841.469652965199202, 1884071.715390796307474 ], [ 4176449.664416349027306, 1882412.971081247553229 ], [ 4176416.112330545671284, 1880980.386024184525013 ], [ 4175853.419331013225019, 1881766.306013403693214 ], [ 4177171.017312135081738, 1875144.580492095090449 ], [ 4177718.027047644834965, 1873634.377713666297495 ] ] } },
{ "type": "Feature", "properties": { "featurecla": "River", "scalerank": 7.0, "rivernum": 443.0, "name": "Tevere", "name_en": "Tiber", "strokeweig": 0.2 }, "geometry": { "type": "LineString", "coordinates": [ [ 4177718.027047644834965, 1873634.377713666297495 ], [ 4178419.651258025318384, 1873127.478246993385255 ], [ 4181399.465684480033815, 1871766.483431363478303 ], [ 4182639.349795913789421, 1871575.356909994967282 ], [ 4182365.515019786544144, 1869233.99478837964125 ], [ 4183530.457517878618091, 1867764.598509148228914 ], [ 4186642.173010422848165, 1865783.97088403487578 ], [ 4190614.626062789931893, 1857607.206425342941657 ], [ 4191933.063983467407525, 1855715.904944554436952 ], [ 4193058.105387462303042, 1853263.413717665243894 ], [ 4194640.139746343716979, 1852224.32277226797305 ], [ 4194497.099409410730004, 1851056.651491125114262 ], [ 4193672.213289125822484, 1849319.238141404930502 ], [ 4193745.610451773740351, 1847101.431563826976344 ], [ 4194002.972242259420455, 1846697.614337677601725 ], [ 4195148.397267917171121, 1846029.933618395123631 ], [ 4195413.110247013159096, 1845642.269766755867749 ], [ 4195038.473581210710108, 1844678.188690580427647 ], [ 4193089.600574346259236, 1842094.486771804047748 ], [ 4192318.984928916674107, 1840773.853855358902365 ], [ 4192770.1612877426669, 1840022.060767044313252 ], [ 4192797.952377673704177, 1839177.040952956303954 ], [ 4192475.325946829747409, 1838373.365613103844225 ], [ 4191875.667706297710538, 1837735.10688976245001 ], [ 4192193.689622884616256, 1837499.664408541284502 ], [ 4192413.736281421966851, 1837295.389093063306063 ], [ 4192640.073487810790539, 1837136.269599636550993 ], [ 4192992.651950116734952, 1837031.540832102298737 ], [ 4191940.085019963327795, 1835410.778296425007284 ], [ 4191690.336559481918812, 1834503.735250446014106 ], [ 4192020.676290133967996, 1833303.672259486513212 ], [ 4191367.944656779523939, 1833084.061713930219412 ], [ 4191009.44505221536383, 1832768.339891364332289 ], [ 4190447.825668420642614, 1831771.856669270666316 ], [ 4190674.703372363466769, 1831361.485371076501906 ], [ 4191014.89164090808481, 1831049.986162500455976 ], [ 4190704.044050031807274, 1830458.2115829072427 ], [ 4190312.227406676858664, 1829366.752827444346622 ], [ 4190000.356450501829386, 1828801.40964992181398 ], [ 4190477.199713648762554, 1827872.926389635540545 ], [ 4190473.072230018675327, 1826801.926994641311467 ], [ 4190136.773859673645347, 1825786.252255078870803 ], [ 4189578.420601518359035, 1825022.547397444024682 ], [ 4189599.980459099635482, 1824354.252623127773404 ], [ 4190225.244747393298894, 1823052.31276997202076 ], [ 4189973.43516659643501, 1821819.835609500296414 ], [ 4189308.287997117266059, 1820735.334144259802997 ], [ 4188608.309749599546194, 1819879.845407206797972 ], [ 4190335.408716226927936, 1818806.278040155768394 ], [ 4190989.398557209409773, 1818079.062385395634919 ], [ 4191473.698900920338929, 1816949.683092894498259 ], [ 4190182.429575252346694, 1816315.407780406530946 ], [ 4189506.990315604023635, 1816134.939827248454094 ], [ 4188728.863420665729791, 1816120.514114228542894 ], [ 4188750.38270453736186, 1815449.459333855425939 ], [ 4189421.713874925859272, 1814550.665011649485677 ], [ 4190343.405570007860661, 1813985.32200915273279 ], [ 4191197.528404305223376, 1813227.488428758690134 ], [ 4191644.085765408352017, 1811713.265455779619515 ], [ 4190436.82839335501194, 1811457.224285448435694 ], [ 4189023.311003285460174, 1810583.834095249883831 ], [ 4185261.002780170645565, 1806933.278539713937789 ], [ 4184215.002151723951101, 1806345.03367603989318 ], [ 4181434.525734999217093, 1805470.576627525500953 ], [ 4178273.673285890370607, 1801670.978961724322289 ], [ 4175497.929191378876567, 1801587.757396273082122 ], [ 4175965.587695502210408, 1799644.208422359544784 ], [ 4176646.814750512130558, 1797749.325353655964136 ], [ 4177568.507148612756282, 1796314.041904767975211 ], [ 4178725.4940155739896, 1795766.932231683749706 ], [ 4179143.389671591110528, 1794866.874739514663815 ], [ 4179577.636359843425453, 1792790.000197512563318 ], [ 4179822.489728719927371, 1790522.090155913960189 ], [ 4179702.231777974870056, 1789076.439734179060906 ], [ 4180862.01822404563427, 1786955.3400898440741 ], [ 4181128.320920967962593, 1786817.957730988040566 ], [ 4181514.526490400545299, 1786980.621636891271919 ], [ 4181856.984372155740857, 1787038.770288361702114 ], [ 4182015.578233416192234, 1786588.528281781356782 ], [ 4182002.167840810958296, 1785116.883799477946013 ], [ 4182277.77493949374184, 1783791.695091155357659 ], [ 4182483.253864713944495, 1781950.93555682618171 ], [ 4182734.934458104893565, 1781027.18769794749096 ], [ 4183034.41407367400825, 1780586.554009401705116 ], [ 4183985.045279515907168, 1779610.373397768009454 ], [ 4184439.195064463187009, 1778862.312941653653979 ], [ 4185887.213498475961387, 1779780.930066094733775 ], [ 4187817.687279762234539, 1779180.213732926174998 ], [ 4191979.011171778198332, 1776124.392666128464043 ], [ 4193964.108885023742914, 1773912.743289901176468 ], [ 4194019.505527147091925, 1773657.804302088683471 ], [ 4193951.25009807664901, 1772747.664221375714988 ], [ 4194010.398694973904639, 1772498.135537626920268 ], [ 4194254.339647442102432, 1772474.358968819025904 ], [ 4194889.286494603380561, 1772606.370546037796885 ], [ 4195115.20547810383141, 1772534.390864748973399 ], [ 4195488.273137034848332, 1772281.977536896476522 ], [ 4196398.148229424841702, 1772047.34151028515771 ], [ 4196787.414031144231558, 1771782.305335329845548 ], [ 4196809.615497929044068, 1771113.326427868567407 ], [ 4196325.07202629558742, 1770700.197794866980985 ], [ 4195968.496954593807459, 1770211.920118908863515 ], [ 4195241.210951210930943, 1768705.515037339646369 ], [ 4195863.168560423888266, 1768291.868659767787904 ], [ 4196526.023348941467702, 1768186.719097486231476 ], [ 4197226.458527497947216, 1768368.797342910896987 ], [ 4197977.540389587171376, 1768796.1973443957977 ], [ 4197999.95436477381736, 1768124.537028186023235 ], [ 4197119.358089695684612, 1766512.116256521549076 ], [ 4197286.824042242951691, 1764426.215052545536309 ], [ 4198284.26965257525444, 1762547.915111797861755 ], [ 4199917.78578375838697, 1761522.4371039532125 ], [ 4198843.563430928625166, 1760745.027716641314328 ], [ 4200408.841131567023695, 1758613.202025087084621 ], [ 4204922.914078906178474, 1758250.800135514233261 ], [ 4206108.522180793806911, 1755807.948595192749053 ], [ 4206798.692058655433357, 1756660.763986021280289 ], [ 4207006.298494706861675, 1757136.694676524493843 ], [ 4207131.154281347058713, 1758067.84951891284436 ], [ 4207732.030411500483751, 1758088.821006537415087 ], [ 4207727.185082477517426, 1756764.633801400195807 ], [ 4208039.298999387770891, 1756049.970068871276453 ], [ 4208611.54863188136369, 1755995.874157526064664 ], [ 4209433.382243495434523, 1756673.557672630995512 ], [ 4210246.798282329924405, 1755359.655237450730056 ], [ 4211141.007067295722663, 1754218.17162143997848 ], [ 4211792.182922134175897, 1752837.717294791480526 ], [ 4211834.65264855697751, 1750760.22526283422485 ], [ 4210300.721353092230856, 1752387.551309888251126 ], [ 4209912.62815314065665, 1751115.863265100400895 ], [ 4210167.267613130621612, 1748921.316243660170585 ], [ 4210543.323367070406675, 1747753.339716552756727 ], [ 4210075.493835844099522, 1747392.494309281697497 ], [ 4210653.160363519564271, 1746652.741020168177783 ], [ 4212018.749812675639987, 1745588.741903177462518 ], [ 4212534.148108030669391, 1744396.611663998337463 ], [ 4212769.983428970910609, 1743642.160419300664216 ], [ 4212803.367491183802485, 1742928.151014566421509 ], [ 4212704.275372793897986, 1741838.546114368364215 ], [ 4212226.412703874520957, 1739755.272433963604271 ], [ 4211413.303702858276665, 1738547.533501771278679 ], [ 4208514.638269873335958, 1735359.182427745545283 ], [ 4207850.436495554633439, 1735163.804182443534955 ], [ 4207289.230573146604002, 1735184.01819129823707 ], [ 4206828.793825071305037, 1735030.278126130113378 ], [ 4205446.192001295275986, 1733914.860420214012265 ], [ 4205386.450556362979114, 1733356.451406141044572 ], [ 4206355.791039934381843, 1732727.552709250012413 ], [ 4206379.120453223586082, 1732052.766381027642637 ], [ 4204522.568517052568495, 1731835.204820393817499 ], [ 4203330.428436947986484, 1730543.963677298510447 ], [ 4202892.279343369416893, 1728674.4234755767975 ], [ 4203244.144227357581258, 1726693.893283741082996 ], [ 4202653.381163312122226, 1726048.50743727455847 ], [ 4202238.64948162343353, 1725221.001357082976028 ], [ 4201747.54912231862545, 1723606.602792744990438 ], [ 4201917.766207870095968, 1721844.901668481295928 ], [ 4201801.714373228140175, 1720243.069969477364793 ], [ 4200986.385502615943551, 1719190.066083355806768 ], [ 4199082.795045256614685, 1719073.413819599896669 ], [ 4199105.258247779682279, 1718398.405024779960513 ], [ 4199809.939770233817399, 1718037.637764096492901 ], [ 4200195.824720910750329, 1717388.011385216144845 ], [ 4200205.27620969619602, 1716513.780045283026993 ], [ 4199757.512866891920567, 1715457.293067020829767 ], [ 4200589.952261949889362, 1714485.981704175937921 ], [ 4200545.474900063127279, 1713212.335521564586088 ], [ 4200150.092020097188652, 1711648.62347854138352 ], [ 4199944.986266070045531, 1709839.438959253719077 ], [ 4199543.881585967727005, 1708434.514387497445568 ], [ 4198463.881782528944314, 1708125.639222354628146 ], [ 4197185.784925958141685, 1708170.921961637446657 ], [ 4196125.605382239446044, 1707857.823108117794618 ], [ 4195993.288006936199963, 1707296.867355359019712 ], [ 4196100.220903039909899, 1706452.157251838594675 ], [ 4196101.242754945531487, 1705572.158997064456344 ], [ 4195667.904952022247016, 1704874.111887950450182 ], [ 4195145.637459098361433, 1704711.301623519742861 ], [ 4191856.964923713356256, 1704968.329741484718397 ], [ 4190797.66035727923736, 1705226.104085187893361 ], [ 4189899.303786669392139, 1705038.546964698005468 ], [ 4189056.138857739977539, 1703853.559049667324871 ], [ 4187664.243451873771846, 1704597.093148209154606 ], [ 4186521.059154751710594, 1703986.237567492527887 ], [ 4184632.117751199286431, 1701560.71098827989772 ], [ 4185180.811772670596838, 1699854.582630305318162 ], [ 4184279.262289493810385, 1698835.398370224749669 ], [ 4181415.590220267418772, 1697693.103449501097202 ] ] } },
{ "type": "Feature", "properties": { "featurecla": "River", "scalerank": 7.0, "rivernum": 470.0, "name": "Neris", "name_en": "Neris", "strokeweig": 0.2 }, "geometry": { "type": "LineString", "coordinates": [ [ 5105582.294354603625834, 3222764.410918621346354 ], [ 5103288.578604559414089, 3222198.816713890992105 ], [ 5102989.584088844247162, 3221781.149297321680933 ], [ 5102998.991436992771924, 3220212.333615745417774 ], [ 5102571.356473043560982, 3219754.964213300030679 ], [ 5101962.896693887189031, 3219483.428215997759253 ], [ 5100956.645551138557494, 3218721.539560069795698 ], [ 5100481.296435077674687, 3218482.944175348617136 ], [ 5099413.549685163423419, 3218418.664208358153701 ], [ 5095621.484788671135902, 3219288.308987989090383 ], [ 5093335.863296095281839, 3219266.297929275315255 ], [ 5091391.83737882040441, 3218075.14162769028917 ], [ 5089838.951833317987621, 3215193.60113338008523 ], [ 5088083.170296038500965, 3213825.591559325810522 ], [ 5087688.38443355076015, 3213161.558535405900329 ] ] } },
{ "type": "Feature", "properties": { "featurecla": "River", "scalerank": 7.0, "rivernum": 470.0, "name": "Neris", "name_en": "Neris", "strokeweig": 0.2 }, "geometry": { "type": "LineString", "coordinates": [ [ 5087688.38443355076015, 3213161.558535405900329 ], [ 5087404.522049293853343, 3211766.725181729532778 ], [ 5087285.734231112524867, 3210493.139057251624763 ], [ 5086921.565255098044872, 3209479.535195078700781 ], [ 5085198.73731538746506, 3208521.869734409730881 ], [ 5083427.350920495577157, 3207033.87247456330806 ], [ 5083150.808036171831191, 3206355.821158941369504 ], [ 5082743.07984469179064, 3205987.07221315195784 ], [ 5079072.931411978788674, 3203774.01317480020225 ], [ 5074815.567315826192498, 3202430.244274504948407 ], [ 5074128.353571989573538, 3202044.408615599386394 ], [ 5073528.739148554392159, 3201528.190837030764669 ], [ 5072966.859087628312409, 3200523.618700133170933 ], [ 5072355.443865632638335, 3200253.546932868659496 ], [ 5072139.513493390753865, 3199866.88204560149461 ], [ 5072084.850398269481957, 3199278.037360167596489 ], [ 5072119.412610814906657, 3197785.911056576762348 ], [ 5072051.54151857458055, 3197304.791670263279229 ], [ 5071199.689636319875717, 3195993.85161094693467 ], [ 5070042.497058048844337, 3194972.88375662593171 ], [ 5068727.376724227331579, 3194244.606879917904735 ], [ 5067381.653413984924555, 3193790.60321720642969 ], [ 5066726.02308976650238, 3193397.598344614263624 ], [ 5065713.682389564812183, 3192117.841483463067561 ], [ 5065188.203726514242589, 3191758.606730043888092 ], [ 5062893.516309672035277, 3191217.214590253308415 ], [ 5054927.055871301330626, 3190886.588617341592908 ], [ 5052671.627658871933818, 3189641.390346840023994 ], [ 5051996.294321193359792, 3188533.407967634964734 ], [ 5051517.427862866781652, 3187147.378142415545881 ], [ 5050828.092616115696728, 3185852.912507862318307 ], [ 5049004.337862376123667, 3184673.009327169507742 ], [ 5048733.957381894811988, 3183940.748299134429544 ], [ 5048465.379264660179615, 3182210.18770667957142 ], [ 5048021.895721741020679, 3181367.728147512301803 ], [ 5047418.2072444986552, 3180984.877165994606912 ], [ 5046003.762542672455311, 3180473.846182021312416 ], [ 5042933.056673384271562, 3178328.905255485791713 ], [ 5042170.122420062310994, 3178306.859193642623723 ], [ 5040365.008645307272673, 3178930.088413713499904 ], [ 5038442.185759238898754, 3179014.273946004919708 ], [ 5036468.244628651067615, 3179734.950203307438642 ], [ 5035551.421497069299221, 3179646.28313799854368 ], [ 5035266.53998380061239, 3179324.785006653517485 ], [ 5034999.580463282763958, 3178292.591916006058455 ], [ 5034648.389420801773667, 3177861.587295835372061 ], [ 5034119.886641425080597, 3177600.479560193605721 ], [ 5032765.155739007517695, 3177431.258088561706245 ], [ 5031843.121317037381232, 3177571.477343660313636 ], [ 5030980.128978943452239, 3178156.826702178455889 ], [ 5030257.799475735984743, 3178774.335832818411291 ], [ 5029748.566583587788045, 3179008.949465843848884 ], [ 5028727.533514759503305, 3178965.3512993613258 ], [ 5027756.209585512988269, 3179270.34765811637044 ], [ 5025712.752208733931184, 3180424.239840276073664 ], [ 5024896.727735299617052, 3181169.418733499012887 ], [ 5023259.078052769415081, 3183103.689937011804432 ], [ 5022615.249900883063674, 3183424.377284220419824 ], [ 5021932.357880893163383, 3183585.313847090117633 ], [ 5019388.97349007986486, 3185094.672269888687879 ], [ 5019241.904354238882661, 3185746.250729378778487 ], [ 5019261.255032304674387, 3186243.984368396922946 ], [ 5019162.081519970670342, 3187488.731832488439977 ], [ 5019174.227160790935159, 3187990.249959520064294 ], [ 5018736.421908093616366, 3188263.467158597428352 ], [ 5018469.309111755341291, 3188586.018969060853124 ], [ 5018246.459762303158641, 3188934.744635791052133 ], [ 5017964.754746150225401, 3189294.462386336177588 ], [ 5019387.33251300547272, 3190168.371052038390189 ], [ 5020032.769832971505821, 3190875.110396756324917 ], [ 5020428.688906356692314, 3192116.057413906790316 ], [ 5019332.024982091970742, 3193876.864187008235604 ], [ 5018613.542781853117049, 3195434.777455668896437 ], [ 5017737.824114583432674, 3196595.899341305252165 ], [ 5016183.745240208692849, 3197188.779379955492914 ], [ 5016022.82604734133929, 3197902.053011913318187 ], [ 5016253.824107132852077, 3198264.25731508852914 ], [ 5016376.597718519158661, 3198925.625674290116876 ], [ 5016581.810942118987441, 3199470.804750936105847 ], [ 5011240.995517564937472, 3201009.825341835618019 ], [ 5009436.469795161858201, 3200949.781215491704643 ], [ 5008280.082388004288077, 3201162.293032239656895 ], [ 5008253.073505091480911, 3202188.670317413285375 ], [ 5008711.040565311908722, 3203321.10381511086598 ], [ 5009000.883804835379124, 3203865.97279348410666 ], [ 5008599.839704798534513, 3205264.132271972950548 ], [ 5008024.408299569040537, 3206132.554480642080307 ], [ 5007580.872368805110455, 3206928.14343225536868 ], [ 5007605.137563341297209, 3208141.358545581344515 ], [ 5005630.610782142728567, 3208116.867446715477854 ], [ 5004964.511285282671452, 3208237.40634604357183 ], [ 5004289.825307345949113, 3208633.7591577549465 ], [ 5002583.32294184807688, 3210037.009840596467257 ], [ 5001923.509935309179127, 3209768.482226173393428 ], [ 5001115.087997322902083, 3209076.129466920159757 ], [ 5000651.018076483160257, 3208851.453935141675174 ], [ 4999915.030062948353589, 3209078.375061410013586 ], [ 4999844.534523461014032, 3210024.84340896550566 ], [ 4999923.929715120233595, 3211276.921398091129959 ], [ 4999642.64977881219238, 3212400.197810241952538 ], [ 4995533.532067399471998, 3214505.332845900673419 ], [ 4994829.047971715219319, 3214483.825134624261409 ], [ 4994294.922523233108222, 3213848.042084619402885 ], [ 4993874.045958446338773, 3213711.695879492908716 ], [ 4993121.816252196207643, 3213849.656731168273836 ], [ 4992324.616330482065678, 3213853.837648823857307 ], [ 4991789.056934701278806, 3213293.560357122682035 ], [ 4991412.701522392220795, 3212744.289661818183959 ], [ 4986676.975900393910706, 3208280.074683181010187 ], [ 4985581.476869082078338, 3207783.780890022870153 ], [ 4985059.900593558326364, 3207394.705379885621369 ], [ 4983838.613883874379098, 3206149.60658791474998 ], [ 4983361.327099077403545, 3206125.962328289635479 ], [ 4980515.871876126155257, 3208183.655644707381725 ], [ 4977878.364408444613218, 3209084.371644087601453 ], [ 4976650.73620727751404, 3209797.342498204205185 ], [ 4975889.717251924797893, 3211282.345877535641193 ], [ 4975136.71359122171998, 3212403.001353681087494 ], [ 4974277.367280402220786, 3211066.829417637549341 ], [ 4973424.27020528819412, 3209010.85530051169917 ], [ 4972730.741113783791661, 3207993.858419706113636 ], [ 4971883.886476707644761, 3208488.934533772990108 ], [ 4971619.824251138605177, 3209422.389127613045275 ], [ 4971497.309223210439086, 3210491.456082191783935 ], [ 4971082.130164586938918, 3211405.710829348303378 ], [ 4970527.369119446724653, 3211716.451664041727781 ], [ 4969482.318130591884255, 3211522.973028966691345 ], [ 4968807.888361738994718, 3211727.306784977205098 ], [ 4968220.842067973688245, 3212246.642953697126359 ], [ 4967208.347797550261021, 3213602.908474627882242 ], [ 4966539.789638086222112, 3214185.57127692643553 ], [ 4965821.997607777826488, 3214421.275648397393525 ], [ 4965170.574331304058433, 3214421.056903752032667 ], [ 4964498.557085128501058, 3214545.683314047753811 ], [ 4963725.664646680466831, 3215154.679131215438247 ], [ 4958995.434995616786182, 3208773.694029380101711 ], [ 4957924.991804079152644, 3205567.432189730461687 ], [ 4956772.0954793356359, 3206067.028414468280971 ], [ 4951926.410137245431542, 3206813.366035277489573 ], [ 4951048.879147302359343, 3207103.600684569682926 ], [ 4950244.264765363186598, 3207137.788342150859535 ], [ 4949666.506722695194185, 3206450.958125403150916 ], [ 4949404.704070833511651, 3205486.764305089134723 ], [ 4949337.105542982928455, 3204880.916850607842207 ], [ 4949320.31270659621805, 3202989.769382338505238 ] ] } },
{ "type": "Feature", "properties": { "featurecla": "River", "scalerank": 7.0, "rivernum": 470.0, "name": "Neris", "name_en": "Neris", "strokeweig": 0.25 }, "geometry": { "type": "LineString", "coordinates": [ [ 4949320.31270659621805, 3202989.769382338505238 ], [ 4949185.269807085394859, 3202334.782796235289425 ], [ 4949006.718193374574184, 3201885.73897290462628 ], [ 4948935.898389453068376, 3201220.136472266633064 ], [ 4949130.486702101305127, 3199943.725023919250816 ], [ 4950186.269582075066864, 3198149.938742524944246 ], [ 4950684.520361280068755, 3196996.802482667379081 ], [ 4950493.334716126322746, 3196399.918328214436769 ], [ 4947272.354199127294123, 3193471.602478395681828 ], [ 4946722.322480456903577, 3192595.3702537342906 ], [ 4946898.689411994069815, 3192081.38161022728309 ], [ 4947316.031315924599767, 3191249.765272904187441 ], [ 4947729.571834021247923, 3190199.654070343822241 ], [ 4947893.817429394461215, 3189091.815459137782454 ], [ 4947748.468657270073891, 3188034.548035953193903 ], [ 4947409.426848268136382, 3187780.602640704251826 ], [ 4946841.285851149819791, 3187876.399142208043486 ], [ 4945977.062741852365434, 3187869.881267053075135 ], [ 4943376.142087428830564, 3186640.30841007316485 ], [ 4943394.92023952677846, 3186192.78631845721975 ], [ 4943100.392024187371135, 3184083.712980276905 ], [ 4942935.337348553352058, 3183471.558431256562471 ], [ 4942047.089536557905376, 3182950.410234464332461 ], [ 4940033.850781347602606, 3184540.743306858930737 ], [ 4938537.367830045521259, 3184804.476163433399051 ], [ 4937003.556907361373305, 3184319.47358894534409 ], [ 4936180.55104598402977, 3184234.791491758078337 ], [ 4935178.909230660647154, 3184787.496959489304572 ], [ 4934467.407340478152037, 3184841.693600300699472 ], [ 4934284.508754147216678, 3185093.952439202927053 ], [ 4934162.58187976013869, 3185186.918550621252507 ], [ 4933866.332600092515349, 3185791.793518033344299 ], [ 4933717.593820732086897, 3186330.484078262466937 ], [ 4934054.310611632652581, 3186206.72868382697925 ], [ 4932980.557955922558904, 3186946.331510124728084 ], [ 4930847.078189139254391, 3187639.358525440096855 ], [ 4929707.249659901484847, 3188312.228957706596702 ], [ 4929845.961620638146996, 3188574.469735234510154 ], [ 4929894.984508664347231, 3188638.286974578630179 ], [ 4929977.671210872940719, 3189111.916922140866518 ], [ 4929256.113128203898668, 3188842.4065913092345 ], [ 4928522.561339266598225, 3188812.266181156039238 ], [ 4927861.932977663353086, 3188971.799502460286021 ], [ 4927323.047155898064375, 3189325.625618039164692 ], [ 4927652.906385455280542, 3189807.01522518787533 ], [ 4928009.450100707821548, 3190218.736102716531605 ], [ 4927849.374457770958543, 3190996.889021097682416 ], [ 4926968.774131424725056, 3191170.33012704923749 ], [ 4924073.338803100399673, 3192477.429664802271873 ], [ 4923925.451548538170755, 3193199.03361399192363 ], [ 4924532.329591847024858, 3193766.558947763871402 ], [ 4925573.248705415055156, 3195725.880150518845767 ], [ 4923948.796879555098712, 3196157.872434297576547 ], [ 4923060.653863918967545, 3195344.737341837026179 ], [ 4922506.411393715068698, 3194157.098951999098063 ], [ 4921878.456046910956502, 3193464.723712773993611 ], [ 4920814.77744506765157, 3193932.031054831575602 ], [ 4920102.291019440628588, 3195445.916855957824737 ], [ 4919831.839221742004156, 3197377.712407636456192 ], [ 4920075.621371617540717, 3199097.75529117975384 ], [ 4918886.607431095093489, 3198849.566509863827378 ], [ 4917539.577600193209946, 3199224.655675475019962 ], [ 4916353.998553974553943, 3200178.006118543911725 ], [ 4915658.490877343341708, 3201647.446591767948121 ], [ 4913565.266897106543183, 3202349.613064925651997 ], [ 4913437.258484506979585, 3202766.616629807744175 ], [ 4911109.988595641218126, 3204858.513614281080663 ], [ 4909855.502951055765152, 3205509.208709607832134 ], [ 4908645.283903863281012, 3205728.874402907211334 ], [ 4906013.764169024303555, 3205393.75147282006219 ], [ 4904794.452774758450687, 3205615.238422664813697 ], [ 4900921.49745486676693, 3208052.588757032062858 ], [ 4897489.188033665530384, 3209002.660405622795224 ], [ 4895141.080764924176037, 3210949.132554971147329 ], [ 4893928.51974892616272, 3211383.7566909044981 ], [ 4890499.976925049908459, 3211534.205671841744334 ], [ 4889824.53287183586508, 3211783.935292581096292 ], [ 4889229.884583797305822, 3212108.774625950027257 ], [ 4888789.566777869127691, 3212464.230784362647682 ], [ 4888328.398130699060857, 3213158.981298340018839 ], [ 4887877.384843830019236, 3214067.708110029809177 ], [ 4887374.007284534163773, 3214821.239110615570098 ], [ 4886742.327745970338583, 3215055.827323813922703 ], [ 4885392.587854886427522, 3215105.796891799196601 ], [ 4884175.199440769851208, 3215657.025437609292567 ], [ 4882202.112558789551258, 3217234.66975648002699 ], [ 4881853.745895430445671, 3217675.784623705781996 ], [ 4881493.839257050305605, 3218254.128847147803754 ], [ 4881060.959089941345155, 3218812.783674250822514 ], [ 4880541.819760366342962, 3219153.349091142416 ], [ 4876396.250869154930115, 3215578.793883763253689 ], [ 4871851.755460934713483, 3212950.654671219643205 ], [ 4869534.230333898216486, 3212728.974753646180034 ], [ 4868915.297310074791312, 3212381.266056660562754 ], [ 4868551.540160112082958, 3211525.461495572235435 ], [ 4868027.863093209452927, 3208931.396784137003124 ], [ 4867546.496842646040022, 3207835.995756357442588 ], [ 4867121.641085488721728, 3204816.600242269225419 ], [ 4866692.450516804121435, 3204085.308930592611432 ], [ 4866280.066898893564939, 3203778.067533968016505 ], [ 4863085.085459562018514, 3202199.254833681043237 ], [ 4861867.068282745778561, 3199948.296845458447933 ], [ 4861223.420704698190093, 3199525.0489810728468 ], [ 4859618.029204544611275, 3199293.240170141216367 ], [ 4858838.44386949762702, 3199015.875192082952708 ], [ 4858500.297997206449509, 3198120.968688249588013 ], [ 4858229.752997195348144, 3196028.265584244392812 ], [ 4856805.105254173278809, 3193298.3779506389983 ], [ 4854198.035083421505988, 3193050.040905736852437 ] ] } },
{ "type": "Feature", "properties": { "featurecla": "River", "scalerank": 7.0, "rivernum": 471.0, "name": "Velikaya", "name_en": "Velikaya", "strokeweig": 0.2 }, "geometry": { "type": "LineString", "coordinates": [ [ 5156583.052813841961324, 3452293.038741815369576 ], [ 5156438.492405173368752, 3450795.912183740641922 ], [ 5155902.630932026542723, 3449848.849701878614724 ], [ 5154982.092759313061833, 3449306.077851745765656 ], [ 5146946.970886251889169, 3447254.677384074311703 ], [ 5146422.504128917120397, 3446962.990238778758794 ], [ 5146075.311442118138075, 3446404.831156280357391 ], [ 5146110.340764615684748, 3445703.686236931476742 ], [ 5146753.071993417106569, 3444974.930757471825927 ], [ 5147306.460107609629631, 3444891.749073349870741 ], [ 5149109.86490685865283, 3445610.587850206065923 ], [ 5150494.367552140727639, 3445232.916598175652325 ], [ 5151698.919214263558388, 3444350.396539045032114 ], [ 5157064.478648656979203, 3438209.871582659892738 ], [ 5157715.406727116554976, 3437238.330426257103682 ] ] } },
{ "type": "Feature", "properties": { "featurecla": "River", "scalerank": 7.0, "rivernum": 471.0, "name": "Velikaya", "name_en": "Velikaya", "strokeweig": 0.2 }, "geometry": { "type": "LineString", "coordinates": [ [ 5157715.406727116554976, 3437238.330426257103682 ], [ 5158412.065952570177615, 3434360.119490530341864 ], [ 5158205.144233305007219, 3431663.312207737006247 ], [ 5157424.325470394454896, 3429347.002202399075031 ], [ 5156408.200078036636114, 3427604.275883281603456 ], [ 5155839.609860816970468, 3426972.245422593317926 ], [ 5155159.549736930988729, 3426460.50545553676784 ], [ 5154408.364646879956126, 3426189.284627585206181 ], [ 5153626.954457846470177, 3426243.392961950972676 ], [ 5152656.54421578347683, 3426773.976027519442141 ], [ 5150743.358136020600796, 3428343.024761136155576 ], [ 5149773.247627527453005, 3428909.662483382504433 ], [ 5149458.300903204828501, 3428898.681194800883532 ], [ 5149431.44510763976723, 3428604.607556466478854 ], [ 5149475.191586570814252, 3428239.37822513980791 ], [ 5149358.092945051379502, 3428033.044019497465342 ], [ 5149003.19785830937326, 3428147.954009455628693 ], [ 5148333.974548865109682, 3428970.60385512933135 ], [ 5148006.116617877036333, 3429199.3749486124143 ], [ 5143685.230415379628539, 3429548.173529766499996 ], [ 5142622.15285300463438, 3429394.788464343640953 ], [ 5141663.391276548616588, 3429021.043846721760929 ], [ 5140982.944432040676475, 3428375.065567838028073 ], [ 5140491.99621872510761, 3427607.796001246199012 ], [ 5139876.886096466332674, 3426987.729276210069656 ], [ 5138885.101431788876653, 3426758.862066627945751 ], [ 5135525.11336197797209, 3426689.432401303667575 ], [ 5135129.992624236270785, 3425956.691938354168087 ], [ 5134552.563908133655787, 3423778.246659685391933 ], [ 5134311.340986033901572, 3423250.310655082110316 ], [ 5133480.229735162109137, 3423281.10928572434932 ], [ 5131886.559344447217882, 3424501.966187082231045 ], [ 5131180.438818037509918, 3424713.564215783961117 ], [ 5130205.507162233814597, 3424283.908374546095729 ], [ 5129256.450213425792754, 3423561.208958300296217 ], [ 5127553.477179396897554, 3421464.244474531151354 ], [ 5127413.771508291363716, 3420846.37937379302457 ], [ 5127256.826586674898863, 3418914.643541004974395 ], [ 5127124.650701258331537, 3418301.576922410167754 ], [ 5126063.486167752183974, 3417100.579311645124108 ], [ 5124895.688691847026348, 3416188.371443500276655 ], [ 5122263.613739082589746, 3415411.045939523726702 ], [ 5120821.177717866376042, 3415453.496488043107092 ], [ 5119962.578177575953305, 3416423.240135270170867 ], [ 5121454.691588694229722, 3419158.602332340087742 ], [ 5121729.689108842052519, 3420763.243230011314154 ], [ 5120243.340263621881604, 3421072.119108648039401 ], [ 5116302.566182554699481, 3420252.611564088147134 ], [ 5115064.250417673029006, 3420483.320949274115264 ], [ 5111840.76635114569217, 3423008.596975258085877 ], [ 5110740.734637944027781, 3423235.324170829262584 ], [ 5109311.779285059310496, 3423218.904523383360356 ], [ 5107875.435210488736629, 3423814.240036544390023 ], [ 5106562.086926798336208, 3424926.880475172307342 ], [ 5105498.751969219185412, 3426450.544304641894996 ], [ 5105078.17972338758409, 3427540.945832956116647 ], [ 5104996.980989851988852, 3428239.453683259431273 ], [ 5104730.077746015973389, 3428887.226470665540546 ], [ 5103783.578373630531132, 3429822.676518542226404 ], [ 5100129.122998668812215, 3432367.956716725137085 ], [ 5098993.28810666128993, 3433601.403467989526689 ], [ 5098019.660893422551453, 3435141.110259298235178 ], [ 5097319.677392217330635, 3436950.28208347922191 ], [ 5097027.0102922571823, 3438087.662265633232892 ], [ 5096854.060517229139805, 3439133.240453279577196 ], [ 5096944.906455472111702, 3439946.954664411023259 ], [ 5097463.830389956012368, 3440380.361510980408639 ], [ 5097891.983183898031712, 3440967.62682889867574 ], [ 5097525.531737239100039, 3442971.91476586041972 ], [ 5097930.768310858868062, 3443553.38668420445174 ], [ 5098364.104157082736492, 3444804.583164672367275 ], [ 5098047.424290662631392, 3447263.541819410398602 ], [ 5097249.826853667385876, 3449680.293280610349029 ], [ 5096263.10970142390579, 3450810.658326850272715 ], [ 5096078.515635379590094, 3451526.396224116440862 ], [ 5096557.530070926062763, 3452386.085820719599724 ], [ 5096777.486003255471587, 3453737.942786908708513 ], [ 5096923.138905319385231, 3455561.518049350008368 ], [ 5098118.419584807008505, 3458229.399464184418321 ], [ 5097924.657636549323797, 3459371.038247984834015 ], [ 5097523.206343232654035, 3460783.500865278765559 ], [ 5097284.098233128897846, 3462030.743202770594507 ], [ 5097740.99611790664494, 3462967.280377489514649 ], [ 5099729.606302781961858, 3464748.581190085504204 ], [ 5099667.144082497805357, 3466140.040660938248038 ], [ 5099179.844297006726265, 3467786.819919692352414 ], [ 5098605.259338775649667, 3469149.088383788708597 ], [ 5098258.530317961238325, 3469702.958540104329586 ], [ 5098510.751186182722449, 3470134.018056305125356 ], [ 5099110.602622812613845, 3472167.007999236229807 ], [ 5099638.592541688121855, 3475469.704405562952161 ], [ 5100063.372842949815094, 3480738.627872289158404 ], [ 5100015.960864371620119, 3483204.791278522461653 ], [ 5098573.7703069569543, 3484021.789409151300788 ], [ 5097793.752575882710516, 3485497.376384514383972 ], [ 5097579.252191998995841, 3487303.193820409476757 ], [ 5097816.06810752209276, 3489155.713818836957216 ], [ 5097619.705924181267619, 3490638.832615602761507 ], [ 5096422.686530594713986, 3491105.027818530332297 ], [ 5092141.796012036502361, 3490811.344561580568552 ], [ 5091270.510879235342145, 3491423.327716528903693 ], [ 5090748.938923727720976, 3492920.275241295341402 ], [ 5090119.511687509715557, 3495554.812083337921649 ], [ 5089294.837994946166873, 3496643.095036323182285 ], [ 5088050.40077911876142, 3496582.919563504401594 ], [ 5078446.312088927254081, 3492265.567974654957652 ], [ 5077068.915151536464691, 3492957.478810288477689 ], [ 5076596.808348874561489, 3493586.707531266845763 ], [ 5075700.870939971879125, 3494344.862316894344985 ], [ 5074684.344868794083595, 3495448.701920107938349 ], [ 5073883.740317710675299, 3497134.213742947671562 ], [ 5073075.618792269378901, 3500645.327280188910663 ], [ 5072484.950243611820042, 3502668.370151522569358 ], [ 5071525.985574465245008, 3504919.335249214433134 ], [ 5070039.602962370030582, 3509122.686110531445593 ], [ 5070080.579400029033422, 3509482.326785398647189 ], [ 5070046.834409428760409, 3510712.248589402064681 ], [ 5068831.246735516935587, 3510991.285274527035654 ], [ 5064784.562826486304402, 3509372.10865177353844 ], [ 5062377.009185862727463, 3509623.018430397380143 ], [ 5061965.503449468873441, 3509769.619057577569038 ], [ 5061472.59615134447813, 3510086.51552596129477 ], [ 5059601.545160448178649, 3509607.655266333371401 ], [ 5058874.74973426759243, 3509778.439777905587107 ], [ 5057643.827781716361642, 3510394.620329677127302 ], [ 5053159.069990151561797, 3510252.086029290687293 ], [ 5051585.555169028230011, 3510914.495371791068465 ], [ 5050913.528960610739887, 3511986.007849656511098 ], [ 5051135.096573404967785, 3513096.413947785738856 ], [ 5052242.285357209853828, 3513900.535167989321053 ], [ 5050532.739340985193849, 3515496.549126839730889 ], [ 5049878.193591968156397, 3516406.28811656171456 ], [ 5049992.090171721763909, 3517568.835974115878344 ], [ 5050548.505541771650314, 3519881.254462485667318 ], [ 5050456.468672982417047, 3521638.421150805894285 ], [ 5049675.041567574255168, 3523042.483309572562575 ], [ 5047898.426402970217168, 3524941.151168027427047 ], [ 5047229.054276049137115, 3526381.79872017679736 ], [ 5046315.907670604065061, 3529029.216670464258641 ], [ 5045824.511692641302943, 3531654.429355088621378 ], [ 5046814.364914835430682, 3534103.509923526551574 ], [ 5046174.928922292776406, 3536206.441727831959724 ], [ 5045249.320153838023543, 3538529.448938801884651 ], [ 5044803.960297863930464, 3540244.965993124991655 ], [ 5045246.27893175277859, 3542090.794058403465897 ], [ 5046252.659120562486351, 3543549.558323082048446 ], [ 5047526.941080362536013, 3544579.748057482764125 ], [ 5050105.565455505624413, 3545590.6000698171556 ], [ 5050985.155071223154664, 3546271.405712912790477 ], [ 5051572.125443067401648, 3547334.141395885962993 ], [ 5052041.478574600070715, 3548940.412553133908659 ], [ 5052395.515395126305521, 3551137.273478135932237 ], [ 5052288.742666216567159, 3552939.062860671430826 ], [ 5051301.15129276830703, 3556832.483653397765011 ], [ 5050479.242920819669962, 3558234.746636766009033 ], [ 5049199.297708658501506, 3558824.932015693280846 ], [ 5039870.631948275491595, 3560066.881262489594519 ], [ 5037471.193722078576684, 3560878.431399054825306 ] ] } },
{ "type": "Feature", "properties": { "featurecla": "River", "scalerank": 7.0, "rivernum": 494.0, "name": "Sava", "name_en": "Sava", "strokeweig": 0.2 }, "geometry": { "type": "LineString", "coordinates": [ [ 4391841.254418954253197, 2173879.011744416318834 ], [ 4393191.196814207360148, 2173376.520208315458149 ], [ 4395471.631218660622835, 2173934.592246466781944 ], [ 4396881.220990082249045, 2173988.17525083059445 ], [ 4402104.448865056037903, 2172341.055621743202209 ], [ 4407457.374444951303303, 2171976.286441676318645 ], [ 4409090.562382088042796, 2171253.17944221990183 ], [ 4410497.263873019255698, 2169775.43766161845997 ], [ 4410876.614163494668901, 2168973.046974829398096 ], [ 4411409.356718955561519, 2167246.024103017523885 ], [ 4411921.605678009800613, 2166440.355324260424823 ], [ 4412786.351644897833467, 2165792.83133330848068 ], [ 4416330.998548345640302, 2164391.707985911518335 ], [ 4416872.973827764391899, 2164279.537244493607432 ], [ 4417974.192955749109387, 2164315.086922960355878 ] ] } },
{ "type": "Feature", "properties": { "featurecla": "River", "scalerank": 7.0, "rivernum": 494.0, "name": "Sava", "name_en": "Sava", "strokeweig": 0.2 }, "geometry": { "type": "LineString", "coordinates": [ [ 4417974.192955749109387, 2164315.086922960355878 ], [ 4419089.540795252658427, 2164407.304510890506208 ], [ 4419645.313658879138529, 2164357.098029451444745 ], [ 4420221.031725483946502, 2164189.786812411621213 ], [ 4422121.404875963926315, 2162915.484386109281331 ], [ 4427550.716663412749767, 2157529.314716391265392 ], [ 4432956.340520181693137, 2155793.707954832818359 ], [ 4434273.961716718040407, 2154881.115685594268143 ], [ 4436984.01208086963743, 2155120.349894019775093 ], [ 4437986.877675200812519, 2154328.870678913779557 ], [ 4440436.46076047886163, 2151441.314262279774994 ], [ 4440946.105897118337452, 2150600.5706353969872 ], [ 4441681.807385159656405, 2150168.318921447731555 ], [ 4450495.751446874812245, 2150515.127869667485356 ], [ 4452848.714340968057513, 2149959.792019046377391 ], [ 4455063.936541044153273, 2148388.654612858314067 ], [ 4455577.648092535324395, 2148430.776558660436422 ], [ 4457904.57151610776782, 2151570.021344459615648 ], [ 4458742.782463553361595, 2151256.578174916096032 ], [ 4460038.216124602593482, 2151799.258500139229 ], [ 4461352.815572952851653, 2151842.410327726509422 ], [ 4462204.754851076751947, 2152032.064574198331684 ], [ 4462561.855234138667583, 2151956.250104171223938 ], [ 4462761.838544143363833, 2151550.645619746763259 ], [ 4463213.275122541934252, 2150123.507191922049969 ], [ 4463515.090328657999635, 2149826.703285064082593 ], [ 4464682.908975666388869, 2149467.719508176669478 ], [ 4466156.937179550528526, 2148720.27039232198149 ], [ 4467672.042878152802587, 2148280.174865450244397 ], [ 4469018.789924018085003, 2148874.16367285978049 ], [ 4469324.67950648907572, 2147965.590571352280676 ], [ 4469265.549982633441687, 2147134.390716332942247 ], [ 4468899.889694427140057, 2146430.402803064323962 ], [ 4468238.19270121306181, 2145859.861678512301296 ], [ 4469016.656516214832664, 2145178.500384965445846 ], [ 4469386.738832828588784, 2144518.148925094865263 ], [ 4469220.68060433678329, 2143944.504171781707555 ], [ 4468434.802097431384027, 2143527.127785073127598 ], [ 4468490.693203245289624, 2142863.99021696858108 ], [ 4470099.337428227998316, 2142651.352587285451591 ], [ 4470667.567178446799517, 2142712.635572964325547 ], [ 4471069.111715877428651, 2143081.908896876964718 ], [ 4471330.149474654346704, 2141879.143670360092074 ], [ 4471421.342452931217849, 2140672.522948819212615 ], [ 4471732.423627751879394, 2139753.805354329757392 ], [ 4472690.170414496213198, 2139460.243357889354229 ], [ 4474202.483106588944793, 2139958.584606102667749 ], [ 4474786.675637465901673, 2139749.699176487047225 ], [ 4475115.266200497746468, 2138589.707897291053087 ], [ 4475982.981131055392325, 2137449.401316082105041 ], [ 4477510.48610401712358, 2137646.293178773950785 ], [ 4478700.812146143987775, 2137371.015747816301882 ], [ 4478539.16662426199764, 2134856.697349824942648 ], [ 4479452.298643098212779, 2135225.718155509792268 ], [ 4480011.423166366294026, 2134843.514682511799037 ], [ 4480010.809981944970787, 2134119.974874681327492 ], [ 4479180.446282836608589, 2133433.218983096070588 ], [ 4479249.244556213729084, 2132633.796131087932736 ], [ 4480762.444232288748026, 2132368.146351946517825 ], [ 4482785.71394956484437, 2130839.951397430617362 ], [ 4484184.880699588917196, 2130103.142994933761656 ], [ 4484248.203991688787937, 2129374.50798951042816 ], [ 4482790.647794992662966, 2127143.3364482736215 ], [ 4482565.474284104071558, 2126014.700030211359262 ], [ 4483082.550027769990265, 2124844.681980911642313 ], [ 4483708.673080610111356, 2125031.001807974651456 ], [ 4486177.824833607301116, 2125113.682219990063459 ], [ 4485963.756641572341323, 2124289.514389681629837 ], [ 4485668.780260226689279, 2123497.923234024085104 ], [ 4484885.341569611802697, 2122043.228658474050462 ], [ 4484311.160886708647013, 2122666.815341091714799 ], [ 4484468.074318061582744, 2122912.847873277030885 ], [ 4484564.869817864149809, 2122952.94698594789952 ], [ 4484640.998455489985645, 2123059.918395738117397 ], [ 4484757.772643642500043, 2123511.111675657797605 ], [ 4483978.514558169059455, 2123504.185810951981694 ], [ 4483209.709195706062019, 2123376.790967943612486 ], [ 4483583.333137004636228, 2121850.998729466926306 ], [ 4483645.473694984801114, 2120490.980772248003632 ], [ 4483972.229989811778069, 2119507.780265580862761 ], [ 4485140.486579116433859, 2119107.380264955572784 ] ] } },
{ "type": "Feature", "properties": { "featurecla": "River", "scalerank": 7.0, "rivernum": 494.0, "name": "Sava", "name_en": "Sava", "strokeweig": 0.25 }, "geometry": { "type": "LineString", "coordinates": [ [ 4715547.690044910646975, 2082010.201002235058695 ], [ 4714087.271171176806092, 2082753.528493591584265 ], [ 4712672.133263881318271, 2083946.204518035054207 ], [ 4713877.329272450879216, 2084019.600621773395687 ], [ 4716339.253160119056702, 2083496.800579920643941 ], [ 4717443.37076395470649, 2083802.290088436566293 ], [ 4718174.780760963447392, 2084779.785572543274611 ], [ 4717923.923834485933185, 2085650.320934402290732 ], [ 4717073.881660952232778, 2086311.563760557211936 ], [ 4716011.104150739498436, 2086661.729775252752006 ], [ 4717136.73444040492177, 2087885.81395612610504 ], [ 4718630.675232971087098, 2088820.177210950292647 ], [ 4720202.950614257715642, 2089199.581891132285818 ], [ 4721545.773584350012243, 2088782.69170558382757 ], [ 4721494.354208493605256, 2090443.310185755137354 ], [ 4722382.775464824400842, 2091505.397784114349633 ], [ 4723985.158848666585982, 2092083.656073895515874 ], [ 4726043.303647701628506, 2092283.304443691158667 ] ] } },
{ "type": "Feature", "properties": { "featurecla": "River", "scalerank": 7.0, "rivernum": 494.0, "name": "Sava", "name_en": "Sava", "strokeweig": 0.25 }, "geometry": { "type": "LineString", "coordinates": [ [ 4485140.486579116433859, 2119107.380264955572784 ], [ 4485907.163102677091956, 2118540.179022667463869 ], [ 4487196.969311943277717, 2117049.337671591434628 ], [ 4487976.945460352115333, 2116335.604316712357104 ], [ 4493662.897792407311499, 2113646.860091427341104 ], [ 4495612.956050725653768, 2113351.891581602860242 ], [ 4497430.138017912395298, 2113967.755183232948184 ], [ 4498939.752973223105073, 2115898.831851375754923 ], [ 4499481.07244108710438, 2114837.619755873456597 ], [ 4499998.459278635680676, 2114170.578836392611265 ], [ 4500540.329628214240074, 2114020.948783531785011 ], [ 4501144.830294813029468, 2114542.76852456945926 ], [ 4502344.622186058200896, 2113408.752556087449193 ], [ 4506609.371344903483987, 2112150.27998615661636 ], [ 4506483.84451437741518, 2110453.097594063729048 ], [ 4507417.275208724662662, 2109607.607381508685648 ], [ 4508713.853805451653898, 2109606.502640793099999 ], [ 4510622.524217953905463, 2111225.942809530068189 ], [ 4511821.617037935182452, 2110537.540106911677867 ], [ 4513074.588465257547796, 2109468.470212872605771 ], [ 4514183.102451494894922, 2109084.025157033465803 ], [ 4514139.686749043874443, 2108218.49339067004621 ], [ 4514267.502751247026026, 2107841.754511273466051 ], [ 4514642.987813703715801, 2107730.934361312538385 ], [ 4515397.352073018439114, 2107715.819282121956348 ], [ 4515042.097972850315273, 2106715.815964625682682 ], [ 4514924.055512893944979, 2105972.875993393361568 ], [ 4515082.016155283898115, 2105472.050388805102557 ], [ 4515781.271016576327384, 2105087.158140871208161 ], [ 4516397.753913788124919, 2104953.715783811639994 ], [ 4516903.770480006933212, 2104926.426035820040852 ], [ 4517226.585144180804491, 2104863.745625912211835 ], [ 4517350.284205447882414, 2105139.481217661872506 ], [ 4517698.443274134770036, 2105528.486451575532556 ], [ 4518086.525699717923999, 2105445.46629595104605 ], [ 4518372.02093124575913, 2104295.738174718804657 ], [ 4518188.018462201580405, 2103744.795740948524326 ], [ 4517041.536871560849249, 2101212.429161532316357 ], [ 4519632.750776751898229, 2100638.148042979650199 ], [ 4521019.146277555264533, 2100581.916221840772778 ], [ 4522877.267854491248727, 2102071.487299877684563 ], [ 4524228.207930023781955, 2100717.471998931374401 ], [ 4526141.847906881943345, 2102681.303295680787414 ], [ 4526829.944662069901824, 2102111.559196894057095 ], [ 4527651.972478528507054, 2099923.376128499396145 ], [ 4527836.097362285479903, 2099078.883100158069283 ], [ 4527875.363299287855625, 2098146.708865066524595 ], [ 4528375.511262654326856, 2097596.360328501090407 ], [ 4529925.480795294046402, 2097917.213742345571518 ], [ 4529651.974391845054924, 2098636.908351903781295 ], [ 4529276.604681253433228, 2099328.471916462294757 ], [ 4530436.694108644500375, 2099028.405329997651279 ], [ 4531459.188519923947752, 2097975.220183631870896 ], [ 4532307.531255499459803, 2097500.517003960441798 ], [ 4532917.773897141218185, 2098941.30909244902432 ], [ 4533274.229198507964611, 2098139.732566872145981 ], [ 4533456.278121353127062, 2097522.501175721175969 ], [ 4533444.568106058984995, 2096860.38127615256235 ], [ 4533202.66243433766067, 2095946.322407383471727 ], [ 4533629.492314580827951, 2096370.328474367037416 ], [ 4534752.785965130664408, 2097249.460721105802804 ], [ 4535179.146047743968666, 2097676.198440585285425 ], [ 4536957.821154764853418, 2094593.963683879002929 ], [ 4540427.672645969316363, 2092460.063802948221564 ], [ 4547466.639552177861333, 2089987.396421308163553 ], [ 4548236.309086971916258, 2090538.632165459683165 ], [ 4551825.345675296150148, 2091154.984692877158523 ], [ 4552111.809185383841395, 2091667.223397685214877 ], [ 4553261.909789036028087, 2094994.336865095887333 ], [ 4556391.94531495962292, 2093346.631440442521125 ], [ 4557866.148553869687021, 2092897.88544256426394 ], [ 4560523.314186802133918, 2091514.677160356892273 ], [ 4561295.318862427026033, 2090983.385803611017764 ], [ 4562404.076812291517854, 2090493.861381552647799 ], [ 4563767.509927267208695, 2090789.43349948595278 ], [ 4566225.888031995855272, 2091849.2654924322851 ], [ 4566348.784263773821294, 2092226.792618579231203 ], [ 4566474.065503936260939, 2092914.120419652201235 ], [ 4566776.375251213088632, 2093367.989081396721303 ], [ 4567415.122825520113111, 2093048.936887316405773 ], [ 4567925.347459071315825, 2092372.969482816755772 ], [ 4568067.888628917746246, 2091778.849511153064668 ], [ 4567887.126601214520633, 2091159.928381816018373 ], [ 4567418.444006507284939, 2090424.573726876173168 ], [ 4568407.651273024268448, 2090199.243614266626537 ], [ 4569288.995921309106052, 2090447.352581423940137 ], [ 4571018.212256268598139, 2091602.113554033450782 ], [ 4570542.074176064692438, 2089285.989638589555398 ], [ 4570230.082878952845931, 2088558.357106473762542 ], [ 4570766.442157357931137, 2088811.333404362667352 ], [ 4574534.84302684199065, 2089703.923806667327881 ], [ 4576202.965224792249501, 2089697.651691570878029 ], [ 4577036.302339546382427, 2089902.368800404015929 ], [ 4578499.813047029078007, 2091045.482389539480209 ], [ 4580990.250004831701517, 2094311.942491923691705 ], [ 4582542.351542422547936, 2095341.051071544643492 ], [ 4585083.746053081005812, 2095460.149977602763101 ], [ 4587470.35726510360837, 2094412.817024432122707 ], [ 4589720.047752403654158, 2092610.820787514559925 ], [ 4594564.312459442764521, 2087562.89445088012144 ], [ 4596071.628507475368679, 2086438.700242751743644 ], [ 4597664.343690046109259, 2085999.056401484645903 ], [ 4598416.643199755810201, 2086158.606381283141673 ], [ 4600560.636647230945528, 2087340.695099024800584 ], [ 4602606.455372621305287, 2087962.392167315818369 ], [ 4603205.633114659227431, 2088392.14988212287426 ], [ 4604341.246683621779084, 2089692.613913429202512 ], [ 4608347.309155474416912, 2095747.156560296658427 ], [ 4609419.884371155872941, 2096464.743760965531692 ], [ 4610604.1971755027771, 2096601.583256166661158 ], [ 4611878.697498821653426, 2096083.855331749655306 ], [ 4616492.154822275973856, 2092749.231266615912318 ], [ 4618264.951317010447383, 2092149.813947720220312 ], [ 4619762.262662711553276, 2092010.459669228177518 ], [ 4621422.000822560861707, 2092167.599110073875636 ], [ 4623007.652927696704865, 2092687.837648348649964 ], [ 4624238.417519861832261, 2093664.372009579092264 ], [ 4624631.849457290023565, 2094847.184704807819799 ], [ 4624536.417254480533302, 2096208.632533434312791 ], [ 4624565.491242736577988, 2097562.740739784669131 ], [ 4625282.446103686466813, 2098696.901841028127819 ], [ 4627096.999127918854356, 2099297.035234183073044 ], [ 4629010.427177940495312, 2098780.445017441641539 ], [ 4632727.047423573210835, 2096676.930104724597186 ], [ 4633920.235268051736057, 2096308.392398639814928 ], [ 4639324.140968929976225, 2096458.514816437382251 ], [ 4640855.325442548841238, 2095963.004602498142049 ], [ 4642284.072977579198778, 2095021.563753803260624 ], [ 4645420.582977163605392, 2092326.28341168211773 ], [ 4647439.15143302641809, 2091334.522744487505406 ], [ 4649519.809073709882796, 2090819.682823908980936 ], [ 4651350.81006451882422, 2090970.993494412861764 ], [ 4651038.794192392379045, 2092461.42680163634941 ], [ 4650524.794497823342681, 2093719.019151710439473 ], [ 4650450.506471544504166, 2094683.069999693194404 ], [ 4651508.467891653999686, 2095272.3708511646837 ], [ 4652124.570339670404792, 2095301.598248062189668 ], [ 4653382.683776612393558, 2095137.985905430279672 ], [ 4653995.459094152785838, 2095196.183107994263992 ], [ 4654482.869708163663745, 2095459.804419877938926 ], [ 4655470.481778466142714, 2096229.883611492114142 ], [ 4655960.400417158380151, 2096374.665550015168265 ], [ 4656557.085852259770036, 2096184.767624736763537 ], [ 4656954.531445271335542, 2095740.965622272808105 ], [ 4657649.834203075617552, 2094391.107835858594626 ], [ 4658165.14990449603647, 2093584.768399582710117 ], [ 4658778.894350247457623, 2092933.156122983433306 ], [ 4659431.613314365036786, 2092718.265941276680678 ], [ 4660089.617455787025392, 2093193.307157702511176 ], [ 4660271.080110874027014, 2093726.295976387802511 ], [ 4660352.817232232540846, 2094403.949287355644628 ], [ 4660490.077885696664453, 2095056.331497537204996 ], [ 4660842.402451104484499, 2095508.739825065713376 ], [ 4661353.910617012530565, 2095630.032874504802749 ], [ 4661838.54485044348985, 2095406.228918268810958 ], [ 4662277.849786770530045, 2094962.375450155232102 ], [ 4665787.774155993014574, 2089505.526208000490442 ], [ 4666827.375668348744512, 2088510.052045010495931 ], [ 4667763.547724510543048, 2088228.926269764080644 ], [ 4669913.795978001318872, 2088273.01281749503687 ], [ 4670462.969407242722809, 2088147.661184000317007 ], [ 4670807.070981664583087, 2087881.173760834150016 ], [ 4671072.256572493351996, 2087456.770469058305025 ], [ 4671365.569461569190025, 2086828.897105217445642 ], [ 4671436.664433181285858, 2086611.996769762597978 ], [ 4671505.445284399203956, 2086036.825325252488256 ], [ 4671591.202603378333151, 2085728.862419723300263 ], [ 4671783.020334956236184, 2085446.843675920506939 ], [ 4672235.881124881096184, 2084965.353468988090754 ], [ 4672403.109838452190161, 2084606.149359456263483 ], [ 4672295.371596326120198, 2083524.528983627911657 ], [ 4670793.207594539038837, 2082072.070198165252805 ], [ 4670372.108524062670767, 2080961.065689187962562 ], [ 4671556.687993044964969, 2077981.061921557411551 ], [ 4674501.543781480751932, 2075487.63527889852412 ], [ 4677869.838512567803264, 2073823.509255274198949 ], [ 4680325.937066335231066, 2073324.085155045147985 ], [ 4689073.737786491401494, 2074621.905560380546376 ], [ 4692215.271961454302073, 2076021.11363474978134 ], [ 4693755.536409576423466, 2076444.364887015894055 ], [ 4694927.206179752014577, 2077040.095331895630807 ], [ 4701137.446145999245346, 2082858.424178068060428 ], [ 4702062.861771447584033, 2083207.516233047004789 ], [ 4702618.105701712891459, 2082626.74325207574293 ], [ 4703027.907472500577569, 2081762.419871606631204 ], [ 4703463.023895568214357, 2081299.35786241106689 ], [ 4704224.328812865540385, 2081394.701777406968176 ], [ 4705496.481266807764769, 2082138.14365823357366 ], [ 4706231.52812160179019, 2082381.758729341207072 ], [ 4709701.628699164837599, 2082083.753198368474841 ], [ 4710381.788549956865609, 2082283.832897723652422 ], [ 4710965.909759699366987, 2082676.232388289645314 ], [ 4711652.773221711628139, 2082763.187105548102409 ], [ 4713348.868367976509035, 2081497.05187359219417 ], [ 4714144.006160649470985, 2081327.269252112600952 ], [ 4714905.813923293724656, 2081509.072975159157068 ], [ 4715547.690044910646975, 2082010.201002235058695 ] ] } },
{ "type": "Feature", "properties": { "featurecla": "River", "scalerank": 7.0, "rivernum": 494.0, "name": "Sava", "name_en": "Sava", "strokeweig": 0.3 }, "geometry": { "type": "LineString", "coordinates": [ [ 4726043.303647701628506, 2092283.304443691158667 ], [ 4734457.349831844680011, 2091267.63861038768664 ], [ 4736529.304443287663162, 2091512.721878665266559 ], [ 4737360.945232288911939, 2091210.321448171511292 ], [ 4737852.017233689315617, 2089827.440195304341614 ], [ 4738517.142777537927032, 2088786.160203007049859 ], [ 4739763.11336605809629, 2088493.407830694224685 ], [ 4741092.251337103545666, 2088429.691218260442838 ], [ 4742876.83599679172039, 2087719.97117091040127 ], [ 4744953.023046601563692, 2087718.842662418494001 ], [ 4745597.636645946651697, 2087469.708012526622042 ], [ 4745875.539191700518131, 2086372.297669357387349 ], [ 4745650.041885700076818, 2084942.360157241113484 ], [ 4743239.463020005263388, 2077893.960028647910804 ], [ 4742853.018152750097215, 2075380.226236009038985 ], [ 4743446.794780563563108, 2073405.023324839770794 ], [ 4744053.473878513090312, 2072536.72269485425204 ], [ 4744483.582109926268458, 2071716.83399780234322 ], [ 4744950.832666223868728, 2070960.318439730675891 ], [ 4745715.618938078172505, 2070330.890795531217009 ], [ 4747032.614785315468907, 2069907.613328470848501 ], [ 4750949.487476490437984, 2070354.176279150880873 ], [ 4754993.179049998521805, 2068922.96279331902042 ], [ 4757211.318099897354841, 2067727.043344169855118 ], [ 4758688.658918669447303, 2066522.41064630728215 ], [ 4760707.815458266064525, 2065550.642579828388989 ], [ 4765932.780535079538822, 2066311.524052467662841 ], [ 4768127.503907918930054, 2065847.246127896476537 ], [ 4766724.782376490533352, 2064531.663604708388448 ], [ 4762515.013445326127112, 2061860.569192737340927 ], [ 4761904.557824765332043, 2060536.615296367788687 ], [ 4763647.339925998821855, 2059017.670350422617048 ], [ 4766027.477591278031468, 2060363.898969100788236 ], [ 4768263.37656566966325, 2062901.334913876838982 ], [ 4769576.967899220064282, 2064954.914366644574329 ], [ 4770807.62535637896508, 2066359.429457352962345 ], [ 4775089.630983397364616, 2069371.857056275941432 ], [ 4776570.730744572356343, 2070043.88661734177731 ], [ 4777228.648945284076035, 2070139.971438874024898 ], [ 4777734.36209337413311, 2070130.018200985621661 ], [ 4778199.295721982605755, 2069976.195351802045479 ], [ 4778790.465087877586484, 2069677.647688992787153 ], [ 4779173.340701603330672, 2069185.454194764839485 ], [ 4779356.721624132245779, 2067859.890156866516918 ], [ 4779588.147155513986945, 2067421.203079333063215 ], [ 4780395.460004502907395, 2067126.078563166316599 ], [ 4781678.872374217957258, 2067038.038040885236114 ], [ 4782801.613122513517737, 2067560.938608546042815 ], [ 4783347.558752584271133, 2070455.98381420224905 ], [ 4784098.11985673289746, 2071603.003231958951801 ], [ 4784950.759321982041001, 2071961.18662621313706 ], [ 4785509.898662071675062, 2070943.39735528640449 ], [ 4785512.678174041211605, 2069427.754037859616801 ], [ 4785262.290904746390879, 2068828.977134257322177 ], [ 4785344.919531784951687, 2068372.383310433477163 ], [ 4786315.240091930143535, 2067265.608339908532798 ], [ 4788641.602590473368764, 2066047.956962950294837 ], [ 4789805.422282416373491, 2067767.108668264001608 ], [ 4790521.159601809456944, 2073400.385252189356834 ], [ 4791071.556182352825999, 2075015.187734949402511 ], [ 4793469.185674970969558, 2079733.914268092717975 ], [ 4794512.130365258082747, 2080798.932854292215779 ], [ 4795508.424588145688176, 2081173.943771362770349 ], [ 4797428.159185119904578, 2082462.201052984688431 ], [ 4798464.121850633062422, 2082848.742504945956171 ], [ 4799151.02253457531333, 2083398.651191523764282 ], [ 4799266.207738718949258, 2085729.461822756798938 ], [ 4799754.06060157995671, 2086743.305109440814704 ] ] } },
{ "type": "Feature", "properties": { "featurecla": "River", "scalerank": 7.0, "rivernum": 534.0, "name": "Mosel", "name_en": "Moselle", "strokeweig": 0.15 }, "geometry": { "type": "LineString", "coordinates": [ [ 3778067.664563614875078, 2376526.155979736708105 ], [ 3774943.796174270100892, 2376255.377655174583197 ], [ 3773310.047481068409979, 2375555.023290439974517 ], [ 3772106.305268665309995, 2374366.527163771912456 ], [ 3771205.574944781139493, 2372114.49239985505119 ], [ 3770250.419243749696761, 2371236.158395973034203 ], [ 3768784.974257538560778, 2370805.655047033447772 ], [ 3767126.244808095507324, 2370804.304524620994925 ], [ 3765598.647620118688792, 2371378.277891454752535 ], [ 3764441.378265959210694, 2372340.886312715709209 ], [ 3763611.598880184348673, 2373917.084418493788689 ], [ 3762873.276276044081897, 2375951.704681038856506 ], [ 3761685.651624956168234, 2377541.539813543204218 ], [ 3759723.161673153750598, 2378031.692050272598863 ], [ 3757434.941458168905228, 2378251.059464532416314 ], [ 3755441.120677088387311, 2379198.741401500068605 ], [ 3754590.321747560054064, 2380772.165755163878202 ], [ 3755030.556832857429981, 2382527.815501453354955 ], [ 3755715.97584162093699, 2384414.062252357602119 ], [ 3755639.279720803722739, 2385426.378799922764301 ], [ 3754898.773707921151072, 2385933.341864840593189 ], [ 3752508.777915881946683, 2388277.123727177735418 ], [ 3751831.057075568009168, 2389209.830415050499141 ], [ 3751381.745948676485568, 2389230.83979693101719 ], [ 3750826.22609302867204, 2389012.546251724939793 ], [ 3750006.964210115838796, 2389171.884586527943611 ], [ 3749284.687860493548214, 2389670.929277715273201 ], [ 3748988.782296138815582, 2390480.929784575477242 ], [ 3748818.594666164368391, 2391939.154528594575822 ], [ 3748226.883772694505751, 2392067.011528104078025 ], [ 3747412.033627337776124, 2391716.895428364165127 ], [ 3746593.283362534828484, 2391729.635674649849534 ], [ 3745213.806654234416783, 2393174.933557683136314 ], [ 3744640.701947269029915, 2395146.596720574423671 ], [ 3744634.782694423571229, 2397432.515755400527269 ], [ 3744960.443531464785337, 2399820.666727804578841 ], [ 3743669.803784891963005, 2403626.55119635630399 ] ] } },
{ "type": "Feature", "properties": { "featurecla": "River", "scalerank": 7.0, "rivernum": 534.0, "name": "Mosel", "name_en": "Moselle", "strokeweig": 0.2 }, "geometry": { "type": "LineString", "coordinates": [ [ 3743669.803784891963005, 2403626.55119635630399 ], [ 3742807.033003656659275, 2405875.127240667119622 ], [ 3741706.786011174786836, 2407407.735048828180879 ], [ 3741444.514066779986024, 2408140.360633725300431 ], [ 3741472.273366633802652, 2409426.272618257906288 ], [ 3732256.145290889311582, 2420419.743229219224304 ], [ 3732290.155959635041654, 2421090.572115834802389 ], [ 3732877.195987778715789, 2421630.931218137964606 ], [ 3733740.174900167621672, 2423137.332107288762927 ], [ 3734394.727799753192812, 2423984.423698191065341 ], [ 3735676.69100106973201, 2424800.115739371161908 ], [ 3736211.746957771014422, 2425364.417110630776733 ], [ 3736475.911479996051639, 2426454.552837122697383 ], [ 3736271.263277952559292, 2428999.812130953650922 ], [ 3735531.10735422000289, 2431093.802857054863125 ], [ 3733410.787518234923482, 2434384.543027537409216 ], [ 3732329.425271572545171, 2435626.788423692807555 ], [ 3731086.95805194042623, 2436709.373641830403358 ], [ 3730712.623962392564863, 2437232.894176266621798 ], [ 3730639.76242018956691, 2437717.364904730580747 ], [ 3730501.086828075814992, 2438073.85553980153054 ], [ 3729944.649487961549312, 2438238.981400827877223 ], [ 3728922.94493332086131, 2438238.963852875400335 ], [ 3728433.822850106284022, 2438356.125684121157974 ], [ 3728040.370825793128461, 2438704.825418468099087 ], [ 3727110.538754641078413, 2440071.753954483196139 ], [ 3725681.974638003855944, 2441756.458347986452281 ], [ 3724053.489065067376941, 2442800.548452222719789 ], [ 3722552.841869997791946, 2442227.971411754842848 ], [ 3721316.034701443277299, 2443220.766984152141958 ], [ 3719894.834932178258896, 2444013.517129986081272 ], [ 3718645.926907755900174, 2445089.071576130576432 ], [ 3717934.101308303419501, 2446947.912709579337388 ], [ 3716587.668416765518486, 2447808.548572780098766 ], [ 3709180.808811405207962, 2447792.960113840177655 ], [ 3708965.786862283479422, 2448185.853235024493188 ], [ 3708462.452685685828328, 2448213.762624856084585 ], [ 3707970.042824041098356, 2448438.176648799329996 ], [ 3707797.613673653453588, 2449406.807687801774591 ], [ 3707941.539715601596981, 2450554.901546689216048 ], [ 3708205.309887872077525, 2451105.145809276495129 ], [ 3709407.735663408879191, 2451892.375920984894037 ], [ 3709967.381247284822166, 2451945.503669748548418 ], [ 3711503.809934344608337, 2451729.472736047115177 ], [ 3711843.946576211601496, 2452094.387555923778564 ], [ 3712075.594041478820145, 2452638.676643403246999 ], [ 3713443.745555981062353, 2453803.896228883881122 ], [ 3715118.801351989619434, 2457109.721208390314132 ], [ 3716107.341518627014011, 2458356.576563707087189 ], [ 3717354.413185567595065, 2458801.495634998660535 ], [ 3720021.933476257603616, 2458658.362022830639035 ], [ 3720853.271371190436184, 2458285.650165419094265 ], [ 3721490.079302223864943, 2458304.325848309323192 ], [ 3722241.257509865332395, 2458908.097396962810308 ], [ 3723490.335020447149873, 2459669.566220883280039 ], [ 3724804.357366383541375, 2459889.378095692023635 ], [ 3725665.09415839985013, 2460409.043837856501341 ], [ 3725587.360765076242387, 2462107.466011369600892 ], [ 3724893.233380984980613, 2463102.689456833060831 ], [ 3724110.194020792841911, 2463524.775897518265992 ], [ 3723854.688419590238482, 2464142.433115979656577 ], [ 3724765.381523714400828, 2465754.690085411537439 ], [ 3724148.258044394198805, 2466223.233398741111159 ], [ 3723682.20570025825873, 2466463.217779189813882 ], [ 3723278.859459508676082, 2466379.446546221151948 ], [ 3722879.879205317236483, 2465854.149867198430002 ], [ 3722416.29919737810269, 2467252.597663592081517 ], [ 3722125.254708487540483, 2468825.813206278719008 ], [ 3722295.77092823991552, 2470209.027057971339673 ], [ 3723154.831259274855256, 2471048.75381494872272 ], [ 3723193.654098485596478, 2471782.224508925806731 ], [ 3721774.972035228740424, 2472343.486974707338959 ], [ 3720586.123621242120862, 2474088.114273746497929 ], [ 3720059.485102002508938, 2476349.181070091202855 ], [ 3720559.462820292450488, 2477798.736192179843783 ], [ 3721078.094210542738438, 2478435.6176369744353 ], [ 3720580.118995229247957, 2479801.945109406951815 ], [ 3719474.760718957986683, 2484471.403123047202826 ], [ 3720348.458378310315311, 2485291.354685997590423 ], [ 3720765.947014504112303, 2486503.596366066019982 ], [ 3721086.338020194321871, 2487970.596142831258476 ], [ 3721672.167871014215052, 2489560.010217922739685 ], [ 3723833.88045946136117, 2493852.618069767020643 ], [ 3725127.702435680665076, 2495286.605171963572502 ], [ 3728796.462373946327716, 2498167.238307953812182 ], [ 3730156.691966644488275, 2498669.091643950436264 ], [ 3731563.612894976977259, 2499547.082631427794695 ], [ 3732626.68267523124814, 2501588.201142250560224 ], [ 3732858.150838745757937, 2503611.749779107049108 ], [ 3731706.901030693203211, 2504458.966804306022823 ], [ 3732138.884929791092873, 2506025.645360127091408 ], [ 3732375.860400506295264, 2507752.087389513384551 ], [ 3732221.654460686258972, 2509299.082717693876475 ], [ 3731484.579610886052251, 2510345.675690951757133 ], [ 3732050.781186439562589, 2511120.082531291991472 ], [ 3731563.976581873837858, 2511880.617286572232842 ], [ 3731951.644986318424344, 2512396.353553023189306 ], [ 3732212.656117491424084, 2512923.902189529500902 ], [ 3732637.153196084313095, 2514023.448878352995962 ], [ 3731032.276161619927734, 2515550.909131709020585 ], [ 3730943.539093372877687, 2517945.486404272262007 ], [ 3731089.062583330553025, 2520616.788646964356303 ], [ 3730174.885093882214278, 2522967.618538555689156 ], [ 3732190.978446985594928, 2523803.169700150378048 ], [ 3733226.44971776753664, 2524458.800538362935185 ], [ 3733703.247114223893732, 2525392.826047234702855 ], [ 3734282.76585170859471, 2525993.333611650858074 ], [ 3737443.289708425756544, 2527801.623733146116138 ], [ 3738151.411176240071654, 2527910.171097983140498 ], [ 3738649.866109143476933, 2528278.879162736237049 ], [ 3739465.508026574272662, 2529503.496929383371025 ], [ 3740130.137373866979033, 2530116.064118043519557 ], [ 3740602.231498174834996, 2529966.312790566589683 ], [ 3741065.957673976197839, 2529648.959941159468144 ], [ 3741638.606110164895654, 2529796.262919520027936 ], [ 3742176.310578662902117, 2530617.62078034831211 ], [ 3742456.544671651441604, 2531567.386747731827199 ], [ 3742776.168137178290635, 2532347.139562644995749 ], [ 3743475.424195045139641, 2532638.006861748173833 ], [ 3744146.846604727208614, 2532627.047845505177975 ], [ 3744209.788992274552584, 2533752.245027765631676 ] ] } },
{ "type": "Feature", "properties": { "featurecla": "River", "scalerank": 7.0, "rivernum": 534.0, "name": "Mosel", "name_en": "Moselle", "strokeweig": 0.25 }, "geometry": { "type": "LineString", "coordinates": [ [ 3744209.788992274552584, 2533752.245027765631676 ], [ 3744153.915457658935338, 2537012.099295972846448 ], [ 3744968.475370320491493, 2541479.422953566536307 ], [ 3745136.461270545609295, 2544878.206983931362629 ], [ 3745591.417755316477269, 2546039.596003707498312 ], [ 3746725.380315030924976, 2547640.026489223353565 ], [ 3748651.213636199012399, 2549791.103354716207832 ], [ 3749428.025726840365678, 2551209.395159950014204 ], [ 3749991.565912547986954, 2551960.089803565759212 ], [ 3750202.230796641670167, 2552433.38699312414974 ], [ 3750171.855285408440977, 2553146.247218115255237 ], [ 3749767.226713951677084, 2553582.727724406868219 ], [ 3749335.669903005007654, 2553909.399480345658958 ], [ 3749230.564091756008565, 2554270.21466556424275 ], [ 3750383.872788034845144, 2555731.40176062984392 ], [ 3755658.693585101980716, 2558801.551260934211314 ], [ 3757001.720469992142171, 2560020.035450751893222 ], [ 3758827.357934878673404, 2559960.329611832275987 ], [ 3760669.040721010882407, 2559441.07880200445652 ], [ 3762466.844411259517074, 2559292.081607866566628 ], [ 3764156.905072350520641, 2560356.307480538263917 ], [ 3764779.783803469035774, 2561692.931953513994813 ], [ 3765581.730293179862201, 2564872.266637653112411 ], [ 3766102.282580724451691, 2565473.349993195384741 ], [ 3769641.723627039697021, 2566670.600719180423766 ], [ 3770212.494653331115842, 2567117.55632829060778 ], [ 3770502.396846125368029, 2569039.33106609294191 ], [ 3770861.213636942207813, 2570377.874038343783468 ], [ 3771345.197567564900964, 2571175.324666094500571 ], [ 3772281.722074329387397, 2571383.054855309426785 ], [ 3773115.289431526791304, 2571031.11041892785579 ], [ 3773958.416027131490409, 2570508.255229476839304 ], [ 3775635.23245694860816, 2569857.149876665323973 ], [ 3777158.478472847491503, 2568320.773659605532885 ], [ 3777843.02813068125397, 2567884.227544108405709 ], [ 3778907.607569923624396, 2567903.891999119427055 ], [ 3779639.684833853505552, 2568174.28437136951834 ], [ 3780316.34723452385515, 2568263.403389577288181 ], [ 3781218.298999565187842, 2567739.272211277391762 ], [ 3780733.753708820324391, 2569920.259065974503756 ], [ 3780407.605084032285959, 2570792.557573609985411 ], [ 3779950.896033276803792, 2571468.359683864284307 ], [ 3781003.74947906890884, 2572822.384152149315923 ], [ 3781855.977450002916157, 2572744.065815174020827 ], [ 3784537.923600308597088, 2570315.587647395208478 ], [ 3784647.706849651411176, 2570665.331856871023774 ], [ 3784723.492178401909769, 2572066.437284486368299 ], [ 3784443.741323068737984, 2574296.171738954726607 ], [ 3784444.795536848716438, 2575773.907482145354152 ], [ 3784935.952141961082816, 2577128.680452619679272 ], [ 3785732.86416136380285, 2577772.494629357475787 ], [ 3786423.101803082507104, 2577407.70363864582032 ], [ 3786945.629927815869451, 2576351.789570575580001 ], [ 3787258.567916315980256, 2574900.416148884687573 ], [ 3788526.597810050006956, 2577669.549404257442802 ], [ 3789782.58786813961342, 2579515.530669058207422 ], [ 3791498.466813031584024, 2580442.769428146071732 ], [ 3796161.479149091523141, 2580764.207888148725033 ], [ 3795487.170801186002791, 2582124.384728613775223 ], [ 3791925.903272382449359, 2585784.935938937123865 ], [ 3792965.674734756816179, 2586963.203705936204642 ], [ 3794001.727053272537887, 2587052.599651779048145 ], [ 3796707.402743957005441, 2586143.847271654289216 ], [ 3796949.470608284696937, 2585845.532177883666009 ], [ 3797255.257184921298176, 2585872.77201994182542 ], [ 3798449.672928230836987, 2587229.69089716533199 ], [ 3798876.161072144750506, 2587488.474255968350917 ], [ 3799227.379980065859854, 2587382.815812344662845 ], [ 3799586.55763999838382, 2586875.322370577137917 ], [ 3799560.681463638320565, 2586214.963318386115134 ], [ 3799147.785776409320533, 2584924.155351015273482 ], [ 3799729.067656673491001, 2584030.037101035472006 ], [ 3800704.478431771509349, 2584031.324290101416409 ], [ 3801418.294031700119376, 2585407.661734262015671 ], [ 3801150.714203930925578, 2586362.862555048894137 ], [ 3800469.838125321082771, 2587391.927635899279267 ], [ 3800074.591372521128505, 2588535.892170017585158 ], [ 3800649.671438295859843, 2589833.546619317959994 ], [ 3800344.986871818080544, 2591559.220902489963919 ], [ 3800369.306122701149434, 2593479.385233862325549 ], [ 3800749.774938727263361, 2594566.804820001590997 ], [ 3801531.362528086174279, 2593806.773394107818604 ], [ 3803076.175142637919635, 2591353.509564148262143 ], [ 3804052.287361823022366, 2590528.666556359268725 ], [ 3804545.500789735931903, 2591486.054685954935849 ], [ 3804180.403934741392732, 2593253.130248330999166 ], [ 3803224.871838997118175, 2594071.925464288331568 ], [ 3802148.548803692217916, 2594643.643556409049779 ], [ 3801394.787442892789841, 2595683.31565092690289 ], [ 3801387.080045078415424, 2597048.329386700410396 ], [ 3801691.98408302012831, 2598374.940467714332044 ], [ 3801643.219628958497196, 2599465.979668130166829 ], [ 3800578.055435996036977, 2600116.378814480267465 ], [ 3802078.108020483516157, 2600057.959103330038488 ], [ 3803541.444131897296757, 2599484.387193953152746 ], [ 3804808.327455384191126, 2598622.203341970220208 ], [ 3805679.066044259816408, 2597722.930313873104751 ], [ 3806183.50112875783816, 2598110.524003722704947 ], [ 3806691.328113182913512, 2598411.432699719443917 ], [ 3806374.314533917233348, 2598956.194463867228478 ], [ 3806246.637607412412763, 2599328.450371552724391 ], [ 3806105.879864605143666, 2599622.476643349975348 ], [ 3805762.579211515374482, 2599916.342027026694268 ], [ 3806548.474171699956059, 2600432.3439532215707 ], [ 3807365.5543561168015, 2600616.617292447015643 ], [ 3809133.930478935129941, 2600518.649074129294604 ], [ 3809163.838435831014067, 2601317.939929357264191 ], [ 3808465.70303589804098, 2602228.502419768366963 ], [ 3808579.190421539824456, 2603273.963032754138112 ], [ 3808902.67684365157038, 2604253.812276017852128 ], [ 3808827.190644765738398, 2604938.960919119417667 ], [ 3808137.307458718307316, 2604978.007284372113645 ], [ 3806088.997127502225339, 2603882.445031323470175 ], [ 3805235.086487710475922, 2603605.323839950375259 ], [ 3804777.03498756326735, 2603977.135780928190798 ], [ 3804537.417135218158364, 2604765.760399228427559 ], [ 3804543.795162151567638, 2605547.582159077282995 ], [ 3804833.463772372808307, 2605890.770964246243238 ], [ 3810083.664025139994919, 2607161.983338435646147 ], [ 3812119.764861420728266, 2607073.362799354363233 ], [ 3813029.628414696082473, 2607341.673515705857426 ], [ 3813916.234672031830996, 2608083.349106446374208 ], [ 3814808.928702806122601, 2608536.28753323154524 ], [ 3816968.558863281272352, 2608151.19091337127611 ], [ 3817943.468920912127942, 2608273.697692838031799 ], [ 3818550.723665027879179, 2609049.758900898508728 ], [ 3819127.084315865300596, 2610288.825986925978214 ], [ 3819797.566575115546584, 2611435.396025467664003 ], [ 3820689.783106551505625, 2611907.709918078035116 ], [ 3822355.09087128052488, 2612347.880899165757 ], [ 3824286.312132447957993, 2613186.1192138614133 ], [ 3824313.917086048051715, 2613985.490228736773133 ], [ 3823802.936411486007273, 2614003.16179182427004 ], [ 3823826.083088160958141, 2614671.486019899137318 ], [ 3824168.434989411383867, 2615131.963638454675674 ], [ 3824198.040380629245192, 2615209.660773694515228 ], [ 3824052.874137195758522, 2615390.489730374887586 ], [ 3823879.184284739196301, 2616204.700343147385865 ], [ 3824661.273364566266537, 2616933.388398167677224 ], [ 3824968.16866965033114, 2618324.032716933172196 ], [ 3825124.856030906084925, 2619945.521417326293886 ], [ 3825502.533440043218434, 2621349.4964893842116 ], [ 3826276.442549466155469, 2622162.647232909221202 ], [ 3827214.673038085456938, 2622282.834277613088489 ], [ 3829543.258839352056384, 2621884.034147445112467 ], [ 3830162.504707136657089, 2622314.605306542944163 ], [ 3831212.981915314681828, 2623289.789103372953832 ], [ 3832024.862109323963523, 2624273.065217168070376 ], [ 3831939.398716991767287, 2624735.074051012285054 ], [ 3831753.497983855195343, 2625205.660619989503175 ], [ 3832150.090430620126426, 2626231.590644991025329 ], [ 3832994.251019531395286, 2627704.598262788262218 ], [ 3833679.398933463729918, 2627616.495746033266187 ], [ 3835562.093529569450766, 2626886.05324022565037 ] ] } },
{ "type": "Feature", "properties": { "featurecla": "River", "scalerank": 7.0, "rivernum": 554.0, "name": "Prut", "name_en": "Prut", "strokeweig": 0.15 }, "geometry": { "type": "LineString", "coordinates": [ [ 5039215.806377741508186, 2504500.606269367039204 ], [ 5038274.244767577387393, 2509209.17469032946974 ], [ 5037767.460323801264167, 2510673.198711595498025 ], [ 5037338.943602784536779, 2511264.511409606784582 ], [ 5036891.440936713479459, 2511629.96178123774007 ], [ 5036572.59767868835479, 2512101.405434681568295 ], [ 5036540.133661933243275, 2513031.410293861757964 ], [ 5036882.798918711952865, 2513814.298486697953194 ], [ 5038139.681391172111034, 2514962.091642447281629 ], [ 5038607.231863828375936, 2515617.641739128623158 ], [ 5038909.958220149390399, 2517966.220493245869875 ], [ 5037602.939396142028272, 2518319.868804342113435 ], [ 5035738.85277899261564, 2517933.668328103143722 ], [ 5034406.464700877666473, 2518042.185198088176548 ], [ 5033853.601209798827767, 2520152.510696409270167 ], [ 5034597.793543210253119, 2522842.827984840143472 ], [ 5036559.281620256602764, 2527387.885777993593365 ], [ 5036615.95921541005373, 2528169.869779970962554 ], [ 5036596.563679117709398, 2529685.838559027761221 ], [ 5036819.222552366554737, 2530436.892060155980289 ], [ 5037897.584300894290209, 2531704.877272879704833 ], [ 5042247.157307557761669, 2533490.003234592732042 ] ] } },
{ "type": "Feature", "properties": { "featurecla": "River", "scalerank": 7.0, "rivernum": 554.0, "name": "Prut", "name_en": "Prut", "strokeweig": 0.2 }, "geometry": { "type": "LineString", "coordinates": [ [ 5042247.157307557761669, 2533490.003234592732042 ], [ 5050148.711706528440118, 2538337.359248731750995 ], [ 5053131.203793527558446, 2539271.548320324160159 ], [ 5055175.709878475405276, 2539560.535698862746358 ], [ 5057283.872263811528683, 2539504.529272962361574 ], [ 5059389.552849101833999, 2538977.459220827091485 ], [ 5061459.767150290310383, 2537865.289892971515656 ], [ 5064262.927802376449108, 2535514.466274147853255 ], [ 5064626.865556702949107, 2535268.005896946880966 ], [ 5064844.930024136789143, 2535245.979346720036119 ], [ 5065036.806184821762145, 2535178.380333715584129 ], [ 5065331.704588712193072, 2534783.782416942995042 ], [ 5065487.413749394007027, 2534373.882340493611991 ], [ 5065720.735553779639304, 2533449.57429540483281 ], [ 5065949.191962490789592, 2533084.143654590472579 ], [ 5067519.689512779936194, 2532427.772413126192987 ], [ 5069310.01762071903795, 2532760.331872210372239 ], [ 5072500.097162000834942, 2534037.635332919191569 ], [ 5077828.733979064971209, 2533289.131326305679977 ], [ 5080539.644313243217766, 2532255.029888845048845 ], [ 5082784.087279615923762, 2532126.920937491115183 ], [ 5084947.799523433670402, 2532419.761721614282578 ], [ 5086185.420902567915618, 2533148.866290635894984 ], [ 5088942.084597995504737, 2532455.358602166175842 ], [ 5097213.830248015001416, 2535478.935144323389977 ], [ 5099745.950223348103464, 2535266.287346728611737 ], [ 5101135.883909301832318, 2534939.988542533945292 ], [ 5101617.554613871499896, 2534940.727978266775608 ], [ 5102527.711107781156898, 2535108.050993915181607 ], [ 5103593.670074245892465, 2535080.771355864591897 ], [ 5104737.46105394884944, 2534673.25103092379868 ], [ 5106892.985804964788258, 2533277.782367318868637 ], [ 5111773.908377638086677, 2528917.745493518188596 ], [ 5114090.656313076615334, 2528007.142963550984859 ], [ 5117008.926851133815944, 2528856.567072567529976 ], [ 5119228.594677463173866, 2530667.956047168001533 ], [ 5120056.22115339525044, 2531107.583093430381268 ], [ 5121061.99372829310596, 2531253.078619118779898 ], [ 5121967.045213067904115, 2531038.616393825504929 ], [ 5123825.925735075026751, 2530140.066056929063052 ], [ 5124739.70147507917136, 2529887.619658331386745 ], [ 5127158.660236119292676, 2530038.33827278483659 ], [ 5128098.252220820635557, 2529915.582355269696563 ], [ 5128803.69354859367013, 2529553.871762666385621 ], [ 5130340.913604475557804, 2528417.798063265159726 ], [ 5131309.484601810574532, 2527984.914826320484281 ], [ 5134023.248424264602363, 2527665.78577148122713 ], [ 5136778.107881126925349, 2526706.835373535752296 ], [ 5144783.813748900778592, 2522167.400906604714692 ], [ 5146504.553826336748898, 2521999.779517503920943 ], [ 5149739.382790292613208, 2523085.139545063953847 ], [ 5151446.113631529733539, 2523047.719256058800966 ], [ 5154912.77663876209408, 2521835.65249142376706 ], [ 5156582.707945281639695, 2521597.953615717589855 ], [ 5159570.159602015279233, 2522139.530415771529078 ], [ 5162315.387503479607403, 2521630.766529471613467 ], [ 5163656.172629246488214, 2521791.959617405198514 ], [ 5164752.31474095210433, 2522433.716079740319401 ], [ 5166824.801113831810653, 2524118.767689647618681 ], [ 5167943.702864547260106, 2524704.627255430445075 ], [ 5171218.2310507344082, 2525613.993443295825273 ], [ 5172307.012059981003404, 2526156.449755683541298 ] ] } },
{ "type": "Feature", "properties": { "featurecla": "River", "scalerank": 7.0, "rivernum": 554.0, "name": "Prut", "name_en": "Prut", "strokeweig": 0.25 }, "geometry": { "type": "LineString", "coordinates": [ [ 5172307.012059981003404, 2526156.449755683541298 ], [ 5180692.704554408788681, 2530149.075301931705326 ], [ 5185577.989923674613237, 2534012.892771993763745 ], [ 5187159.609048267826438, 2534435.25638376083225 ], [ 5189089.047341141849756, 2533392.638424712698907 ], [ 5189887.076532360166311, 2533409.373322034720331 ], [ 5190363.009667727164924, 2534730.702500847168267 ], [ 5191506.899887974373996, 2533324.805080741178244 ], [ 5192942.507734600454569, 2533338.218699524179101 ], [ 5195691.936755448579788, 2534593.108434536494315 ], [ 5197010.73988426476717, 2534257.423126462846994 ], [ 5199083.913054221309721, 2532610.066612992901355 ], [ 5199723.756608832627535, 2533264.979408309329301 ], [ 5203382.458516829647124, 2530922.990545750129968 ], [ 5203999.043468063697219, 2530239.385627392213792 ], [ 5204695.126685545779765, 2528534.31112595833838 ], [ 5205283.338526295498013, 2529056.63553472654894 ], [ 5205810.325558423064649, 2530397.376960368361324 ], [ 5206307.383656403981149, 2531154.616507492493838 ], [ 5207360.978182461112738, 2530592.141862077172846 ], [ 5207998.632367674261332, 2529466.450433787889779 ], [ 5208781.25559397879988, 2528477.052110117394477 ], [ 5211406.360174626111984, 2528120.919592123478651 ], [ 5211616.962921482510865, 2527221.542806163895875 ], [ 5210997.626865124329925, 2526246.471493071410805 ], [ 5209650.608709366992116, 2525837.130508666858077 ], [ 5209802.90412886813283, 2525185.523022563196719 ], [ 5211982.81093549542129, 2524488.062391671352088 ], [ 5213409.217773287557065, 2524345.133988330606371 ], [ 5214100.491304863244295, 2525275.400382155552506 ], [ 5214775.255280493758619, 2525137.211247106548399 ], [ 5215532.800302349030972, 2524754.366873329505324 ], [ 5216023.022739790380001, 2524311.500754110980779 ], [ 5216122.980681797489524, 2523701.501159188803285 ], [ 5215601.985862298868597, 2522568.315958973020315 ], [ 5215568.785508410073817, 2521940.54224403295666 ], [ 5216683.813982026651502, 2519498.581233599688858 ], [ 5218389.045506709255278, 2517777.608502067159861 ], [ 5220430.618693217635155, 2516675.286620373371989 ], [ 5222515.190680955536664, 2516039.345876048319042 ], [ 5222698.86766132991761, 2515260.267742392607033 ], [ 5221412.8844103962183, 2514269.724171094130725 ], [ 5221590.555677391588688, 2513853.210231170523912 ], [ 5221781.589329907670617, 2513472.197586565278471 ], [ 5222001.143297557719052, 2513154.523928632028401 ], [ 5222242.965521605685353, 2512896.024033366236836 ], [ 5223866.329110489226878, 2514114.606238006614149 ], [ 5225096.930031757801771, 2512994.774211041629314 ], [ 5226072.939095615409315, 2511728.65069671580568 ], [ 5226900.652243053540587, 2512485.205785838887095 ], [ 5227937.8602738045156, 2511743.479756052605808 ], [ 5228225.801294364966452, 2510786.773340651765466 ], [ 5227961.268971026875079, 2509761.386486056726426 ], [ 5227305.706621994264424, 2508810.808829152025282 ], [ 5229062.1340153189376, 2507972.145661672577262 ], [ 5229558.836763135157526, 2507833.495618536137044 ], [ 5229713.018709944561124, 2507182.239997389726341 ], [ 5228877.830955457873642, 2505196.484928078018129 ], [ 5229876.43103548232466, 2504424.038251925259829 ], [ 5231678.190758977085352, 2503906.702085375320166 ], [ 5233316.850048119202256, 2502687.592533195856959 ], [ 5233366.483929856680334, 2502203.030757067259401 ], [ 5234257.204471727833152, 2498999.283405914902687 ], [ 5234348.000985095277429, 2498341.039878991432488 ], [ 5235209.028728988952935, 2497957.290255784522742 ], [ 5236122.396552535705268, 2497904.415275572799146 ], [ 5236985.259993160143495, 2497712.881466785445809 ], [ 5237730.777009488083422, 2496945.871616024989635 ], [ 5235677.873636232689023, 2494879.92744804546237 ], [ 5236677.23253580648452, 2494375.312933340668678 ], [ 5238010.89548839814961, 2493092.352426286321133 ], [ 5239177.212008114904165, 2491705.00554877333343 ], [ 5239720.742996982298791, 2490903.462413533590734 ], [ 5240103.546336580999196, 2490487.299371959175915 ], [ 5241570.203536185435951, 2489859.751852969639003 ], [ 5242019.208979343064129, 2489594.361715190112591 ], [ 5242513.050554873421788, 2488621.898368384223431 ], [ 5242676.26726938597858, 2487478.879389303736389 ], [ 5243237.876593410968781, 2486803.207754769828171 ], [ 5243393.111137692816556, 2486152.094640211202204 ], [ 5241854.201368558220565, 2485426.557944396976382 ], [ 5243049.631436188705266, 2483282.693632017821074 ], [ 5245318.868941439315677, 2480903.76519728358835 ], [ 5251383.621531004086137, 2475907.952755563426763 ], [ 5253838.707498107105494, 2474379.934611432254314 ], [ 5256253.410442404448986, 2474060.65867334138602 ], [ 5257311.517168120481074, 2471984.873976100236177 ], [ 5257692.036368492990732, 2471390.543140569701791 ], [ 5257869.286285847425461, 2471033.548396770376712 ], [ 5258089.11490779556334, 2470073.856503456365317 ], [ 5258336.052697500213981, 2469655.314432883169502 ], [ 5258667.816700823605061, 2469538.003953780047596 ], [ 5259452.958550838753581, 2469618.939831308089197 ], [ 5259651.548282624222338, 2469599.241569412872195 ], [ 5260847.613003806211054, 2466911.421598981600255 ], [ 5261671.969007690437138, 2465495.113489584531635 ], [ 5262574.593690978363156, 2465015.922725816257298 ], [ 5263220.194098055362701, 2465071.700949167832732 ], [ 5263630.164638667367399, 2464935.649970574770123 ], [ 5263977.349405214190483, 2464741.255692365579307 ], [ 5264434.962669387459755, 2464635.659380786120892 ], [ 5266272.715142677538097, 2465017.60496564861387 ], [ 5266372.705402077175677, 2465103.911858461331576 ], [ 5267420.315545833669603, 2464952.191548705566674 ], [ 5268636.240381188690662, 2464590.197012857999653 ], [ 5269748.596582407131791, 2463976.388388489373028 ], [ 5270496.093363862484694, 2463085.118630488403141 ], [ 5270025.905721873044968, 2462484.820978908799589 ], [ 5269827.895909656770527, 2461577.735609225928783 ], [ 5269817.487869836390018, 2460440.573346147779375 ], [ 5269906.408052930608392, 2459165.386457419488579 ], [ 5271438.049161814153194, 2458369.517927121371031 ], [ 5271647.561114732176065, 2455008.065383704379201 ], [ 5272816.937104233540595, 2454575.653519518207759 ], [ 5273983.945283161476254, 2453972.642167735844851 ], [ 5276679.775540698319674, 2450285.28065902646631 ], [ 5277981.78754909709096, 2448967.028041402809322 ], [ 5278601.947423186153173, 2448820.682982575148344 ], [ 5280620.043286932632327, 2448852.87532305996865 ], [ 5281501.861635820940137, 2448554.404243907425553 ], [ 5282151.936776347458363, 2448226.511187565512955 ], [ 5282798.362962169572711, 2448019.419488687068224 ], [ 5284676.608310766518116, 2448010.750784215983003 ], [ 5285622.391011384315789, 2447393.266944241244346 ], [ 5287690.544181821867824, 2445215.072179054841399 ], [ 5287922.3618771918118, 2443893.019548943266273 ], [ 5288992.497276551090181, 2442757.443758310284466 ], [ 5291339.481409791857004, 2440917.487082204315811 ] ] } },
{ "type": "Feature", "properties": { "featurecla": "River", "scalerank": 7.0, "rivernum": 562.0, "name": "Zncara", "name_en": "Záncara", "strokeweig": 0.15 }, "geometry": { "type": "LineString", "coordinates": [ [ 2967036.92810966540128, 1596556.859485600376502 ], [ 2963519.413609134033322, 1596273.000181291252375 ], [ 2960245.629305948968977, 1595036.935843842336908 ], [ 2957376.45042020175606, 1591070.616658733924851 ], [ 2955975.612840187270194, 1589802.868126448709518 ], [ 2954361.198771621566266, 1585806.048514250433072 ], [ 2953123.672433122992516, 1584942.711804424179718 ], [ 2951700.186614850070328, 1584538.208853223593906 ], [ 2950339.670126279816031, 1583799.004604037618265 ], [ 2949400.164982433430851, 1582496.015476299682632 ], [ 2948787.516224843915552, 1580782.970069506205618 ], [ 2947947.239000572357327, 1576315.062363912118599 ], [ 2947109.271827875636518, 1575270.077601547120139 ], [ 2943513.848131048493087, 1572232.450462344102561 ], [ 2942287.688490237575024, 1570830.315245438134298 ], [ 2941666.765187740325928, 1569045.361452487064525 ], [ 2941726.979915198870003, 1565499.218930858187377 ], [ 2941520.395761360414326, 1562993.688231345033273 ] ] } },
{ "type": "Feature", "properties": { "featurecla": "River", "scalerank": 7.0, "rivernum": 562.0, "name": "Zncara", "name_en": "Záncara", "strokeweig": 0.2 }, "geometry": { "type": "LineString", "coordinates": [ [ 2941520.395761360414326, 1562993.688231345033273 ], [ 2941879.076078046113253, 1561439.541824959218502 ], [ 2944307.210344295483083, 1558139.763146468438208 ], [ 2945106.360436918679625, 1556672.38215452618897 ], [ 2944980.625646793749183, 1552589.852563019376248 ], [ 2942014.214191550388932, 1545819.875200076261535 ], [ 2942376.864484888501465, 1542322.858976001385599 ], [ 2942227.268360197544098, 1541036.799199656117707 ], [ 2940291.935386537574232, 1537312.001395934959874 ], [ 2939731.255001340061426, 1535587.841969142202288 ], [ 2939805.371102425269783, 1533554.257678255205974 ], [ 2940054.963742271997035, 1531636.537040272960439 ], [ 2939929.783517419360578, 1529637.03543460345827 ], [ 2938893.439568842761219, 1527344.811561546986923 ], [ 2936158.223435625433922, 1525902.343553536571562 ], [ 2933507.463062427006662, 1524933.320780887501314 ], [ 2930569.86470858566463, 1524548.081064240541309 ], [ 2923705.076898802537471, 1525353.412316122325137 ], [ 2922224.273061225190759, 1525928.409956281073391 ], [ 2921328.134069925174117, 1527730.93421945697628 ], [ 2918403.493453175760806, 1531721.65736340964213 ], [ 2915744.65874333307147, 1530198.303434844128788 ], [ 2911865.764898371882737, 1530231.158037897897884 ], [ 2900699.379311265423894, 1532075.048311757389456 ], [ 2892160.728213197086006, 1530256.260353953577578 ], [ 2888757.467099989764392, 1530082.277712364913896 ] ] } },
{ "type": "Feature", "properties": { "featurecla": "River", "scalerank": 7.0, "rivernum": 563.0, "name": "Weser", "name_en": "Weser", "strokeweig": 0.15 }, "geometry": { "type": "LineString", "coordinates": [ [ 4067022.602517896331847, 2637904.216392517089844 ], [ 4066794.930427480489016, 2636136.13335893349722 ], [ 4066177.650068042334169, 2634698.665212779305875 ], [ 4065375.206045587547123, 2634085.030847383197397 ], [ 4063655.46462062979117, 2632888.179635767824948 ], [ 4061417.629584116861224, 2630416.255925564561039 ], [ 4060092.21735092299059, 2629705.375929615925997 ], [ 4054829.260293173138052, 2629769.011585677042603 ], [ 4051982.966204944066703, 2630494.347231546416879 ], [ 4046584.0595124643296, 2633436.853843793272972 ], [ 4045609.630036504939198, 2633789.905367514118552 ] ] } },
{ "type": "Feature", "properties": { "featurecla": "River", "scalerank": 7.0, "rivernum": 563.0, "name": "Weser", "name_en": "Weser", "strokeweig": 0.2 }, "geometry": { "type": "LineString", "coordinates": [ [ 4045609.630036504939198, 2633789.905367514118552 ], [ 4044285.42834473028779, 2633948.626990269403905 ], [ 4044274.492234273348004, 2634433.705865040887147 ], [ 4043303.134689785540104, 2637210.472890336066484 ], [ 4042046.982850383035839, 2639366.123022961895913 ], [ 4041685.531250363215804, 2639793.233731155283749 ], [ 4039324.443918930832297, 2641033.165168080478907 ], [ 4030825.298758729826659, 2641913.119652811437845 ], [ 4028592.60978522663936, 2643565.310217105783522 ], [ 4027270.901777397841215, 2650035.649729494936764 ], [ 4025123.722023131325841, 2652219.571967569645494 ], [ 4025213.597051458898932, 2654265.598121050279588 ], [ 4024022.864456803537905, 2657781.862554757855833 ], [ 4024201.220986454747617, 2658813.376603852957487 ], [ 4024197.357009058818221, 2659618.481175012886524 ], [ 4023744.260241806507111, 2660324.416035682894289 ], [ 4023791.68919387832284, 2660862.263268539216369 ], [ 4024039.243557097390294, 2661335.497977255377918 ], [ 4024186.784543627407402, 2661821.377148547675461 ], [ 4024174.638758665882051, 2664352.092520537320524 ], [ 4023819.074449663516134, 2665635.457419776823372 ], [ 4022950.732660134788603, 2666326.406226685270667 ], [ 4021873.7888836665079, 2666846.126549801789224 ], [ 4020905.860524941701442, 2667602.559615527279675 ], [ 4020418.791986235883087, 2668772.850405579432845 ], [ 4020140.241479235701263, 2670235.126053012907505 ], [ 4019709.848322703503072, 2671471.280053712427616 ], [ 4018770.597218695562333, 2671992.203921404667199 ], [ 4013871.183089836034924, 2673444.949105237144977 ], [ 4010211.907226487994194, 2675699.473664199467748 ], [ 4009641.334184390027076, 2675370.523518789559603 ], [ 4009044.856358837801963, 2674629.846429305616766 ], [ 4007672.687293351162225, 2674842.616305872332305 ], [ 4004997.955082500353456, 2675762.393637188244611 ], [ 4000591.169720035512, 2675340.330298909917474 ], [ 3998565.403007523622364, 2675872.884211266878992 ], [ 3997105.403114735148847, 2677892.904876025859267 ], [ 3997769.269989608787, 2677821.756263872608542 ], [ 3998340.275680146180093, 2677957.909884333144873 ], [ 3999429.130833345465362, 2678626.429225225932896 ], [ 3998921.480502957943827, 2679360.839358184020966 ], [ 3999810.883289583958685, 2680396.653937787283212 ], [ 4001293.071039998903871, 2683832.435925531666726 ], [ 4002164.463019931223243, 2685227.970835659652948 ], [ 4003506.508927158545703, 2685779.481059155892581 ], [ 4004185.542334157042205, 2686252.075056998059154 ], [ 4004473.04336132761091, 2687164.999548830557615 ], [ 4004736.960155812557787, 2688384.76885637966916 ], [ 4005342.319731661584228, 2689172.170626476872712 ], [ 4006880.688664616085589, 2690432.918508502654731 ], [ 4006549.352174530271441, 2690597.701684067491442 ], [ 4006499.583672460634261, 2690676.316512423567474 ], [ 4006506.021870369557291, 2690817.948234568815678 ], [ 4006373.140141642652452, 2691166.59072359604761 ], [ 4006959.959093254059553, 2692958.649857852142304 ], [ 4007445.252092166338116, 2693772.375345404725522 ], [ 4008215.594575747847557, 2694172.226312249433249 ], [ 4009250.825776826124638, 2692600.429071181453764 ], [ 4011336.563532523810863, 2692347.693978432100266 ], [ 4013388.213529136031866, 2692544.21244300249964 ], [ 4014325.542079200502485, 2692318.63303633639589 ], [ 4014527.792419176548719, 2693342.058708460070193 ], [ 4014989.5218306472525, 2693867.955356329679489 ], [ 4015450.717027048114687, 2694535.518795069307089 ], [ 4015654.616194942500442, 2695986.499690909869969 ], [ 4015505.045891094952822, 2696222.076638092286885 ], [ 4015228.641935822088271, 2696842.807074980810285 ], [ 4015104.336589923128486, 2697487.614516801200807 ], [ 4015424.149628905113786, 2697787.578235109336674 ], [ 4016095.27009019209072, 2697810.67367354221642 ], [ 4016507.998837768565863, 2697982.494243911001831 ], [ 4016770.957580344751477, 2698442.342744324356318 ], [ 4017032.438886196352541, 2699321.83494727127254 ], [ 4017519.268601831514388, 2699053.376616144552827 ], [ 4017728.110482139978558, 2698886.258640374522656 ], [ 4018000.454593083355576, 2698530.542134078685194 ], [ 4017998.793780443258584, 2698992.133819311391562 ], [ 4018063.067370856180787, 2699501.172575255855918 ], [ 4018103.918055315967649, 2700086.186874493025243 ], [ 4017992.310932876076549, 2700793.919560807291418 ], [ 4018993.929724777117372, 2700692.714607231318951 ], [ 4019397.751178850885481, 2700518.541974255815148 ], [ 4019888.888149735983461, 2700001.171290898229927 ], [ 4020421.580026951152831, 2700664.245458159130067 ], [ 4021189.592597707174718, 2701121.173584688920528 ], [ 4022087.160460215061903, 2701387.331460139714181 ], [ 4023028.367768663913012, 2701483.373659847304225 ], [ 4022447.888223307207227, 2701992.168308688793331 ], [ 4020488.595120775513351, 2702857.127500242553651 ], [ 4019602.805754579603672, 2703003.071519335731864 ], [ 4019438.629707916639745, 2702753.269921425264329 ], [ 4019027.393740913830698, 2702318.935796016361564 ], [ 4018598.670309045352042, 2702125.862682671286166 ], [ 4018408.507955527398735, 2702631.346948115155101 ], [ 4018528.070062344893813, 2703347.796762105077505 ], [ 4018856.48662283224985, 2703839.478244605008513 ], [ 4019317.527436243835837, 2704174.328078015707433 ], [ 4019871.366510475520045, 2704407.30179214803502 ], [ 4019248.827638337854296, 2704863.846518565900624 ], [ 4018119.370899916160852, 2704938.305572091136128 ], [ 4017514.254884165711701, 2705198.422926264349371 ], [ 4017149.474930469878018, 2705669.253018268384039 ], [ 4016303.087241469416767, 2707074.839897819794714 ], [ 4016038.059816586319357, 2707388.713279465213418 ], [ 4014900.435461996588856, 2707091.44025192130357 ], [ 4014044.411842580884695, 2706367.701786837540567 ], [ 4013147.200783913489431, 2706147.571313868742436 ], [ 4011880.053524401504546, 2707377.091047298163176 ], [ 4012389.732635909225792, 2708112.702377530746162 ], [ 4011672.920604677405208, 2708459.802685582078993 ], [ 4011143.452947116922587, 2709166.739656582009047 ], [ 4010993.001359085086733, 2710076.507554122712463 ], [ 4011459.132961254566908, 2711042.738064447417855 ], [ 4010261.333020019344985, 2713020.334814763162285 ], [ 4008272.979613039176911, 2713436.287721707019955 ], [ 4004037.770211873576045, 2713234.352036189287901 ], [ 4003262.868842168245465, 2713705.8873236104846 ], [ 4001937.370656361803412, 2715187.076763241086155 ], [ 4001482.588051746599376, 2715501.657203586306423 ], [ 4000438.178612500894815, 2715598.499803951010108 ], [ 3999746.338997243437916, 2716018.13604099303484 ], [ 3999515.824198252521455, 2716904.66324810590595 ], [ 3999851.828308315481991, 2718431.122964105103165 ], [ 3999621.342199415434152, 2718473.100352260284126 ], [ 3998929.87112367991358, 2718431.235669677145779 ], [ 3998930.028839065693319, 2719165.627418914809823 ], [ 3999637.850764876697212, 2719094.709275511093438 ], [ 4000125.10148935765028, 2719278.295822116080672 ], [ 4000470.730806456878781, 2719763.540589910000563 ], [ 4000766.860879494342953, 2720634.3595673982054 ], [ 3998996.352136845700443, 2721541.905842163134366 ], [ 3997451.82525522634387, 2725600.026202285196632 ], [ 3996169.084059967193753, 2725036.929899765644222 ], [ 3996327.359932560939342, 2725626.95790264941752 ], [ 3996344.025171619374305, 2725933.822643448598683 ], [ 3996383.661153343506157, 2726185.590405924711376 ], [ 3996630.49081788957119, 2726570.98120588902384 ], [ 3996630.94382679508999, 2727239.817607559729367 ], [ 3995562.468094357755035, 2726973.1211649319157 ], [ 3992703.119420629460365, 2727244.028749135322869 ], [ 3991898.92316010966897, 2727914.112247990909964 ], [ 3991523.196262834127992, 2729213.076517051551491 ], [ 3991107.475951803848147, 2730079.364303816575557 ], [ 3990160.137838395312428, 2729446.403448893222958 ], [ 3989439.556505921762437, 2730489.180357140488923 ], [ 3987383.443769580684602, 2731839.537044672295451 ], [ 3986949.103868385311216, 2732758.687814722768962 ], [ 3986558.430025430396199, 2733984.646809417754412 ], [ 3985591.407919037621468, 2734433.260489539708942 ], [ 3983327.2679269365035, 2734597.722367810085416 ], [ 3982295.395154567901045, 2735152.116863791365176 ], [ 3980922.593543510884047, 2736586.724702458828688 ], [ 3978792.208645939361304, 2737080.621436225716025 ], [ 3976969.297729730140418, 2738006.794666241388768 ], [ 3975960.526905815582722, 2738300.109134643338621 ], [ 3975586.085666600614786, 2738852.770088879391551 ], [ 3975441.312348997686058, 2739417.433795612771064 ], [ 3975558.785112422890961, 2739967.688984828535467 ], [ 3975971.160678087268025, 2740495.526415948756039 ], [ 3975975.048313043545932, 2741298.156070544850081 ], [ 3975567.028926904313266, 2741641.144387313164771 ], [ 3975388.296695100609213, 2741948.924189482815564 ], [ 3975291.772196302190423, 2742308.761555626988411 ], [ 3975065.025404239539057, 2742834.506752361543477 ], [ 3975982.467880660668015, 2742829.978132377844304 ], [ 3975985.720305960159749, 2743501.464273448102176 ], [ 3974608.122105562128127, 2744470.993164199404418 ], [ 3973911.347261117771268, 2745891.073391372337937 ], [ 3973330.117011627182364, 2747415.561257101595402 ], [ 3972306.2090217275545, 2748719.618145670741796 ], [ 3973705.180683710612357, 2749000.535499632824212 ], [ 3974333.143668835517019, 2750190.759528007823974 ], [ 3974253.335152802057564, 2751830.630686184857041 ], [ 3973499.917524431366473, 2753447.84344086330384 ], [ 3972991.321704716887325, 2754316.23689424013719 ], [ 3972369.448838755954057, 2755938.170504988636822 ], [ 3971893.507958848495036, 2756722.562788571231067 ], [ 3971276.054559115786105, 2757303.21449095569551 ], [ 3969165.002004983834922, 2758273.402140308171511 ], [ 3969169.174525817390531, 2758942.297187810298055 ], [ 3969573.226322304457426, 2759320.160711127333343 ], [ 3970188.419975076802075, 2760064.031307472381741 ], [ 3970634.834220356307924, 2761005.72268636804074 ], [ 3970558.770364093128592, 2761937.427145725116134 ], [ 3970085.766982305329293, 2761984.864342946093529 ], [ 3968576.788768158759922, 2760803.278024099767208 ], [ 3968019.700754263903946, 2760484.193575746845454 ], [ 3967056.778499470092356, 2760524.622143264394253 ], [ 3966421.979428219608963, 2760801.713415554258972 ], [ 3966061.612808501347899, 2761572.789890174288303 ], [ 3965957.90805504610762, 2763102.869092972017825 ], [ 3965570.294948442373425, 2763674.808253654278815 ], [ 3964677.484983583446592, 2763392.552898148074746 ], [ 3963752.026763244532049, 2762677.856470789760351 ], [ 3963257.336142357438803, 2761986.343185114208609 ], [ 3962060.989061876665801, 2762617.1053675878793 ], [ 3961070.511108895763755, 2762003.094303553923965 ], [ 3960123.877901143394411, 2761189.557970169465989 ], [ 3959095.707352491095662, 2761213.703774373047054 ], [ 3958250.492879712022841, 2762411.749880266841501 ], [ 3958203.804351336788386, 2763836.60087318951264 ], [ 3958735.923252143897116, 2765038.851958309765905 ], [ 3959598.528970289044082, 2765608.848056037444621 ], [ 3959347.871498766820878, 2766856.990375221706927 ], [ 3959298.241813541855663, 2768746.212959273252636 ], [ 3959410.924811016768217, 2770555.410689428448677 ], [ 3959647.162477231584489, 2771550.358225408941507 ], [ 3958817.003388714510947, 2772790.221927342005074 ], [ 3958499.505466445349157, 2774537.45886911964044 ], [ 3958821.73008319735527, 2776082.582472663372755 ], [ 3960784.171439134515822, 2777281.220569876488298 ], [ 3961385.358253825921565, 2778422.918735939543694 ], [ 3961305.836764511652291, 2779480.800200880039483 ], [ 3960169.569972578436136, 2779744.341674888972193 ], [ 3960174.983649282716215, 2780413.286366779357195 ], [ 3960754.727827636059374, 2780933.326472678221762 ], [ 3962264.053006240632385, 2781433.099997180048376 ], [ 3962907.778342084493488, 2781861.080844851210713 ], [ 3963066.83045005146414, 2783559.914198570884764 ], [ 3963927.992381783202291, 2785767.775415837299079 ], [ 3964120.780819945968688, 2787702.541887886822224 ], [ 3961331.018808031454682, 2788878.077963399235159 ], [ 3960736.352534995879978, 2789617.400195084977895 ], [ 3960677.278818342834711, 2790347.233469273429364 ], [ 3961384.103858570102602, 2790674.822420234326273 ], [ 3964780.040376325603575, 2789980.277761174831539 ], [ 3964688.67663213191554, 2790815.235020880587399 ], [ 3964498.157397286966443, 2791393.800309578888118 ], [ 3964225.281366512179375, 2791794.568914704956114 ], [ 3963893.537979983724654, 2792124.948799259029329 ], [ 3964555.197556475643069, 2792553.023240544833243 ], [ 3966606.03811723832041, 2792656.705828906502575 ], [ 3967574.294911334291101, 2792899.45707437209785 ], [ 3967183.63306020013988, 2795111.14504981925711 ], [ 3967826.865297592710704, 2798271.01388713857159 ], [ 3967367.937341045122594, 2799905.980708505026996 ], [ 3966521.415694668423384, 2800213.415481317788363 ], [ 3964165.238134999293834, 2799115.000582234933972 ], [ 3963041.057033604942262, 2799537.892740120645612 ], [ 3962484.897989919409156, 2800937.937236090190709 ], [ 3961720.625623572617769, 2804664.335969407577068 ], [ 3961047.11507554538548, 2805422.675033200532198 ], [ 3960643.134370490442961, 2805478.381739799398929 ], [ 3959707.954688026569784, 2805853.321208587381989 ], [ 3959225.227529906667769, 2806159.056212194263935 ] ] } },
{ "type": "Feature", "properties": { "featurecla": "River", "scalerank": 7.0, "rivernum": 563.0, "name": "Weser", "name_en": "Weser", "strokeweig": 0.25 }, "geometry": { "type": "LineString", "coordinates": [ [ 3959225.227529906667769, 2806159.056212194263935 ], [ 3958438.844587033614516, 2806887.220247015822679 ], [ 3957945.201494960580021, 2807783.540375702083111 ], [ 3957937.717153321951628, 2808793.78571180999279 ], [ 3958593.244307997170836, 2809842.984830601140857 ], [ 3957840.507088912185282, 2810644.448364291805774 ], [ 3956560.68721348233521, 2812833.485278363339603 ], [ 3955879.496732344385237, 2813600.523581805638969 ], [ 3953234.385815068148077, 2814648.456010708585382 ], [ 3952515.737827913369983, 2815468.815610091201961 ], [ 3951347.667769852094352, 2817492.908915620297194 ], [ 3950795.436900828965008, 2817781.834502400830388 ], [ 3948645.977963236626238, 2818394.370772624388337 ], [ 3946238.623780334834009, 2819566.994249388109893 ], [ 3943033.973002795130014, 2820038.935741614550352 ], [ 3938166.690123877488077, 2821630.65746564604342 ], [ 3933345.359610783401877, 2820460.773026440758258 ], [ 3927194.60434707487002, 2819021.362314715050161 ], [ 3925626.144274995662272, 2819858.50596479838714 ], [ 3924214.101760252378881, 2823462.320672722999007 ], [ 3922995.520541863050312, 2824287.062051066663116 ], [ 3923922.579768882133067, 2825854.965166705660522 ], [ 3925215.572252891026437, 2826745.595403188839555 ], [ 3926590.720210267230868, 2827134.084278554655612 ], [ 3927767.780156760942191, 2827213.598369024693966 ], [ 3928953.82423690892756, 2827912.599204163067043 ], [ 3929132.827801635488868, 2829589.553022755309939 ], [ 3929161.452604759950191, 2831557.391596451401711 ], [ 3929875.989338368177414, 2833121.666848696302623 ], [ 3929885.513495015446097, 2833782.872971032280475 ], [ 3929478.973664998076856, 2835699.30986150354147 ], [ 3930539.080015663988888, 2837421.427579956594855 ], [ 3931992.54126483341679, 2839059.532362621743232 ], [ 3932722.57190265879035, 2840723.780344513244927 ], [ 3932911.963963678106666, 2843272.166325803846121 ], [ 3933465.376157043036073, 2844996.738471743185073 ], [ 3934457.462663965299726, 2845970.072756323497742 ], [ 3935985.413295270409435, 2846248.884602001402527 ], [ 3935994.166618353687227, 2846912.778156516607851 ], [ 3935349.325307603459805, 2847879.287208449095488 ], [ 3935234.11571634048596, 2849581.552174535114318 ], [ 3935515.161874588113278, 2851425.533400932326913 ], [ 3936072.532957641407847, 2852856.453152770642191 ], [ 3937086.472396943252534, 2851971.813496043905616 ], [ 3938175.509037802461535, 2851417.137609870173037 ], [ 3939210.341145948972553, 2851377.810711964499205 ], [ 3940090.686156464274973, 2852064.999656265135854 ], [ 3940099.828512132633477, 2852805.026790623553097 ], [ 3939719.111535836942494, 2853111.576612456701696 ], [ 3939540.263754480518401, 2853415.635778162162751 ], [ 3939407.170740169472992, 2853789.99547512922436 ], [ 3939189.132070736959577, 2854286.158624487929046 ], [ 3941014.807994052302092, 2854263.598042142577469 ], [ 3941022.855514885857701, 2854924.909495228901505 ], [ 3939664.929102880880237, 2856479.679848155472428 ], [ 3939674.86404575407505, 2857277.461194296833128 ], [ 3941083.925617895554751, 2857312.612522145267576 ], [ 3941661.350780765525997, 2858738.707188508938998 ], [ 3942017.93498892057687, 2863122.993373102042824 ], [ 3942650.840613977983594, 2865262.532134424429387 ], [ 3943433.285982626955956, 2865757.280966532416642 ], [ 3944408.714510495308787, 2865819.463702517095953 ], [ 3945632.791885992977768, 2866682.233799867331982 ], [ 3945490.163384505547583, 2868200.99427738878876 ], [ 3946271.452530279755592, 2868948.202783170621842 ], [ 3947301.306947029661387, 2869671.82242369139567 ], [ 3947875.816705031320453, 2871127.645146516151726 ], [ 3946915.787125003989786, 2871492.461248834151775 ], [ 3946720.556192442309111, 2872602.322917137760669 ], [ 3946775.427764003630728, 2874105.804554431699216 ], [ 3946632.567462841514498, 2875611.484740918967873 ], [ 3948174.282280841376632, 2875140.563172543887049 ], [ 3948757.98114061076194, 2875142.2054404001683 ], [ 3949263.36923646973446, 2875583.108520394191146 ], [ 3948979.208618316333741, 2876457.594267330132425 ], [ 3949001.254080777987838, 2877034.857370284385979 ], [ 3949282.878728521056473, 2877438.761980553157628 ], [ 3949774.276445548515767, 2877787.994903745595366 ], [ 3949781.16353141143918, 2878449.424100945703685 ], [ 3948119.070722251199186, 2878902.770824832376093 ], [ 3947212.469889087136835, 2880513.888345470186323 ], [ 3947059.869127861224115, 2882573.626494419761002 ], [ 3947614.888919511344284, 2884413.017556496430188 ], [ 3945736.231129661202431, 2885221.360097837634385 ], [ 3945437.076608604285866, 2885505.632519345730543 ], [ 3945356.145406821276993, 2886787.637788055464625 ], [ 3945232.709300411399454, 2887125.065380359999835 ], [ 3945314.237874763086438, 2887300.027018740773201 ], [ 3945873.633291083853692, 2888099.64339559758082 ], [ 3947877.428662437945604, 2889547.648569474928081 ], [ 3948110.268823405727744, 2889907.414115649182349 ], [ 3948357.036151963751763, 2890679.205522176809609 ], [ 3948746.613927621394396, 2891436.362995015922934 ], [ 3949433.140801403671503, 2891731.001611541956663 ], [ 3948782.664611336309463, 2892433.582094123587012 ], [ 3948141.068855421617627, 2892763.36853153584525 ], [ 3947489.680315889883786, 2892770.437553616240621 ], [ 3946819.27012214390561, 2892494.273162837140262 ], [ 3947003.156934860628098, 2893319.21275424445048 ], [ 3947390.015409069601446, 2893826.899892843794078 ], [ 3947932.574439282994717, 2894052.020974706858397 ], [ 3948646.958056514617056, 2894010.207675292156637 ], [ 3948654.108416036702693, 2894679.587696535047144 ], [ 3947337.815576130058616, 2895442.050834106747061 ], [ 3946401.9341253163293, 2896961.984129011631012 ], [ 3946261.936715917661786, 2898638.554017162881792 ], [ 3947345.38289082609117, 2899897.258907499723136 ], [ 3946477.138235070742667, 2900290.173905906733125 ], [ 3946578.273676334414631, 2900824.640251704026014 ], [ 3947071.433423391543329, 2901528.052943484857678 ], [ 3947373.249652257654816, 2902438.400873697828501 ], [ 3947035.729107273276895, 2903466.059195672161877 ], [ 3946249.356602651532739, 2904031.414839369244874 ], [ 3941479.723724777344614, 2904712.110023846849799 ], [ 3940222.744574649725109, 2905599.305050966329873 ], [ 3940298.129521486349404, 2907326.019760089926422 ], [ 3939211.203293161001056, 2907812.294588998425752 ], [ 3937439.359311886597425, 2907987.379686490166932 ], [ 3935663.478974230121821, 2907853.345776635222137 ], [ 3934532.62418723711744, 2907401.286306310910732 ], [ 3934286.216636269818991, 2909071.971793712116778 ], [ 3933219.395798509940505, 2909112.976228345185518 ], [ 3931858.823838704731315, 2908764.527534726541489 ], [ 3930751.462286155670881, 2909292.417986205313355 ], [ 3929638.50631365319714, 2910070.099394096061587 ], [ 3928010.004940420389175, 2910861.020351272076368 ], [ 3926933.631699860095978, 2911909.261144490446895 ], [ 3927494.993445737287402, 2913442.095758794806898 ], [ 3927505.051368283107877, 2914106.28574837371707 ], [ 3926615.275487546343356, 2914889.225713112857193 ], [ 3924264.084939841646701, 2915251.463842306286097 ], [ 3923109.427080587949604, 2915645.382449445314705 ], [ 3920957.100489690899849, 2917479.238412290811539 ], [ 3917574.362316492013633, 2921186.553416476584971 ], [ 3916630.642018896061927, 2921969.7460559271276 ], [ 3915628.174816480837762, 2922449.538620501291007 ], [ 3913669.522901978809386, 2922791.781654558610171 ], [ 3913028.748865429311991, 2923163.187988908030093 ], [ 3912056.78266672603786, 2924410.044735860545188 ], [ 3911612.437103822361678, 2925140.460750944912434 ], [ 3911530.047697883099318, 2925465.014744624029845 ], [ 3910643.268298523500562, 2927338.30524583812803 ], [ 3910245.88905764836818, 2927687.179914771579206 ], [ 3908840.015807165298611, 2927600.887677927967161 ], [ 3908109.843553750310093, 2927701.555835661478341 ], [ 3906606.966913809534162, 2928789.146241532638669 ], [ 3903957.67357337474823, 2929929.060906906146556 ], [ 3903436.820080235600471, 2931155.618742017541081 ], [ 3903245.085887302644551, 2931808.242186778225005 ], [ 3902371.306323369033635, 2933790.677214935887605 ], [ 3902188.350007005501539, 2934858.178573751822114 ], [ 3902278.86223201919347, 2939269.023436234798282 ], [ 3902435.569961953442544, 2941078.217865746002644 ], [ 3903265.716226508375257, 2945224.655287408269942 ], [ 3903757.146752644330263, 2946979.896226678043604 ] ] } },
{ "type": "Feature", "properties": { "featurecla": "River", "scalerank": 7.0, "rivernum": 597.0, "name": "Mincio", "name_en": "Mincio", "strokeweig": 0.2 }, "geometry": { "type": "LineString", "coordinates": [ [ 4052375.071523458696902, 2096108.368874648585916 ], [ 4053012.9543497110717, 2094461.819547447375953 ], [ 4053292.467175719793886, 2093122.407187950797379 ], [ 4053461.89029552647844, 2090900.355381717439741 ], [ 4053315.305332257878035, 2088767.341260660206899 ], [ 4053557.745467802509665, 2087848.560837708646432 ], [ 4054536.326646520290524, 2087165.841831342782825 ], [ 4054542.819403286091983, 2086497.443690586369485 ], [ 4053715.758666308131069, 2085678.888951749075204 ], [ 4053696.178346825297922, 2083067.938932101475075 ], [ 4053026.169064284302294, 2082066.726143163163215 ], [ 4053033.743247088976204, 2081264.065850410144776 ], [ 4054324.061044267378747, 2080336.786102810874581 ], [ 4054420.521319325082004, 2079198.071911559905857 ], [ 4053837.694826778955758, 2077981.732380967121571 ], [ 4051773.413633421529084, 2074943.349651987664402 ], [ 4051575.875656728167087, 2074183.476918147644028 ], [ 4051551.5156842302531, 2072782.931126573588699 ], [ 4051735.283053732011467, 2070999.957142313010991 ], [ 4052473.316322206519544, 2067663.720809905324131 ], [ 4052655.153044576756656, 2066133.34744010027498 ], [ 4053376.775406329892576, 2065829.506266102660447 ], [ 4059436.698228203691542, 2065784.860724808182567 ], [ 4060277.968140081968158, 2065477.895347463432699 ], [ 4062059.431945513468236, 2063686.033922330942005 ], [ 4064200.379498576745391, 2062172.555582669563591 ], [ 4065887.363078850321472, 2060367.55742907943204 ], [ 4066032.707246008794755, 2060053.329088642727584 ], [ 4068336.39223101362586, 2059777.997444452950731 ], [ 4070800.432152304332703, 2058926.397113159764558 ], [ 4073044.498733442276716, 2057551.694599397480488 ], [ 4074721.777508760802448, 2055672.686714072246104 ] ] } },
{ "type": "Feature", "properties": { "featurecla": "River", "scalerank": 7.0, "rivernum": 602.0, "name": "Sió", "name_en": "Sió", "strokeweig": 0.2 }, "geometry": { "type": "LineString", "coordinates": [ [ 4591802.603150900453329, 2285969.268753604497761 ], [ 4592802.3824847266078, 2285106.191929420921952 ], [ 4594554.726398156955838, 2284584.77412147494033 ], [ 4599130.625791892409325, 2284222.134571863338351 ], [ 4606420.463717613369226, 2281903.716407688334584 ], [ 4607971.403237061575055, 2281104.718645852990448 ], [ 4608713.487071823328733, 2280051.324658881872892 ], [ 4609489.086622887291014, 2279218.52522552292794 ], [ 4619701.840861686505377, 2272565.423933748155832 ], [ 4622922.829902658239007, 2271479.638650415465236 ], [ 4626056.105746545828879, 2271263.479346750769764 ], [ 4631803.482128504663706, 2272902.525179905351251 ] ] } },
{ "type": "Feature", "properties": { "featurecla": "River", "scalerank": 7.0, "rivernum": 602.0, "name": "Sió", "name_en": "Sió", "strokeweig": 0.25 }, "geometry": { "type": "LineString", "coordinates": [ [ 4631803.482128504663706, 2272902.525179905351251 ], [ 4633145.909778356552124, 2272926.683333676308393 ], [ 4634442.205812671221793, 2272474.954253176227212 ], [ 4635733.130081677809358, 2271388.031832096166909 ], [ 4636989.510776972398162, 2269514.285867740865797 ], [ 4637724.991041664034128, 2267277.964850747492164 ], [ 4637727.301011784933507, 2265241.282806375063956 ], [ 4637482.557737955823541, 2263228.514080957509577 ], [ 4637460.694258672185242, 2259278.906530594918877 ], [ 4636925.434789689257741, 2255221.503960288129747 ], [ 4636864.08644727896899, 2253156.073820252902806 ], [ 4637147.519790647551417, 2250887.512953957542777 ], [ 4637819.988857971504331, 2248571.790940204635262 ], [ 4638918.904734480194747, 2246829.847981094848365 ], [ 4640484.910303180105984, 2246251.478996630758047 ], [ 4641511.895452599972486, 2245287.288661145139486 ], [ 4642063.201748958788812, 2242930.974290622863919 ], [ 4642606.736068125814199, 2239025.672471670433879 ], [ 4642139.305644780397415, 2238706.084107344970107 ], [ 4641707.623627511784434, 2238112.891363203059882 ], [ 4641425.253755385056138, 2237307.049676493275911 ], [ 4641397.238502515479922, 2236298.208938527386636 ], [ 4641714.430672510527074, 2235467.482047684025019 ], [ 4642288.408182818442583, 2235257.04026797413826 ], [ 4643785.894279070198536, 2235539.061137740965933 ], [ 4649529.124722328968346, 2234670.252679199911654 ], [ 4649916.133648354560137, 2234403.933056709822267 ], [ 4651407.859752538613975, 2233107.180569577030838 ], [ 4652063.191051260568202, 2232682.373893880285323 ], [ 4654592.698439660482109, 2232984.572313266806304 ], [ 4654615.502705330960453, 2232794.066631136927754 ], [ 4654959.907570159994066, 2232366.769594348967075 ], [ 4655425.503592800348997, 2231938.124399093911052 ], [ 4655807.991977559402585, 2231713.962952860631049 ], [ 4655776.077081098221242, 2231980.146146603859961 ], [ 4656072.972213699482381, 2232500.182306196540594 ], [ 4656440.964759879745543, 2233007.596201550215483 ], [ 4656663.176696784794331, 2233232.814155000261962 ], [ 4657358.299644469283521, 2233091.321062050759792 ], [ 4657880.011804952286184, 2232868.158615636173636 ], [ 4658235.677870373241603, 2232349.733170463237911 ], [ 4658436.738676615059376, 2231288.536680143326521 ], [ 4659305.917867257259786, 2231896.229996249545366 ], [ 4660274.610590963624418, 2232224.878622773569077 ], [ 4662385.581589327193797, 2232506.616743410471827 ] ] } },
{ "type": "Feature", "properties": { "featurecla": "River", "scalerank": 7.0, "rivernum": 612.0, "name": "Neman", "name_en": "Neman", "strokeweig": 0.25 }, "geometry": { "type": "LineString", "coordinates": [ [ 4854198.035083421505988, 3193050.040905736852437 ], [ 4848436.696229102090001, 3194923.520251596346498 ], [ 4845687.904120586812496, 3194867.359702314250171 ], [ 4843220.825655851513147, 3194346.199519579764456 ], [ 4840918.47514287661761, 3194577.220283239148557 ], [ 4838647.094866946339607, 3196763.669489276595414 ], [ 4837665.589513650164008, 3198695.568434284999967 ], [ 4836201.028255525976419, 3202550.702079684939235 ], [ 4835303.523054351098835, 3204038.16659321449697 ], [ 4833964.97778191883117, 3204873.791527751367539 ], [ 4832603.144025761634111, 3204709.752702100202441 ], [ 4831236.96772731654346, 3204253.606380711309612 ], [ 4829887.047908782958984, 3204191.63600169448182 ], [ 4826285.757041291333735, 3206199.097733635921031 ], [ 4824952.99628331605345, 3206350.342932173516601 ], [ 4819474.914431292563677, 3204524.467631870880723 ], [ 4799463.090499471873045, 3204666.069822479970753 ], [ 4797680.663086381740868, 3203828.296773796435446 ], [ 4796628.247494770213962, 3203072.439769312739372 ], [ 4795998.630096792243421, 3202247.34351192554459 ], [ 4795231.26240234170109, 3201523.654666243586689 ], [ 4791757.361145355738699, 3201873.164587648119777 ], [ 4788733.102098475210369, 3200906.509515971876681 ], [ 4785868.041778368875384, 3199358.028801254462451 ] ] } },
{ "type": "Feature", "properties": { "featurecla": "River", "scalerank": 7.0, "rivernum": 612.0, "name": "Neman", "name_en": "Neman", "strokeweig": 0.3 }, "geometry": { "type": "LineString", "coordinates": [ [ 4785868.041778368875384, 3199358.028801254462451 ], [ 4783979.00518517754972, 3198200.540753862820566 ], [ 4779527.661141459830105, 3196679.991921554319561 ], [ 4778388.431290172971785, 3196531.075683863833547 ], [ 4775660.653276513330638, 3196760.286667895969003 ], [ 4773737.172697884961963, 3197556.41806309716776 ], [ 4765869.296087487600744, 3193657.050114224199206 ], [ 4754345.341898369602859, 3193141.870237922761589 ], [ 4748001.20732113905251, 3190318.869579787366092 ], [ 4747347.15680246707052, 3189367.496857489924878 ], [ 4746823.377735081128776, 3188275.113903579767793 ], [ 4745827.381852121092379, 3187256.849174187052995 ], [ 4744434.869148187339306, 3186874.967985350638628 ], [ 4742715.874827848747373, 3187135.928255335893482 ], [ 4741168.379527159966528, 3188071.06181991007179 ], [ 4740319.186265016905963, 3189737.220932654105127 ], [ 4740033.660440532490611, 3191477.283390326425433 ], [ 4739640.138047643937171, 3192626.241847421508282 ], [ 4738826.759310487657785, 3193052.96381191490218 ], [ 4737275.409560527652502, 3192625.65623688371852 ], [ 4735874.634627815335989, 3191143.468218562193215 ], [ 4735389.914599630050361, 3190832.413383565843105 ], [ 4734748.042760545387864, 3190959.803401256911457 ], [ 4733096.031386069953442, 3191712.251585158053786 ], [ 4730855.989899131469429, 3191908.599235445261002 ], [ 4729545.136138274334371, 3192488.200463844463229 ], [ 4727182.158585475757718, 3193964.724988943897188 ], [ 4722812.133926323615015, 3194216.201671943534166 ], [ 4721611.235398380085826, 3194943.417891426477581 ], [ 4720346.642957334406674, 3196167.177983879111707 ], [ 4715515.495752929709852, 3198848.855023582465947 ], [ 4712847.718539325520396, 3199670.325406887102872 ], [ 4706648.650128318928182, 3198900.918905527330935 ], [ 4704160.216438462026417, 3200349.502697728108615 ], [ 4699359.950354168191552, 3206274.895152562297881 ], [ 4697197.947785699740052, 3207857.280096111819148 ], [ 4695719.816699543967843, 3207388.420623437035829 ], [ 4691390.311371790245175, 3202423.939930381253362 ] ] } },
{ "type": "Feature", "properties": { "featurecla": "River", "scalerank": 6.0, "rivernum": 208.0, "name": "Mur", "name_en": "Mur", "strokeweig": 0.2 }, "geometry": { "type": "LineString", "coordinates": [ [ 4274851.339501046575606, 2282355.521672019734979 ], [ 4277147.812028456479311, 2283642.694835355039686 ], [ 4278746.387808873318136, 2283966.640170584432781 ], [ 4279608.263082280755043, 2283053.830405042506754 ], [ 4280009.514330357313156, 2281402.013533622492105 ], [ 4280661.41613130364567, 2279700.044428725726902 ], [ 4281504.750302979722619, 2279370.324462526477873 ], [ 4285449.310196157544851, 2278827.013409295119345 ], [ 4286786.524882948957384, 2278884.420599999837577 ], [ 4291401.799277141690254, 2281063.624901912175119 ], [ 4292919.878649845719337, 2281421.61595277255401 ], [ 4293931.477000700309873, 2281976.112243055831641 ], [ 4294845.598787998780608, 2283130.438786854036152 ], [ 4295946.172087031416595, 2284216.208623771555722 ], [ 4297522.530466116033494, 2284605.029716132208705 ], [ 4298324.863613644614816, 2284378.245006104465574 ], [ 4299886.501008473336697, 2283538.61468039965257 ], [ 4300688.958364835008979, 2283314.799472606740892 ], [ 4303862.763763365335763, 2284228.378993429243565 ], [ 4308527.199687293730676, 2284423.639193009585142 ], [ 4309607.99816713668406, 2284677.334329233039171 ], [ 4313467.123475637286901, 2286872.263320215046406 ], [ 4320320.021121340803802, 2288036.283784468658268 ] ] } },
{ "type": "Feature", "properties": { "featurecla": "River", "scalerank": 6.0, "rivernum": 208.0, "name": "Mur", "name_en": "Mur", "strokeweig": 0.15 }, "geometry": { "type": "LineString", "coordinates": [ [ 4256627.297659861855209, 2286299.57355959713459 ], [ 4260824.297894541174173, 2283673.67914904654026 ], [ 4263433.792011675424874, 2281664.908535798545927 ], [ 4265570.048974662087858, 2280559.627585948444903 ], [ 4268653.568396791815758, 2280143.592411446385086 ], [ 4272057.308312512934208, 2280802.444238794967532 ], [ 4274851.339501046575606, 2282355.521672019734979 ] ] } },
{ "type": "Feature", "properties": { "featurecla": "River", "scalerank": 6.0, "rivernum": 208.0, "name": "Mur", "name_en": "Mur", "strokeweig": 0.2 }, "geometry": { "type": "LineString", "coordinates": [ [ 4320320.021121340803802, 2288036.283784468658268 ], [ 4321041.663565871305764, 2288276.34345842525363 ], [ 4322864.814350742846727, 2289726.508706685621291 ], [ 4325550.237160745076835, 2294180.962180459406227 ], [ 4327262.087766720913351, 2295818.087735973764211 ], [ 4333420.619639907032251, 2297694.129912343341857 ], [ 4335676.528935126960278, 2297557.534856374841183 ], [ 4339999.053801527246833, 2295117.613387514837086 ], [ 4342244.850564572960138, 2295448.773576370440423 ], [ 4343283.217860210686922, 2296040.880417187698185 ], [ 4344272.668631064705551, 2296440.624124900903553 ], [ 4345306.346222067251801, 2296651.290667155757546 ], [ 4350782.845989981666207, 2296259.231057188007981 ], [ 4352892.050918333232403, 2296641.269940129015595 ], [ 4354620.585340324789286, 2298175.516802866011858 ], [ 4354852.67437235917896, 2299446.057859375141561 ], [ 4354766.975323468446732, 2301132.56889664940536 ], [ 4354840.094894232228398, 2302637.387352754827589 ], [ 4355536.618621527217329, 2303322.692432002164423 ], [ 4356610.006593017838895, 2303614.553639485035092 ], [ 4357794.157574068754911, 2304287.671689039096236 ], [ 4358754.127598187886178, 2305204.061414905358106 ], [ 4359104.528256200253963, 2306235.299366359598935 ], [ 4359140.452739170752466, 2307040.346199752762914 ], [ 4359364.66021757107228, 2307436.867682199459523 ], [ 4359669.197187764570117, 2307701.909727746155113 ], [ 4363370.933260976336896, 2312429.24070395110175 ], [ 4364322.338647016324103, 2313277.728459962178022 ], [ 4365403.498577940277755, 2313685.171975490637124 ], [ 4367435.084076590836048, 2313789.128204530570656 ], [ 4368145.605882433243096, 2314016.597099068108946 ], [ 4369096.163645246997476, 2314602.744522128254175 ], [ 4370333.657224907539785, 2315745.694951566401869 ], [ 4372304.279286785051227, 2318376.618856689892709 ], [ 4373454.000900708138943, 2319474.813995666801929 ], [ 4374802.100032905116677, 2320129.134828271344304 ], [ 4380182.155525656417012, 2320959.280011999886483 ], [ 4381894.415676126256585, 2320496.195433885790408 ], [ 4383025.25124551076442, 2320423.902708252891898 ], [ 4383528.692763767205179, 2320630.858419955708086 ], [ 4384012.276812274940312, 2321015.440293512772769 ], [ 4384544.255139810033143, 2321321.927784351631999 ], [ 4385212.807922692969441, 2321317.108556594699621 ], [ 4385384.087173325009644, 2320921.366624085232615 ], [ 4385526.444293228909373, 2320181.352040084078908 ], [ 4385873.216741271317005, 2319482.310329744592309 ], [ 4386632.888416722416878, 2319207.782592294737697 ], [ 4387157.21405818220228, 2318776.903830093797296 ], [ 4390335.2916170200333, 2314736.411284939851612 ], [ 4392149.043025038205087, 2311840.544973645824939 ], [ 4391607.383393806405365, 2310524.292350818403065 ], [ 4389531.657174462452531, 2309268.188223066739738 ], [ 4388149.948002520017326, 2308062.842473080847412 ], [ 4389752.629861982539296, 2306854.166799056809396 ], [ 4389183.350960114039481, 2306549.79581853793934 ], [ 4388726.68425920419395, 2306024.555937319528311 ], [ 4388464.590265166014433, 2305334.339154201559722 ], [ 4388414.170155936852098, 2304540.894448022823781 ], [ 4388874.147702007554471, 2303231.314488960895687 ], [ 4389616.598330692388117, 2302631.916365421377122 ], [ 4390328.873883049935102, 2302204.190843073185533 ], [ 4390691.822510548867285, 2301401.091218142304569 ], [ 4390836.221877101808786, 2300297.830894092097878 ], [ 4391219.522132109850645, 2298819.549749291967601 ], [ 4391363.074995354749262, 2297729.372953342273831 ], [ 4391208.492751070298254, 2296988.848526463378221 ], [ 4390347.385232669301331, 2295391.571771327406168 ], [ 4390152.04284789133817, 2294366.408681828528643 ], [ 4391326.216743683442473, 2291291.594277335330844 ], [ 4397153.75836962275207, 2288377.211007099132985 ], [ 4399292.899896999821067, 2286190.806130070239305 ], [ 4399501.334401345811784, 2285316.056681075599045 ], [ 4399798.986926023848355, 2282988.901292365975678 ], [ 4400158.802485800348222, 2281772.407576273195446 ], [ 4401566.52434412855655, 2280025.058623193297535 ], [ 4402279.702413931488991, 2277694.395639811642468 ], [ 4404154.566410976462066, 2275020.816184465773404 ], [ 4404884.335797378793359, 2273213.025072404183447 ], [ 4405012.342806444503367, 2271254.990695589222014 ], [ 4405006.962009787559509, 2269052.54502579709515 ], [ 4405361.807904796674848, 2267295.740513218566775 ], [ 4406565.726544808596373, 2266648.11990194581449 ], [ 4407529.715017907321453, 2265832.594298395328224 ], [ 4410894.218391853384674, 2260406.139539673924446 ], [ 4412046.906730880960822, 2257932.553072501905262 ], [ 4412005.798428213223815, 2256085.241924736183137 ], [ 4411675.930339895188808, 2254368.881956753786653 ], [ 4411965.172366098500788, 2252314.646384412422776 ], [ 4412959.336808623746037, 2250664.15228823479265 ], [ 4414425.745536238886416, 2249386.900647959206253 ], [ 4417939.109706100076437, 2247610.353740955237299 ], [ 4423643.966203535906971, 2247207.259732384234667 ], [ 4425599.375113341957331, 2247472.81281931232661 ], [ 4430442.182514791376889, 2249882.197061324492097 ], [ 4432481.550528266467154, 2250220.1853111772798 ], [ 4434566.8638750994578, 2249980.14575435500592 ], [ 4439767.000053669326007, 2247850.954140881542116 ], [ 4442811.730285794474185, 2247564.861156497616321 ], [ 4443657.576036436483264, 2247066.855130912270397 ], [ 4445198.506598820909858, 2245434.118219786323607 ], [ 4446104.328937560319901, 2244875.422402769327164 ], [ 4447170.982259660027921, 2244704.381031207274646 ] ] } },
{ "type": "Feature", "properties": { "featurecla": "River", "scalerank": 6.0, "rivernum": 208.0, "name": "Mur", "name_en": "Mur", "strokeweig": 0.25 }, "geometry": { "type": "LineString", "coordinates": [ [ 4512358.700423382222652, 2212753.028432050719857 ], [ 4513373.634951883926988, 2210506.243211647029966 ], [ 4513933.124949717894197, 2209924.98259148420766 ], [ 4514528.821684286929667, 2209505.558296100236475 ], [ 4517611.85131498426199, 2206508.2017159354873 ], [ 4519762.786809222772717, 2203247.038180703762919 ], [ 4520561.915517534129322, 2202356.222630137577653 ], [ 4524830.078794420696795, 2199508.549449901562184 ], [ 4525524.356090663000941, 2198769.37232241500169 ], [ 4526006.534010760486126, 2197640.259874585084617 ], [ 4526950.117848741821945, 2196792.990984445437789 ], [ 4530812.089834917336702, 2194430.464587149210274 ], [ 4531993.238343039527535, 2193989.779526503756642 ], [ 4538054.522756895981729, 2194367.316316372249275 ], [ 4538939.622862040065229, 2193957.245670008473098 ], [ 4542300.090334541164339, 2190350.834749822504818 ], [ 4542817.309236788190901, 2189392.552562835160643 ], [ 4544092.799184522591531, 2186044.071814257651567 ], [ 4544381.666556605137885, 2184981.398398459423333 ], [ 4545068.262909084558487, 2183247.25369958486408 ], [ 4546279.115047111175954, 2182917.812745844013989 ], [ 4547498.044054703786969, 2182880.073226142209023 ], [ 4548276.648680090904236, 2182011.413914197124541 ], [ 4547721.721265100874007, 2181850.624328740872443 ], [ 4546841.464963153004646, 2181330.007750393822789 ], [ 4546343.745113790035248, 2181148.610154108610004 ], [ 4546415.739511800929904, 2180421.177035701461136 ], [ 4547560.062550944276154, 2180138.195948013104498 ], [ 4548519.64484933950007, 2179453.928391312249005 ], [ 4549323.144322713837028, 2179340.90146209904924 ], [ 4549990.875779726542532, 2180776.17891207523644 ], [ 4550604.47005604673177, 2178982.286038433667272 ], [ 4550579.508326714858413, 2178012.618516186252236 ], [ 4550859.007632952183485, 2177723.375095908530056 ], [ 4552326.771423549391329, 2177975.653749398887157 ], [ 4554053.423955503851175, 2178843.626764695160091 ], [ 4554872.180950592271984, 2178582.269270436372608 ], [ 4555532.511807709932327, 2176891.167411656584591 ], [ 4555902.476034438237548, 2177245.526958593167365 ], [ 4556150.621936677955091, 2177600.862908475566655 ], [ 4556326.223930556327105, 2177980.619345410726964 ], [ 4556925.366979620419443, 2178437.432298914995044 ], [ 4563330.602981622330844, 2178791.036094256676733 ], [ 4566565.181788295507431, 2178461.090404605958611 ], [ 4569448.575756260193884, 2177501.959293967112899 ], [ 4573366.150694943964481, 2174126.588700047694147 ], [ 4574019.112035500817001, 2173171.176281202584505 ], [ 4574193.587062789127231, 2172308.869078824296594 ], [ 4574750.333565158769488, 2170753.885596055071801 ], [ 4574962.169531824067235, 2169533.20970597025007 ], [ 4575340.357773629948497, 2168276.930157535709441 ], [ 4575985.837450446560979, 2167934.244641183875501 ], [ 4577696.990614037960768, 2168006.858592877164483 ], [ 4587117.172900534234941, 2166155.35280732344836 ], [ 4589461.879153955727816, 2164804.380208815447986 ], [ 4591215.730240650475025, 2162412.453529414255172 ], [ 4591273.329373573884368, 2161976.86971971206367 ], [ 4592139.010123286396265, 2162259.790618983563036 ], [ 4592488.38011054135859, 2163077.470252834726125 ], [ 4592764.763864003121853, 2163953.49185723811388 ], [ 4593406.970507325604558, 2164419.049980413168669 ], [ 4599827.745486479252577, 2165110.938238210976124 ], [ 4607933.645867716521025, 2163772.58106836443767 ], [ 4608810.987899448722601, 2163876.905778741464019 ], [ 4609593.296295616775751, 2164272.558775969780982 ], [ 4610776.509198097512126, 2165363.482323023956269 ], [ 4611411.875865545123816, 2165645.306704894639552 ], [ 4617575.190435647033155, 2166329.502141062170267 ], [ 4619014.722563424147666, 2166040.397750911302865 ], [ 4621512.084455216303468, 2164578.725877314340323 ], [ 4623216.87351178843528, 2164738.593162678647786 ] ] } },
{ "type": "Feature", "properties": { "featurecla": "River", "scalerank": 6.0, "rivernum": 208.0, "name": "Mur", "name_en": "Mur", "strokeweig": 0.25 }, "geometry": { "type": "LineString", "coordinates": [ [ 4512358.700423382222652, 2212753.028432050719857 ], [ 4511727.587009649723768, 2214146.050501171033829 ], [ 4511814.254162793979049, 2215843.59472096292302 ], [ 4510945.021609216928482, 2217520.605809802655131 ], [ 4509693.857056664302945, 2218908.753805335611105 ], [ 4508653.150449350476265, 2219767.613182075321674 ], [ 4508265.572098630480468, 2219731.662847914732993 ], [ 4508148.17489505186677, 2219224.551789539400488 ], [ 4507980.940231935121119, 2218860.638128138147295 ], [ 4507451.160896527580917, 2219255.011071703396738 ], [ 4507087.122122036293149, 2219635.721229241229594 ], [ 4506738.600494271144271, 2219928.143074539490044 ], [ 4506389.882452343590558, 2220144.021555508486927 ], [ 4506049.890370538458228, 2220265.706592698581517 ], [ 4504009.180460955947638, 2220531.638836720958352 ], [ 4503441.1901696594432, 2220830.459013856947422 ], [ 4503031.20518628321588, 2219248.849338089115918 ], [ 4502524.044845742173493, 2219202.337137836962938 ], [ 4501444.771469475701451, 2221016.919549580197781 ], [ 4499061.062599579803646, 2222211.223196594044566 ], [ 4497501.89733986929059, 2223903.491310389246792 ], [ 4496122.480850626714528, 2225836.663790508173406 ], [ 4494615.46442165505141, 2227375.913323607295752 ], [ 4492924.402460761368275, 2228336.872501743026078 ], [ 4490918.600692497566342, 2228547.092866850551218 ], [ 4490210.873633148148656, 2228919.002835618332028 ], [ 4489634.935779258608818, 2228959.787818855140358 ], [ 4489204.823966640979052, 2228551.942610399331897 ], [ 4488964.689598158933222, 2227567.457237837370485 ], [ 4488505.321047971025109, 2227526.442487385123968 ], [ 4487429.26003990508616, 2228433.095289593096823 ], [ 4483646.495026553981006, 2230115.711516202427447 ], [ 4484051.416013732552528, 2230151.520396129228175 ], [ 4481682.481447956524789, 2231731.04285900387913 ], [ 4480922.786367434076965, 2232086.270939889363945 ], [ 4480123.422773329541087, 2232147.93808226287365 ], [ 4478533.021043536253273, 2231802.802593849599361 ], [ 4477886.888882263563573, 2231820.171098648104817 ], [ 4477233.62969658896327, 2232211.56249224813655 ], [ 4475871.278424759395421, 2233430.18916288530454 ], [ 4475173.659301487728953, 2233791.551075741648674 ], [ 4474329.771778141148388, 2233784.218323812820017 ], [ 4473386.357531195506454, 2233623.328792931511998 ], [ 4472435.64456370845437, 2233672.980323118623346 ], [ 4471527.417807159945369, 2234285.611810866743326 ], [ 4471127.026847610250115, 2233441.380130968987942 ], [ 4470508.650120565667748, 2234197.841113083995879 ], [ 4469567.075140501372516, 2232872.017335069365799 ], [ 4468180.496006731875241, 2232273.125231270678341 ], [ 4466811.584153137169778, 2232530.617392955347896 ], [ 4465920.380922353826463, 2233804.914426454342902 ], [ 4465421.463245710358024, 2233467.048925993498415 ], [ 4465227.938452347181737, 2233260.69721144111827 ], [ 4464977.097451987676322, 2232914.979173404164612 ], [ 4463877.260302102193236, 2233652.292834060266614 ], [ 4460781.56985869910568, 2237351.351380632258952 ], [ 4459725.363470391370356, 2238106.201390813104808 ], [ 4453345.958059893921018, 2240507.704791430849582 ], [ 4449182.314038028009236, 2242892.322228454984725 ], [ 4447170.982259660027921, 2244704.381031207274646 ] ] } },
{ "type": "Feature", "properties": { "featurecla": "River", "scalerank": 6.0, "rivernum": 208.0, "name": "Mur", "name_en": "Mur", "strokeweig": 0.3 }, "geometry": { "type": "LineString", "coordinates": [ [ 4623216.87351178843528, 2164738.593162678647786 ], [ 4624161.542649660259485, 2162931.316840727813542 ], [ 4625384.26977629866451, 2161785.462445556651801 ], [ 4626820.037204956635833, 2161153.612429506611079 ], [ 4628762.334939144551754, 2160865.442734722979367 ], [ 4630128.702868304215372, 2161078.914196357131004 ], [ 4630759.541145280003548, 2160912.439446314238012 ], [ 4631511.039155991747975, 2159687.589125096797943 ], [ 4632197.996714409440756, 2159096.11016956390813 ], [ 4633504.540354629978538, 2158636.366566754877567 ], [ 4634572.752101385034621, 2158607.647098746616393 ], [ 4636420.844334430992603, 2158832.77796389721334 ], [ 4639040.24827885068953, 2158644.321223094593734 ], [ 4639982.192210312001407, 2157879.185123789124191 ], [ 4639841.565545707941055, 2156202.685513441450894 ], [ 4641129.881042035296559, 2156396.507794687058777 ], [ 4642019.166070405393839, 2155771.173171936068684 ], [ 4642794.96531462110579, 2154748.811058912426233 ], [ 4643763.787993771955371, 2153762.147503274492919 ], [ 4644765.742925226688385, 2153388.567772060632706 ], [ 4647001.571002959273756, 2153238.349734703078866 ], [ 4648084.529166087508202, 2152715.854190662968904 ], [ 4648935.761985694989562, 2151729.414221304468811 ], [ 4650177.432268481701612, 2149602.142534974496812 ], [ 4651165.78102383762598, 2148626.663638762198389 ], [ 4652321.264108560979366, 2148068.272646515630186 ], [ 4662614.573285757564008, 2146531.526273669674993 ], [ 4674261.03417916316539, 2147678.736480256076902 ] ] } },
{ "type": "Feature", "properties": { "featurecla": "River", "scalerank": 6.0, "rivernum": 219.0, "name": "Po", "name_en": "Po", "strokeweig": 0.25 }, "geometry": { "type": "LineString", "coordinates": [ [ 3940822.056933110579848, 2062759.971927678212523 ], [ 3947002.351052452344447, 2061390.096038916148245 ], [ 3948572.411023946478963, 2060672.649976429529488 ], [ 3951471.171437985263765, 2058783.042824831791222 ], [ 3952996.716682123951614, 2058388.388050183653831 ], [ 3959533.426658550277352, 2058337.727104798424989 ], [ 3961183.40723991394043, 2058589.403098098700866 ], [ 3961854.22128645516932, 2058532.175255859270692 ], [ 3962721.631174502428621, 2058315.765140483155847 ], [ 3964241.64294221997261, 2056910.603855291381478 ], [ 3964986.139533295296133, 2056668.992116004694253 ], [ 3965318.203993241302669, 2057896.411480769980699 ], [ 3965175.340991215780377, 2058918.761982477270067 ], [ 3964912.914001648314297, 2059889.192457865457982 ], [ 3964795.480763373430818, 2060785.004092950839549 ], [ 3965079.948424222879112, 2061578.268122063484043 ], [ 3965846.083819347899407, 2061928.968650426715612 ], [ 3966494.470784903969616, 2061293.270141911227256 ], [ 3967417.386630561668426, 2059760.970240902155638 ], [ 3968702.170822663698345, 2059508.864445085404441 ], [ 3969674.777893385384232, 2060116.947040622588247 ], [ 3970554.871851316187531, 2060894.156738182064146 ], [ 3971637.387925403192639, 2061212.412418932653964 ], [ 3972541.764680790249258, 2060944.68311043526046 ], [ 3972614.224767496343702, 2060515.224779077805579 ], [ 3972302.209964291192591, 2059979.703806026605889 ], [ 3972105.331701509188861, 2059367.28000080678612 ], [ 3972124.628376718610525, 2057990.320499121211469 ], [ 3972245.203563699964434, 2057484.255296290852129 ], [ 3973181.710954652633518, 2056782.067233478184789 ], [ 3975649.003677609376609, 2055462.426411774009466 ], [ 3978770.428543575108051, 2055118.101918869651854 ], [ 3981079.726512353867292, 2056162.978841698728502 ], [ 3981059.27790070604533, 2058961.55332351801917 ], [ 3981276.053610797971487, 2059118.785535007715225 ], [ 3981413.916614422108978, 2059092.003793244948611 ], [ 3981499.971661779563874, 2059183.861683258786798 ], [ 3981538.934735876042396, 2059697.087274667806923 ], [ 3982012.389348073862493, 2059695.557884169276804 ], [ 3982809.536678786855191, 2058258.308218855876476 ], [ 3985612.800279063172638, 2056433.936421564780176 ], [ 3986214.962577227968723, 2055563.643487783381715 ], [ 3986567.345578302629292, 2054707.157236492261291 ], [ 3987276.189145636279136, 2054660.758844723692164 ], [ 3987781.210244292393327, 2055257.274043179582804 ], [ 3987522.414087726268917, 2056329.350504480535164 ], [ 3987021.940910155884922, 2057681.033804888371378 ], [ 3987675.106821726541966, 2057924.404310442041606 ], [ 3990880.969722227193415, 2057165.379242258146405 ], [ 3992029.753970623016357, 2057197.864583338843659 ], [ 3992318.000593510456383, 2057979.357419527601451 ], [ 3991202.416620495729148, 2060002.811509833438322 ], [ 3991048.628201987594366, 2061753.677455013152212 ], [ 3992651.686432044953108, 2062217.309231432620436 ], [ 3994122.640675137285143, 2061310.009954953100532 ], [ 3993568.346475103404373, 2058933.428698220755905 ], [ 3998956.433789887465537, 2061159.624144432833418 ], [ 3999832.271319804247469, 2060733.063264788826928 ], [ 4000160.289630694314837, 2060185.497060750145465 ], [ 4001633.016287378035486, 2059153.768697037827224 ], [ 4001957.588012721389532, 2058561.540004132315516 ], [ 4002144.330040271393955, 2057758.661314703291282 ], [ 4003526.272162725683302, 2054376.352027125656605 ], [ 4005480.798518189694732, 2051337.021224353462458 ], [ 4008008.74057609308511, 2051089.916668754070997 ], [ 4010919.327431065496057, 2051963.634610211942345 ], [ 4014016.928739010356367, 2052320.638365153223276 ], [ 4017091.8044827086851, 2051426.036540587898344 ], [ 4025010.398040766362101, 2046400.228812818182632 ], [ 4026807.75537035940215, 2045626.437193569960073 ], [ 4027947.210788848344237, 2045716.212085922714323 ], [ 4028998.88055029604584, 2046155.967101349961013 ], [ 4030529.601905297953635, 2046427.33193451911211 ], [ 4031673.219749111216515, 2045735.851258765440434 ], [ 4032927.488198030274361, 2042135.560149433091283 ], [ 4033965.386846919544041, 2040556.461233117152005 ], [ 4036604.344961831346154, 2039135.106018693652004 ], [ 4039939.800878900103271, 2038383.433385812211782 ], [ 4043326.832423503510654, 2038347.765452662482858 ], [ 4046060.043867147993296, 2039106.693043549545109 ], [ 4048450.175536311697215, 2040962.104956508148462 ], [ 4050781.645949247293174, 2043763.308712180005386 ], [ 4052435.55642010923475, 2046843.442412647185847 ], [ 4052810.266781070735306, 2049532.689325915882364 ], [ 4052404.793760064989328, 2050160.843684867024422 ], [ 4051754.420872064772993, 2050628.792352751130238 ], [ 4051225.505023673176765, 2051303.284062423743308 ], [ 4051169.541619566269219, 2052534.999449840281159 ], [ 4051540.003057378809899, 2052846.419894156977534 ], [ 4053552.66274499008432, 2053957.800879487767816 ], [ 4060135.469710614066571, 2052623.331990677863359 ], [ 4062499.638089949730784, 2052522.611667403252795 ], [ 4063214.907453480642289, 2052656.954285459127277 ], [ 4064023.191377339418977, 2053145.26065992959775 ], [ 4065340.335309749469161, 2054482.089177088579163 ], [ 4066094.642044648528099, 2054762.059755381429568 ], [ 4066806.226268232800066, 2054546.634144570678473 ], [ 4067613.265768642537296, 2054156.030867855995893 ], [ 4068436.397394735366106, 2053986.904223117046058 ], [ 4069203.128802618943155, 2054464.915701136458665 ], [ 4069762.752503998577595, 2055385.433444297872484 ], [ 4069980.402642789296806, 2055888.381833230145276 ], [ 4070406.028876469004899, 2056164.863452185411006 ], [ 4071522.722816172987223, 2056368.470333352684975 ], [ 4072483.915162049699575, 2056183.261991091538221 ], [ 4073459.617823286913335, 2055748.275979456258938 ], [ 4074393.896629070863128, 2055636.76133426791057 ], [ 4075223.053759378846735, 2056416.566471795085818 ], [ 4079522.741838304325938, 2053908.325075254775584 ], [ 4081288.587121435906738, 2053625.397638282738626 ], [ 4082571.429458519909531, 2053965.242111940868199 ], [ 4085641.442517752759159, 2055322.229326115455478 ], [ 4086244.236044041346759, 2055436.726548459846526 ], [ 4087866.213614413049072, 2054321.615163814509287 ], [ 4097260.973435456398875, 2054541.439245415851474 ], [ 4097297.472097994759679, 2051771.927250378765166 ], [ 4099819.85620505316183, 2049561.804095570463687 ], [ 4106304.537568502128124, 2045434.85349818598479 ], [ 4107607.658742704894394, 2045327.81636354746297 ], [ 4108628.152733236085624, 2044754.760477168485522 ], [ 4109070.220635138917714, 2042577.322355695534497 ], [ 4109668.431859600357711, 2041627.572021455736831 ], [ 4111052.615453375969082, 2041633.492244430352002 ], [ 4113994.094854223076254, 2042339.882099856389686 ], [ 4115604.100820157676935, 2042272.458737940061837 ], [ 4116787.909060084261, 2042012.314679561648518 ], [ 4118999.9622738705948, 2040899.501419975887984 ], [ 4123129.64893907122314, 2037703.261826295172796 ], [ 4124354.63608539942652, 2037334.917633761186153 ], [ 4125731.857469896785915, 2037707.750911428593099 ], [ 4126761.491374227683991, 2038547.259926071856171 ], [ 4128528.20851155789569, 2040378.222153735812753 ], [ 4131616.804995394311845, 2041468.550149810034782 ], [ 4132946.330067382194102, 2042218.702921677846462 ], [ 4133161.20993131538853, 2043422.206105305813253 ], [ 4133797.433757143095136, 2044201.054980690591037 ], [ 4134470.264608168974519, 2044691.112503231968731 ], [ 4135331.788579389452934, 2044948.710024385014549 ], [ 4136544.960397524759173, 2045043.713457048870623 ], [ 4136849.454811453819275, 2045288.124640522990376 ], [ 4137280.9562215982005, 2046307.36437614238821 ], [ 4137555.64803072810173, 2046543.186817871872336 ], [ 4139405.297496577724814, 2046588.48248353600502 ], [ 4143075.962744580116123, 2047515.119083276949823 ] ] } },
{ "type": "Feature", "properties": { "featurecla": "River", "scalerank": 6.0, "rivernum": 219.0, "name": "Po", "name_en": "Po", "strokeweig": 0.3 }, "geometry": { "type": "LineString", "coordinates": [ [ 4143075.962744580116123, 2047515.119083276949823 ], [ 4145603.348201469052583, 2047653.391817465424538 ], [ 4146780.349670346826315, 2047388.823172495700419 ], [ 4147812.604146172758192, 2046801.99680643924512 ], [ 4150647.902359812986106, 2047464.209626054856926 ], [ 4157064.526385928038508, 2047301.65808453806676 ], [ 4159783.477245358284563, 2048602.705238853115588 ], [ 4159762.646390342153609, 2049339.65874614729546 ], [ 4159076.757148426026106, 2049538.939344862941653 ], [ 4158527.546829115133733, 2049797.447929025627673 ], [ 4158057.304494475014508, 2050174.112032206729054 ], [ 4157594.656449733767658, 2050682.722633961588144 ], [ 4157572.342135134618729, 2051482.827833948656917 ], [ 4158703.41592651233077, 2051785.78454573219642 ], [ 4162565.364045574795455, 2051961.441581602208316 ], [ 4163732.488782368600368, 2052943.390242441557348 ], [ 4164904.749811474233866, 2053096.022635173983872 ], [ 4167035.071909639984369, 2052428.98928993428126 ], [ 4170712.294402556028217, 2050668.676175661385059 ], [ 4171523.320674400776625, 2050421.913886158261448 ], [ 4174516.748106605373323, 2047044.185567959910259 ], [ 4175637.429863868746907, 2046122.5973899171222 ], [ 4178012.821263630874455, 2045525.080627865158021 ], [ 4187280.275745288934559, 2045626.767062993021682 ], [ 4193954.446321500465274, 2047393.012224738253281 ] ] } },
{ "type": "Feature", "properties": { "featurecla": "River", "scalerank": 6.0, "rivernum": 231.0, "name": "Dniester", "name_en": "Dniester", "strokeweig": 0.2 }, "geometry": { "type": "LineString", "coordinates": [ [ 4903498.353218339383602, 2580393.087699873372912 ], [ 4901194.971649211831391, 2581526.556940839160234 ], [ 4898924.981854781508446, 2583231.276909665204585 ], [ 4898622.615779541432858, 2584714.717673670966178 ], [ 4898672.992476017214358, 2586015.116667761467397 ], [ 4899106.580806793645024, 2587116.579425511881709 ], [ 4900347.807887126691639, 2588813.002691830508411 ], [ 4901828.156564593315125, 2589761.05265258345753 ], [ 4903962.80960559938103, 2590689.467389863915741 ], [ 4905765.700183239765465, 2591954.291285264771432 ], [ 4906296.825502994470298, 2593926.416219774167985 ], [ 4906613.059024880640209, 2594302.194791049696505 ], [ 4908075.679292698390782, 2595513.077320504002273 ], [ 4908384.062360959127545, 2596127.364936452824622 ], [ 4907934.519814695231616, 2597480.594101683236659 ], [ 4907063.19521770067513, 2598369.906303544528782 ], [ 4906043.732345247641206, 2599115.797492654062808 ], [ 4905213.094379270449281, 2600033.850760865025222 ], [ 4906035.478209419175982, 2601178.770665680523962 ], [ 4906755.47205676138401, 2602545.42876049131155 ], [ 4906973.72113916836679, 2603663.128023997880518 ], [ 4907087.834854953922331, 2604935.478645847178996 ], [ 4907404.929476832970977, 2606022.882673837710172 ], [ 4908223.521318118087947, 2606594.976626484654844 ], [ 4909717.895358240231872, 2607136.008056424558163 ], [ 4911275.394191589206457, 2608080.472804895602167 ] ] } },
{ "type": "Feature", "properties": { "featurecla": "River", "scalerank": 6.0, "rivernum": 231.0, "name": "Dniester", "name_en": "Dniester", "strokeweig": 0.2 }, "geometry": { "type": "LineString", "coordinates": [ [ 4911275.394191589206457, 2608080.472804895602167 ], [ 4913718.6007573697716, 2609815.857802823185921 ], [ 4916925.177398085594177, 2613030.599486893042922 ], [ 4919219.101689436472952, 2614073.471359065268189 ], [ 4923682.726116473786533, 2617406.323306569829583 ], [ 4926144.809176476672292, 2618693.999073337297887 ], [ 4929023.822273538447917, 2619651.350518533028662 ], [ 4930137.941288780421019, 2620636.361632454674691 ], [ 4932168.207388713955879, 2623602.918423971626908 ], [ 4934369.98312034085393, 2625586.286271288525313 ], [ 4936962.856530708260834, 2626344.30255035078153 ], [ 4939863.167607665061951, 2626227.144944213330746 ], [ 4948602.350781680084765, 2623464.370166396256536 ], [ 4952686.995465005747974, 2623388.561474418267608 ], [ 4954275.505529480986297, 2622939.638806111644953 ], [ 4957484.145497344434261, 2620848.056073314975947 ], [ 4962039.092723043635488, 2621067.9647321337834 ], [ 4962756.504320019856095, 2621502.83862362569198 ], [ 4963281.56429710611701, 2622584.726145290303975 ], [ 4964817.870799236930907, 2623191.363189223222435 ], [ 4970722.464355014264584, 2623774.69446731172502 ], [ 4971843.835354217328131, 2623094.657420790754259 ], [ 4972600.081150060519576, 2621143.223668129183352 ], [ 4973326.883379298262298, 2620401.191707378253341 ], [ 4977314.66397201269865, 2619395.993550559971482 ], [ 4977373.832948490977287, 2619215.07707844208926 ], [ 4977558.791318950243294, 2618796.616931541357189 ], [ 4977831.919299403205514, 2618336.361287971958518 ], [ 4978102.606625471264124, 2618051.916412091813982 ], [ 4978437.57578890491277, 2618030.912541843950748 ], [ 4979164.577003755606711, 2618325.811972441151738 ], [ 4979513.363113683648407, 2618323.566408006474376 ], [ 4981590.981705168262124, 2617396.79202629532665 ], [ 4982376.705652415752411, 2617388.28313838224858 ], [ 4983016.346021413803101, 2617738.982368399389088 ], [ 4984168.044830770231783, 2618990.319791059941053 ], [ 4984937.353926918469369, 2619371.77234760671854 ], [ 4985780.343701879493892, 2619390.955698071047664 ], [ 4986504.14168497454375, 2619162.715775731950998 ], [ 4989153.058210039511323, 2617459.905252376571298 ], [ 4993017.356503652408719, 2612935.534640057012439 ], [ 4993940.813557881861925, 2611245.206348185427487 ], [ 4994537.217975521460176, 2610372.924086064100266 ], [ 4995054.580989231355488, 2609298.158840431366116 ], [ 4995036.252020806074142, 2608319.153861303813756 ], [ 4994896.710508641786873, 2607369.927214932162315 ], [ 4995085.242082800716162, 2606404.611865191254765 ], [ 4996772.868166451342404, 2605424.96392486942932 ], [ 4996962.135159557685256, 2605208.096516405697912 ], [ 4997503.928453021682799, 2604905.209514814428985 ], [ 4998494.207210104912519, 2603009.093329050578177 ], [ 4999010.322439884766936, 2602249.584213162306696 ], [ 4999974.425712124444544, 2601615.338599514681846 ], [ 5001073.610414031893015, 2601328.483824135735631 ], [ 5005798.436452580615878, 2600835.930916843470186 ], [ 5007118.875911317765713, 2600976.181641691830009 ], [ 5008806.687123483046889, 2602446.061912381090224 ], [ 5011067.858053421601653, 2601690.676963040605187 ], [ 5012058.976258801296353, 2602202.810334122274071 ], [ 5012869.69389767665416, 2601700.604535856284201 ], [ 5013636.127304319292307, 2601633.605013012886047 ], [ 5014325.422849878668785, 2601989.94702386809513 ], [ 5014889.205808753147721, 2602765.352205962408334 ], [ 5016165.666327725164592, 2601861.562137358821929 ], [ 5016994.872774417512119, 2600777.863516525365412 ], [ 5017841.986739073880017, 2599957.238971021026373 ], [ 5019174.581354755908251, 2599814.065778990741819 ], [ 5020484.833246387541294, 2599888.75656056124717 ], [ 5021122.248908667825162, 2599681.938083135988563 ], [ 5021483.213810279034078, 2599192.458566567860544 ], [ 5021867.100285673514009, 2598185.959911299403757 ], [ 5022405.756039828062057, 2597825.718805721960962 ], [ 5023004.658694378100336, 2597672.874626243487 ], [ 5023616.616085834801197, 2597332.77368458872661 ], [ 5024862.075667110271752, 2596424.314243778586388 ], [ 5030579.012250749394298, 2595228.635623357724398 ], [ 5031519.911965210922062, 2594829.92145771952346 ], [ 5032384.424643877893686, 2594236.610283588059247 ], [ 5033127.463453065603971, 2593220.094345299527049 ], [ 5034014.527142334729433, 2591614.58325011190027 ], [ 5034625.718210643157363, 2590105.816661766730249 ], [ 5034590.56916350312531, 2589376.131650946103036 ], [ 5035766.725444843992591, 2589333.294519806746393 ], [ 5037071.362637272104621, 2588848.399749385658652 ], [ 5038181.07930931635201, 2588008.363616931252182 ], [ 5038783.822777437977493, 2586894.189570825081319 ], [ 5040095.735283281654119, 2585461.105319135822356 ], [ 5042447.26480083912611, 2585324.044744435232133 ], [ 5044797.551784918643534, 2586057.831950363237411 ], [ 5046100.352877400815487, 2587229.04183943150565 ], [ 5048550.407344029285014, 2586785.611933209467679 ], [ 5049213.063995095901191, 2586439.526655500289053 ], [ 5049781.394584781490266, 2585798.342033513821661 ], [ 5050037.468037810176611, 2585202.883329543750733 ], [ 5050248.967289129272103, 2584550.077702653128654 ], [ 5050763.479575070552528, 2583691.699462499469519 ], [ 5052084.760448070243001, 2582235.894658977165818 ], [ 5053240.464524060487747, 2581656.746341290418059 ], [ 5054475.391323274001479, 2581790.43389242189005 ], [ 5057226.077575112693012, 2582987.19530359422788 ], [ 5058341.431224862113595, 2583016.807032324839383 ], [ 5062443.735782625153661, 2581554.767827240284532 ], [ 5063239.58412426058203, 2580951.08370441570878 ], [ 5063507.402898505330086, 2579916.306017026305199 ], [ 5063363.85555602516979, 2578056.692820021882653 ] ] } },
{ "type": "Feature", "properties": { "featurecla": "River", "scalerank": 6.0, "rivernum": 231.0, "name": "Dniester", "name_en": "Dniester", "strokeweig": 0.25 }, "geometry": { "type": "LineString", "coordinates": [ [ 5291339.481409791857004, 2557690.220950157847255 ], [ 5290412.780315370298922, 2557301.98975319089368 ], [ 5288704.185220120474696, 2554920.6238679792732 ], [ 5287709.561255066655576, 2554360.601901171728969 ], [ 5286127.812021311372519, 2554038.159691885113716 ], [ 5284918.428788089193404, 2554569.138572370633483 ], [ 5285274.583199017681181, 2558999.032084176316857 ], [ 5284416.301939873956144, 2560772.467819455545396 ], [ 5282939.381304108537734, 2561831.614237349946052 ], [ 5281346.845863751135767, 2562156.379814613610506 ], [ 5274962.395760707557201, 2561393.32839198410511 ], [ 5271872.099541862495244, 2561790.080571935977787 ], [ 5269748.829906418919563, 2563819.242124090902507 ], [ 5269094.378542804159224, 2564179.165171330794692 ], [ 5266060.946321849711239, 2566943.811940711922944 ], [ 5264743.165422660298645, 2567808.033599693328142 ], [ 5259439.222181481309235, 2570027.096497280523181 ], [ 5256852.628865933977067, 2570549.090444964822382 ], [ 5248203.517191133461893, 2568357.131424803286791 ], [ 5246638.822585973888636, 2568705.895958461798728 ], [ 5245818.735039759427309, 2571417.29202521732077 ], [ 5244262.580360388383269, 2571247.510711831972003 ], [ 5242760.382576795294881, 2569595.721010696142912 ], [ 5241970.604578981176019, 2569180.474112677387893 ], [ 5239114.914763174951077, 2568490.255371745675802 ], [ 5238230.473280027508736, 2569329.422508675139397 ], [ 5235103.410126496106386, 2575754.318770113401115 ], [ 5233345.812127459794283, 2578663.76093662250787 ], [ 5231307.944095271639526, 2580958.189758515916765 ], [ 5228880.550863085314631, 2582393.207525797653943 ], [ 5225929.140200124122202, 2582678.331434149295092 ], [ 5225250.46573344618082, 2581927.762707827612758 ], [ 5224731.016257116571069, 2579942.191496780142188 ], [ 5224178.995397013612092, 2579168.229838943574578 ], [ 5223287.646271161735058, 2578855.486152230761945 ], [ 5222545.22350955940783, 2579117.894322967622429 ], [ 5221832.979317129589617, 2579614.144741856027395 ], [ 5221021.542862132191658, 2579987.017561621032655 ], [ 5218135.772679217159748, 2579866.171607096679509 ], [ 5216791.185770802199841, 2579249.938039203174412 ], [ 5217220.890088334679604, 2577922.860536981839687 ], [ 5217984.364915071055293, 2577600.033281358890235 ], [ 5218707.925452951341867, 2577656.126028752420098 ], [ 5219251.306520387530327, 2577326.948541932273656 ], [ 5219506.373274663463235, 2575863.954921011812985 ], [ 5219347.889430403709412, 2574995.647437891922891 ], [ 5218887.251031592488289, 2574449.239554017782211 ], [ 5218233.971326326951385, 2574110.603336565196514 ], [ 5217474.811477676033974, 2573870.965244199614972 ], [ 5216580.496156241744757, 2573869.022363035473973 ], [ 5214813.051779886707664, 2574501.507952325511724 ], [ 5214012.10406990069896, 2574559.832234367262572 ], [ 5211620.20441880915314, 2573994.032697040587664 ], [ 5211306.329351821914315, 2573596.382011799141765 ], [ 5210813.682850473560393, 2571970.447883898857981 ], [ 5210467.561420737765729, 2571390.066393855493516 ], [ 5209854.634701157920063, 2571075.661022928543389 ], [ 5206761.145361508242786, 2570719.061432102695107 ], [ 5205249.094872305169702, 2570881.093666702043265 ], [ 5204385.524554542265832, 2570780.708875161129981 ], [ 5204021.055468758568168, 2570474.188867643009871 ], [ 5203819.35570031311363, 2570022.641010868363082 ], [ 5203568.08894860278815, 2569766.982123686932027 ], [ 5203045.810050101950765, 2570056.806671223137528 ], [ 5201837.878296434879303, 2570937.813750341534615 ], [ 5199164.550033613108099, 2570931.989108187146485 ], [ 5197639.17427109181881, 2570651.131625516805798 ], [ 5196368.858521020039916, 2569659.745819939766079 ], [ 5195610.427598539739847, 2568157.637265170458704 ], [ 5195149.731080923229456, 2566803.157177331857383 ], [ 5194371.642168905586004, 2565719.744898683391511 ], [ 5192659.850309178233147, 2564958.336993340402842 ], [ 5191279.124534789472818, 2565297.778901870362461 ], [ 5189978.115489603020251, 2566652.45027065416798 ], [ 5189132.475166340358555, 2568651.361443995032459 ], [ 5189084.805401927791536, 2570907.866312295664102 ], [ 5188245.470771886408329, 2571246.616188356652856 ], [ 5187439.321971828117967, 2571334.636987786740065 ], [ 5186738.269379619508982, 2571045.856446200981736 ], [ 5186192.787985290400684, 2570238.449947536922991 ], [ 5186079.493773533031344, 2569291.358828391879797 ], [ 5186877.016313381493092, 2567819.682934093289077 ], [ 5187003.51740385312587, 2566731.432403015904129 ], [ 5186393.438727128319442, 2564684.024166549090296 ], [ 5185480.199471076019108, 2564427.412272453773767 ], [ 5184535.970944054424763, 2565421.200130785815418 ], [ 5183861.567521671764553, 2567136.912525736261159 ], [ 5183237.92398935277015, 2568137.392725010402501 ], [ 5182283.836724039167166, 2568604.083801215514541 ], [ 5181478.638986639678478, 2568378.300410946365446 ], [ 5181332.02350247092545, 2567308.093964104540646 ], [ 5181810.768047278746963, 2566578.322227085009217 ], [ 5183455.051972653716803, 2565427.793816441204399 ], [ 5183898.801098209805787, 2564851.586422061081976 ], [ 5183941.798952189274132, 2563036.076567291747779 ], [ 5183230.363883661106229, 2562212.602708406746387 ], [ 5182126.9069659486413, 2562066.356733741704375 ], [ 5180991.202902275137603, 2562262.898019684478641 ], [ 5178017.26044580899179, 2563617.961141899693757 ], [ 5176382.422623308375478, 2563641.729431597981602 ], [ 5175252.908683160319924, 2562112.932384263724089 ], [ 5175644.948765585198998, 2561023.785389645956457 ], [ 5177115.439805679023266, 2560612.076047410257161 ], [ 5179891.776798211038113, 2560511.01156771928072 ], [ 5181316.19605281110853, 2559914.781434121541679 ], [ 5182754.949378767982125, 2558993.707710837945342 ], [ 5183260.707884110510349, 2557992.792756169568747 ], [ 5181886.200225237756968, 2557200.287289469037205 ], [ 5179569.915095656178892, 2556534.081482340116054 ], [ 5178809.67339413613081, 2556494.422459557652473 ], [ 5178424.623310814611614, 2556847.639235087204725 ], [ 5177928.663406000472605, 2557482.313208161387593 ], [ 5177298.794555228203535, 2557889.874395930673927 ], [ 5176530.12147150747478, 2557544.435216969810426 ], [ 5176274.623849233612418, 2555892.716081432066858 ], [ 5178124.60218938998878, 2552561.262081518769264 ], [ 5177155.787615110166371, 2551599.544622593559325 ], [ 5175551.459120796993375, 2551381.103503485675901 ], [ 5174277.426308616064489, 2551582.921811712905765 ], [ 5173135.461675118654966, 2552242.961119605228305 ], [ 5171915.892328495159745, 2553418.293221552856266 ], [ 5170018.319513923488557, 2556067.434566311538219 ], [ 5169345.362149549648166, 2556794.265973147004843 ], [ 5167152.728275779634714, 2558012.801550562959164 ], [ 5165680.237542976625264, 2558518.210006934590638 ], [ 5162522.412331185303628, 2556888.957773817703128 ], [ 5161144.761267947033048, 2557056.591432708315551 ], [ 5159913.924510505050421, 2554909.757586691062897 ], [ 5158293.75655566714704, 2553773.058942609932274 ], [ 5156288.022958526387811, 2553475.424448297359049 ], [ 5153828.947004163637757, 2553845.938781572971493 ], [ 5151835.332408926449716, 2554534.026510604191571 ], [ 5150899.285853547975421, 2554679.505587081890553 ], [ 5149652.109567941166461, 2554476.045688559766859 ], [ 5145776.628027724102139, 2552800.207435329444706 ], [ 5143292.568986674770713, 2553664.35882827360183 ], [ 5142291.059784139506519, 2556567.520981511101127 ], [ 5141711.833687975071371, 2559561.721690191887319 ], [ 5140528.386190050281584, 2560717.983413544483483 ], [ 5138524.601397189311683, 2560480.733619470149279 ], [ 5138443.822786888107657, 2559960.363249937538058 ], [ 5138777.321990938857198, 2558454.208720913156867 ], [ 5139285.801554610952735, 2557317.307362141087651 ], [ 5140091.279967037960887, 2556353.700774367898703 ], [ 5141562.079202712513506, 2554933.04717425070703 ], [ 5140983.279274203814566, 2553407.310265596956015 ], [ 5139750.116295459680259, 2553013.231502136681229 ], [ 5138256.183978738263249, 2553394.77726305834949 ], [ 5136925.404146934859455, 2554250.67230466986075 ], [ 5135792.46189103834331, 2555537.347996833268553 ], [ 5135461.532495656982064, 2556713.623214706778526 ], [ 5135336.897514305077493, 2560313.156591774895787 ], [ 5135493.605569709092379, 2559603.541075212880969 ], [ 5135159.886017899960279, 2561630.856071025598794 ], [ 5134584.43205010984093, 2562994.891621998976916 ], [ 5133789.467006810940802, 2563450.770802055485547 ], [ 5132801.841134585440159, 2562762.80046384036541 ], [ 5132619.309754283167422, 2562104.684485115110874 ], [ 5132705.452637493610382, 2560323.759334586095065 ], [ 5132489.880977138876915, 2559685.261888797860593 ], [ 5131843.708581248298287, 2559481.196838921867311 ], [ 5129931.763718215748668, 2559947.125299658626318 ], [ 5129273.884027184918523, 2559018.268853975459933 ], [ 5128789.127253940328956, 2556714.731030923314393 ], [ 5127842.491998802870512, 2555669.14538542740047 ], [ 5126758.470498111099005, 2555216.814196929335594 ], [ 5125595.227377941831946, 2555109.966360037680715 ], [ 5121922.42131335940212, 2555696.251154673751444 ], [ 5121832.067709188908339, 2555979.974393647164106 ], [ 5121678.002492588944733, 2556947.944948250893503 ], [ 5121274.834296767599881, 2557523.277744040824473 ], [ 5119404.174236986786127, 2559083.902972446288913 ], [ 5117987.441310931928456, 2559707.320894587319344 ], [ 5116779.997871816158295, 2561203.371244627982378 ], [ 5115507.554532999172807, 2561920.352166648954153 ], [ 5113912.736107970587909, 2560205.452016716357321 ], [ 5113655.116778668016195, 2559177.928797766566277 ], [ 5113685.514547814615071, 2558183.274682624265552 ], [ 5113564.39859513938427, 2557378.615446460898966 ], [ 5112857.682306537404656, 2556911.63053863029927 ], [ 5111959.544942363165319, 2557313.292057550512254 ], [ 5110846.658654561266303, 2559697.773194481153041 ], [ 5110173.314341732300818, 2560148.173972756136209 ], [ 5107058.843649039044976, 2559785.251980576198548 ], [ 5105402.183760749176145, 2559885.006315268576145 ], [ 5104377.496241624467075, 2560402.711180416867137 ], [ 5104321.459010889753699, 2560994.410745778121054 ], [ 5104586.581665085628629, 2561695.369416147936136 ], [ 5104647.892570798285306, 2562567.211256563663483 ], [ 5103946.146431972272694, 2563650.714410570450127 ], [ 5103098.504549686796963, 2564372.887194233480841 ], [ 5102878.765224709175527, 2564486.696264436468482 ], [ 5102886.726536367088556, 2564697.692333274986595 ], [ 5102739.824220275506377, 2565712.584163541439921 ], [ 5102848.365434652194381, 2566446.933471694123 ], [ 5103187.756923510693014, 2566849.873330886941403 ], [ 5103139.210547409951687, 2567488.783014500513673 ], [ 5102054.160965083166957, 2568905.871476156637073 ], [ 5101530.684386635199189, 2569195.958686579484493 ], [ 5099368.677624139934778, 2569899.436324470676482 ], [ 5096871.234626365825534, 2571462.798201073426753 ], [ 5095548.579885359853506, 2571797.13292293716222 ], [ 5093740.521007088012993, 2571633.940178383141756 ], [ 5092452.44974481780082, 2571775.201627023518085 ], [ 5090629.193242761306465, 2572384.916328385937959 ], [ 5088910.008361019194126, 2573274.705851155333221 ], [ 5087904.350010152906179, 2574209.009415155276656 ], [ 5088281.808041928336024, 2574932.72025321982801 ], [ 5088505.123919557780027, 2575714.925195498857647 ], [ 5088772.549305881373584, 2577321.786643289029598 ], [ 5088139.211641056463122, 2577321.340930165722966 ], [ 5086952.61333242803812, 2577627.270978643558919 ], [ 5086476.730183293111622, 2577652.37312011513859 ], [ 5085929.832644266076386, 2577228.066589313559234 ], [ 5086047.525748470798135, 2576555.825194683857262 ], [ 5086309.267145807854831, 2575855.116945936344564 ], [ 5086264.902635734528303, 2575363.046953544951975 ], [ 5085192.879432123154402, 2574859.810722329188138 ], [ 5084194.797314261086285, 2574943.575471176300198 ], [ 5083240.116811072453856, 2575224.370979847386479 ], [ 5082325.933087291195989, 2575280.613864616956562 ], [ 5080974.987277508713305, 2574807.899443894159049 ], [ 5080747.680811710655689, 2574207.715118912514299 ], [ 5081110.267022566869855, 2573327.072608416434377 ], [ 5081523.450353638269007, 2572038.875666627194732 ], [ 5081735.353498093783855, 2570496.439994346816093 ], [ 5081542.313717310316861, 2570353.871107075829059 ], [ 5080925.191551323980093, 2570593.787894115783274 ], [ 5079887.149618955329061, 2570192.920405416749418 ], [ 5077107.597726164385676, 2565958.023418341763318 ], [ 5075418.933234070427716, 2564920.683494339231402 ], [ 5074021.353320703841746, 2567469.134549977257848 ], [ 5074429.289523705840111, 2569376.979199138935655 ], [ 5078107.735517736524343, 2571314.502967636566609 ], [ 5079282.080590004101396, 2573067.985548903699964 ], [ 5075152.351593021303415, 2574066.064796550199389 ], [ 5073510.095200099050999, 2573767.536884708795696 ], [ 5072171.430083448067307, 2571576.666964387986809 ], [ 5071561.549139221198857, 2573394.819835051894188 ], [ 5071282.53434479329735, 2576303.136514373589307 ], [ 5071345.759489016607404, 2579076.657462627626956 ], [ 5071791.629430421628058, 2580491.162821709644049 ], [ 5071628.268441008403897, 2581271.687500218860805 ], [ 5070603.907072111964226, 2581137.795420181471854 ], [ 5069844.114277672022581, 2580684.212151359766722 ], [ 5068570.146312059834599, 2579140.028481081593782 ], [ 5068148.393341089598835, 2578283.024834574200213 ], [ 5067888.808712907135487, 2577443.804223849903792 ], [ 5067849.05071210116148, 2576532.518119710031897 ], [ 5067968.080987394787371, 2575316.700662459712476 ], [ 5067936.010594620369375, 2573943.470431006513536 ], [ 5067503.82631878554821, 2573183.613183838780969 ], [ 5066441.82715208362788, 2573785.215544697828591 ], [ 5064225.430794605985284, 2576084.238201731350273 ], [ 5063625.718439214862883, 2576999.230087897274643 ], [ 5063363.85555602516979, 2578056.692820021882653 ] ] } },
{ "type": "Feature", "properties": { "featurecla": "Lake Centerline", "scalerank": 6.0, "rivernum": 255.0, "name": "Rhône", "name_en": "Rhône", "strokeweig": 0.2 }, "geometry": { "type": "LineString", "coordinates": [ [ 3711056.164440748281777, 2184665.93550911359489 ], [ 3711662.262534532230347, 2185771.394809124059975 ], [ 3712247.978363703936338, 2186280.428883749060333 ], [ 3713428.40966196777299, 2187548.251609428785741 ], [ 3714418.395536497235298, 2189239.392388527747244 ], [ 3715293.981343605555594, 2191341.898196873255074 ], [ 3717658.607130309101194, 2196305.157953505869955 ], [ 3718133.772179460152984, 2197749.382698811590672 ], [ 3719813.417504048906267, 2199800.610572575125843 ], [ 3722074.838148441165686, 2202501.766149765811861 ], [ 3724603.042376367375255, 2204466.626411948818713 ], [ 3726928.339046556502581, 2205095.315909963101149 ], [ 3729378.328903215937316, 2205089.921129991300404 ], [ 3731831.071084948722273, 2205590.688969388138503 ], [ 3738368.325827359687537, 2209635.290867747738957 ], [ 3743173.142748253885657, 2210342.461721293628216 ], [ 3748118.847375502344221, 2209955.528205808252096 ], [ 3759079.552865015342832, 2206596.412305544596165 ], [ 3759025.657288005109876, 2206777.657594886608422 ], [ 3764681.342908604536206, 2205059.447198061738163 ], [ 3765986.491585781797767, 2204093.563961409032345 ], [ 3766684.370966638904065, 2203387.854846493341029 ] ] } },
{ "type": "Feature", "properties": { "featurecla": "River", "scalerank": 6.0, "rivernum": 255.0, "name": "Rhône", "name_en": "Rhône", "strokeweig": 0.2 }, "geometry": { "type": "LineString", "coordinates": [ [ 3879674.499085749033839, 2218707.044132564216852 ], [ 3878941.353447068948299, 2217185.611516950652003 ], [ 3877997.855458200909197, 2216333.901059441734105 ], [ 3877332.440798348281533, 2214955.687231800053269 ], [ 3875606.980634237639606, 2213243.979454161599278 ], [ 3873123.825360628776252, 2211303.132765654474497 ], [ 3870733.691025454550982, 2209224.448255594819784 ], [ 3869925.732993729412556, 2208533.783648386597633 ], [ 3858973.778658722992986, 2199247.88082719873637 ], [ 3853806.056778093334287, 2196043.715246630832553 ], [ 3853083.581396794877946, 2194616.862693272996694 ], [ 3851443.333658031187952, 2193477.681294266600162 ], [ 3848098.771924895234406, 2192122.744756021071225 ], [ 3845187.260584298055619, 2191585.86978500103578 ], [ 3835830.73055897699669, 2192474.667188504245132 ] ] } },
{ "type": "Feature", "properties": { "featurecla": "River", "scalerank": 6.0, "rivernum": 255.0, "name": "Rhône", "name_en": "Rhône", "strokeweig": 0.2 }, "geometry": { "type": "LineString", "coordinates": [ [ 3593151.430109710432589, 2015817.033650034572929 ], [ 3591005.91410047467798, 2005290.293458494590595 ], [ 3590644.890553614590317, 2004320.192631992977113 ], [ 3588681.89003121200949, 2001396.693397210445255 ], [ 3588237.842616225592792, 2000490.760151525959373 ], [ 3588039.205317651387304, 1999680.720757866278291 ], [ 3588239.308323055505753, 1999042.684578427113593 ], [ 3587480.321859093382955, 1996560.853932646103203 ], [ 3585926.78143544960767, 1984109.8876151163131 ], [ 3586008.661039443686604, 1982880.253469824325293 ], [ 3586440.462470177561045, 1982180.32741478504613 ], [ 3587112.997704421170056, 1981603.133120508864522 ], [ 3587701.711711569689214, 1980810.049417122034356 ], [ 3588163.041301834862679, 1977610.407207082724199 ], [ 3588994.890869867522269, 1976488.073807864682749 ], [ 3589803.726697155274451, 1975039.761358299059793 ], [ 3590032.970141646917909, 1972237.375187923433259 ], [ 3589385.884638870600611, 1967345.825294936308637 ], [ 3589364.489564352203161, 1965184.930605862755328 ], [ 3589968.309069567825645, 1963238.334106832742691 ], [ 3590499.152668175753206, 1963200.426431911997497 ], [ 3591902.138749468140304, 1964279.507223891327158 ], [ 3593242.187069017440081, 1963296.121619695331901 ], [ 3594422.26804836653173, 1961660.840367965400219 ], [ 3595338.978231806308031, 1960768.708141298266128 ], [ 3599007.153190383221954, 1956086.037084472365677 ], [ 3598908.910030395723879, 1954842.446355574764311 ], [ 3598511.777050191536546, 1954182.814919803757221 ], [ 3597872.504642268177122, 1953936.696492679417133 ], [ 3597013.375900171231478, 1953930.776136627187952 ], [ 3596152.338334028143436, 1953626.365807951893657 ], [ 3596242.915308289695531, 1952742.247063515242189 ], [ 3596526.619641518685967, 1951617.189181216061115 ], [ 3596247.091504355892539, 1950626.831308246823028 ] ] } },
{ "type": "Feature", "properties": { "featurecla": "River", "scalerank": 6.0, "rivernum": 255.0, "name": "Rhône", "name_en": "Rhône", "strokeweig": 0.2 }, "geometry": { "type": "LineString", "coordinates": [ [ 3835830.73055897699669, 2192474.667188504245132 ], [ 3823040.883878618478775, 2193599.112427558284253 ], [ 3821352.063909537624568, 2193201.310567098669708 ], [ 3818575.757663613650948, 2191324.928958394564688 ], [ 3811691.988079705275595, 2189564.968405729159713 ], [ 3808086.480152049101889, 2186551.569412669166923 ], [ 3805197.631560045294464, 2185853.262660761829466 ], [ 3802917.623654182534665, 2184137.753659954294562 ], [ 3790275.589840617030859, 2178571.76248339517042 ], [ 3783097.742221966385841, 2173550.291097010951489 ], [ 3780816.595772517379373, 2173224.56191482860595 ], [ 3780183.612028241157532, 2173867.997099467087537 ], [ 3779385.197100917808712, 2175128.51173885492608 ], [ 3778708.094306097365916, 2176486.889530871063471 ], [ 3778434.018980429042131, 2177402.942301576025784 ], [ 3778457.895669949706644, 2179638.307536222971976 ], [ 3778252.163446556311101, 2181067.262944574002177 ], [ 3777736.680577294901013, 2182148.244739623740315 ], [ 3776150.156024057883769, 2184461.766292301937938 ], [ 3771752.949939388781786, 2192907.981579409912229 ], [ 3771447.804009578190744, 2193901.885930315591395 ], [ 3771199.172322860453278, 2195814.182728094048798 ], [ 3770425.308124129194766, 2196483.014568116050214 ], [ 3769433.770864931400865, 2196734.90718580596149 ], [ 3768532.732589544728398, 2197404.081082617398351 ], [ 3768286.407693977933377, 2198216.794125326909125 ], [ 3768411.028904289472848, 2199013.889542609453201 ], [ 3768623.195463045500219, 2199728.379463689401746 ], [ 3768653.657097388058901, 2200279.521255997475237 ], [ 3768219.825686015188694, 2201218.483707561157644 ], [ 3767166.574984468985349, 2202570.360162426251918 ], [ 3766701.756219282280654, 2203368.703351020347327 ] ] } },
{ "type": "Feature", "properties": { "featurecla": "River", "scalerank": 6.0, "rivernum": 255.0, "name": "Rhône", "name_en": "Rhône", "strokeweig": 0.25 }, "geometry": { "type": "LineString", "coordinates": [ [ 3711056.164440748281777, 2184665.93550911359489 ], [ 3710239.673177388031036, 2184779.834927031304687 ], [ 3709225.115978548303246, 2185088.561730864457786 ], [ 3708495.901567603927106, 2185469.262890067882836 ], [ 3708119.579818537924439, 2185610.254936472512782 ], [ 3708034.296279780566692, 2185725.330326856579632 ], [ 3707265.332672516815364, 2185560.757490393705666 ], [ 3706504.599315143190324, 2185345.833789716474712 ], [ 3705732.578603635542095, 2185263.237881416920573 ], [ 3704895.60213714139536, 2184992.048706742934883 ], [ 3702476.597615548409522, 2182842.13861129200086 ], [ 3701063.345862776972353, 2182070.784044195432216 ], [ 3698307.398264877963811, 2178292.550595322158188 ], [ 3697264.85698197549209, 2177170.042709773872048 ], [ 3696528.297723695635796, 2177091.972603479865938 ], [ 3694936.624512669164687, 2177442.940059816464782 ], [ 3694209.549015451222658, 2177338.324540663976222 ], [ 3693562.820403108838946, 2176768.560184565372765 ], [ 3692524.570252229459584, 2175022.562790811993182 ], [ 3691981.12735629780218, 2174341.870942049659789 ], [ 3690849.494972922839224, 2173759.914588202256709 ], [ 3690281.307518436573446, 2174213.038561312947422 ], [ 3689824.434717425145209, 2175081.291060344781727 ], [ 3689038.987044248729944, 2175770.572344483807683 ], [ 3687391.446612555067986, 2174165.066146621480584 ], [ 3687044.421451722737402, 2169326.105473406612873 ], [ 3687676.511338388547301, 2160697.079509957227856 ], [ 3687558.227693483233452, 2156642.516050319653004 ], [ 3686698.899859071709216, 2152945.62871927022934 ], [ 3683862.024291487876326, 2145947.019561709836125 ], [ 3683165.785832115449011, 2143747.551881185267121 ], [ 3682840.189863190986216, 2142238.207732973154634 ], [ 3681820.98033812455833, 2142138.38555957749486 ], [ 3680535.259571860544384, 2142212.12147406116128 ], [ 3678827.278358781244606, 2141994.397976821288466 ], [ 3677575.711372065357864, 2140433.42756707733497 ], [ 3676511.649932304397225, 2138303.213035245425999 ], [ 3676415.474740818142891, 2135824.283257260452956 ], [ 3676641.821762410458177, 2133558.402848005760461 ], [ 3676523.430393621325493, 2132155.648392858915031 ], [ 3675024.640646246727556, 2130833.227751057129353 ], [ 3672305.939902237616479, 2127751.378082018345594 ], [ 3670750.04182011866942, 2126625.625128032639623 ], [ 3669153.102301554288715, 2126501.446263073012233 ], [ 3667766.543602643534541, 2127862.004902251064777 ], [ 3665454.83757087867707, 2132941.334797767456621 ], [ 3664148.867188637144864, 2134983.142844490241259 ], [ 3659219.507506588939577, 2140091.985620958730578 ], [ 3657342.04136043600738, 2143324.71467205369845 ], [ 3656302.665223548188806, 2147499.582879940513521 ], [ 3656407.763058592099696, 2147590.574829916004092 ], [ 3656651.987351797521114, 2147667.695542181842029 ], [ 3656767.761206777766347, 2147752.763547606766224 ], [ 3656503.6961450134404, 2148367.229408047161996 ], [ 3656177.579253237228841, 2148930.215330820064992 ], [ 3652975.729490130208433, 2152328.308766994159669 ], [ 3651824.880998173728585, 2153053.876229703426361 ], [ 3651288.320530743338168, 2153008.523064059205353 ], [ 3650899.395951237995178, 2152677.253488863818347 ], [ 3650134.021504040341824, 2152506.751559189520776 ], [ 3649074.531421380583197, 2151935.963922603055835 ], [ 3647871.858440823387355, 2150504.837614927440882 ], [ 3644050.770300502888858, 2144898.012716631405056 ], [ 3642813.512283888179809, 2143888.940618638880551 ], [ 3641419.127650621812791, 2143538.592052039690316 ], [ 3639990.570826398674399, 2143973.575059521477669 ], [ 3637922.633287514094263, 2145628.700078750960529 ], [ 3636148.38057323358953, 2146403.536585602909327 ], [ 3633756.607470061630011, 2148036.723310058005154 ], [ 3632628.465514721348882, 2148532.957090962212533 ], [ 3631425.656198221258819, 2148567.856089651118964 ], [ 3628751.519379594363272, 2148150.295100520830601 ], [ 3627460.677074334584177, 2148139.212620208971202 ], [ 3623143.899733849801123, 2149168.57972794258967 ], [ 3621881.663390475325286, 2149035.603022906463593 ], [ 3619662.062781606800854, 2148219.730582553893328 ], [ 3617373.719868554268032, 2147915.586672905366868 ], [ 3614310.595552279148251, 2146814.55750272795558 ], [ 3613349.751940136309713, 2146151.061405017971992 ], [ 3612961.101211253087968, 2144648.957735004834831 ], [ 3612796.478374372702092, 2142709.377807850483805 ], [ 3612333.959882708266377, 2141634.23766568209976 ], [ 3611053.047366010490805, 2142691.352924023754895 ], [ 3610441.968754900619388, 2142030.152404519729316 ], [ 3609917.072797244414687, 2141231.119763591326773 ], [ 3611163.323885405436158, 2138195.96618090569973 ], [ 3610667.454617002978921, 2134539.067604798357934 ], [ 3609097.345472388900816, 2130864.996026878710836 ], [ 3607109.789416771847755, 2127753.185275344178081 ], [ 3607115.106201375834644, 2125044.336884573101997 ], [ 3609746.643014171626419, 2122697.006966550834477 ], [ 3611895.159984133671969, 2120033.82186084240675 ], [ 3610480.85555772902444, 2116387.241966955829412 ], [ 3604995.800311421509832, 2112243.55142667889595 ], [ 3602782.775012638885528, 2109306.136100999545306 ], [ 3602107.593808702193201, 2104771.855073183309287 ], [ 3603130.023504759185016, 2099792.283213426824659 ], [ 3603166.937002, 2097686.966935839504004 ], [ 3603647.512303058058023, 2096325.885911057470366 ], [ 3604738.334304435644299, 2095008.849804636556655 ], [ 3605583.897207184229046, 2093426.983494757674634 ], [ 3605367.987632983829826, 2091257.579478093888611 ], [ 3605838.795006265398115, 2091224.481626890134066 ], [ 3605362.072645124513656, 2089213.183839684352279 ], [ 3605049.692226408515126, 2085831.40822079218924 ], [ 3605009.549705275800079, 2082448.806498223217204 ], [ 3605714.336675977800041, 2078132.396166381891817 ], [ 3605152.928795356303453, 2075453.703558095730841 ], [ 3605016.220884766429663, 2073133.057186213554814 ], [ 3606613.311471704393625, 2071920.735871923621744 ], [ 3606238.82064820965752, 2070574.603497511940077 ], [ 3606546.58034733356908, 2069734.971809592563659 ], [ 3607076.306153098586947, 2069019.739079779945314 ], [ 3607389.489815113134682, 2068039.899818203411996 ], [ 3607312.249824972823262, 2066770.569843661040068 ], [ 3606699.981877270154655, 2064591.034561010077596 ], [ 3606492.798149422742426, 2063338.628003147430718 ], [ 3606840.300702912267298, 2061234.576543396804482 ], [ 3608747.854461757931858, 2057256.338485993910581 ], [ 3609130.602830021642148, 2055368.987928949063644 ], [ 3608695.815484886057675, 2053530.298636595718563 ], [ 3606810.833790390752256, 2048534.837432137224823 ], [ 3606222.166498278267682, 2047519.86618844117038 ], [ 3605904.82893884787336, 2047114.312303937040269 ], [ 3604076.466639779973775, 2045399.32025519805029 ], [ 3603648.892771043814719, 2045086.059471688233316 ], [ 3603368.612668466754258, 2043606.130351789295673 ], [ 3602861.375125175341964, 2042963.192729112226516 ], [ 3602170.568851545918733, 2042597.208596813725308 ], [ 3601325.430844076909125, 2041962.303378530777991 ], [ 3600079.53422089247033, 2040658.757723397109658 ], [ 3599171.100064231082797, 2039402.810022768564522 ], [ 3598562.188008583150804, 2037708.517169933766127 ], [ 3598205.609400671441108, 2035066.831408174475655 ], [ 3598404.247437953017652, 2033621.526902770623565 ], [ 3599583.045844856183976, 2030432.690944647416472 ], [ 3599859.456593418493867, 2028638.593462171731517 ], [ 3599039.11383468657732, 2024597.857487691100687 ], [ 3597077.393606499768794, 2021815.719665217213333 ], [ 3594838.64815736701712, 2019249.203448742860928 ], [ 3593151.430109710432589, 2015817.033650034572929 ] ] } },
{ "type": "Feature", "properties": { "featurecla": "River", "scalerank": 6.0, "rivernum": 255.0, "name": "Rhône", "name_en": "Rhône", "strokeweig": 0.25 }, "geometry": { "type": "LineString", "coordinates": [ [ 3578370.693175207823515, 1923395.320284041343257 ], [ 3577158.85065851546824, 1922571.078944907756522 ], [ 3576296.798709541559219, 1923118.407507158815861 ], [ 3574986.947057309560478, 1923577.086210548644885 ], [ 3570157.408094139304012, 1923934.372412946540862 ], [ 3567513.76805103989318, 1923081.154373203404248 ], [ 3565926.280210620723665, 1920757.697356202639639 ], [ 3564631.622370767407119, 1918102.792077888501808 ], [ 3562860.333560078404844, 1916277.942915466381237 ], [ 3562809.626630772836506, 1915606.883401670726016 ], [ 3563793.582280782051384, 1914990.059319296851754 ], [ 3564917.330376953352243, 1914746.659912182949483 ], [ 3565615.601645334158093, 1914315.739124729763716 ], [ 3565314.957267914433032, 1913128.801997167989612 ], [ 3564266.522519639693201, 1912077.482489044545218 ], [ 3561904.799053194001317, 1911525.193056918680668 ], [ 3560819.788482176605612, 1910511.568452816456556 ], [ 3560497.670641763601452, 1909715.445290248375386 ], [ 3559224.323164660483599, 1908763.979076394112781 ], [ 3556202.208770734723657, 1907157.556563287274912 ], [ 3556783.450742342509329, 1906297.709907415090129 ], [ 3559063.95269936369732, 1898546.978453092742711 ] ] } },
{ "type": "Feature", "properties": { "featurecla": "River", "scalerank": 6.0, "rivernum": 255.0, "name": "Rhône", "name_en": "Rhône", "strokeweig": 0.3 }, "geometry": { "type": "LineString", "coordinates": [ [ 3596247.091504355892539, 1950626.831308246823028 ], [ 3592086.010885049588978, 1946985.971816342556849 ], [ 3591392.693515957333148, 1946532.748210475314409 ], [ 3590728.890798266045749, 1946442.41363512724638 ], [ 3586958.249268047511578, 1944231.276176379062235 ], [ 3582737.746849379036576, 1942454.226823439821601 ], [ 3582023.527227148879319, 1941995.572720513679087 ], [ 3581457.939325993414968, 1934202.167237486224622 ], [ 3580854.295790005475283, 1931799.166510817129165 ], [ 3578119.824005661532283, 1926371.500363829778507 ], [ 3578314.547223608009517, 1923783.047994228079915 ], [ 3577405.216850962024182, 1917904.203145945444703 ], [ 3578265.132254706230015, 1916682.485920536331832 ], [ 3579740.605810564476997, 1915569.626498535973951 ], [ 3582128.548218516167253, 1910580.867983291856945 ], [ 3583388.341489563230425, 1908844.195531499572098 ] ] } },
{ "type": "Feature", "properties": { "featurecla": "Lake Centerline", "scalerank": 6.0, "rivernum": 276.0, "name": "Vorma", "name_en": "Vorma", "strokeweig": 0.3 }, "geometry": { "type": "LineString", "coordinates": [ [ 4064979.365047768224031, 3598444.36266530258581 ], [ 4065041.650320041459054, 3600159.91370184160769 ], [ 4065170.637783577665687, 3601424.678719666786492 ], [ 4066548.337779915425926, 3605362.871349796187133 ], [ 4067208.812123421579599, 3607678.839001318439841 ], [ 4067463.69825236313045, 3608959.324372497852892 ] ] } },
{ "type": "Feature", "properties": { "featurecla": "River", "scalerank": 6.0, "rivernum": 276.0, "name": "Vorma", "name_en": "Vorma", "strokeweig": 0.3 }, "geometry": { "type": "LineString", "coordinates": [ [ 4060918.009631909430027, 3617710.07406879356131 ], [ 4062385.326842576730996, 3615593.228599951602519 ], [ 4067023.953243253752589, 3611034.147953784093261 ], [ 4067463.69825236313045, 3608959.324372497852892 ] ] } },
{ "type": "Feature", "properties": { "featurecla": "River", "scalerank": 6.0, "rivernum": 276.0, "name": "Vorma", "name_en": "Vorma", "strokeweig": 0.3 }, "geometry": { "type": "LineString", "coordinates": [ [ 4064979.365047768224031, 3598444.36266530258581 ], [ 4063531.887377038132399, 3592614.09204790648073 ], [ 4063193.857743189670146, 3589340.032398420851678 ], [ 4064350.433653164189309, 3588029.249399819411337 ], [ 4063048.343442833516747, 3585532.495506543666124 ], [ 4059027.604296307079494, 3585159.326049279421568 ], [ 4057359.715330303646624, 3583807.212529951240867 ], [ 4054933.320491695776582, 3579642.733330658171326 ], [ 4053466.426912180148065, 3577644.271508990321308 ], [ 4052270.247706526424736, 3575902.235782876610756 ] ] } },
{ "type": "Feature", "properties": { "featurecla": "River", "scalerank": 6.0, "rivernum": 302.0, "name": "Thames", "name_en": "Thames", "strokeweig": 0.2 }, "geometry": { "type": "LineString", "coordinates": [ [ 3201445.916504096239805, 2848287.621465565636754 ], [ 3203196.789892103057355, 2847186.335659475531429 ], [ 3204549.200745865702629, 2845438.61939754569903 ], [ 3205330.631582544185221, 2842742.79129708185792 ], [ 3205435.490532010793686, 2839854.797081233467907 ], [ 3204934.465260654687881, 2836082.393690559081733 ], [ 3205732.571720074862242, 2833559.839235897641629 ], [ 3206227.550311008002609, 2830954.101890600286424 ], [ 3211594.815482228063047, 2826601.275807693134993 ], [ 3212838.888764454983175, 2826097.314875219017267 ], [ 3213564.655394428875297, 2826211.359124895185232 ], [ 3218789.65080157853663, 2825655.634725743439049 ], [ 3220163.126545247156173, 2826020.214533232618123 ], [ 3220576.26644169120118, 2826413.730827732942998 ], [ 3221013.62986877001822, 2827021.236148653551936 ], [ 3221561.557965388055891, 2827597.823437016922981 ], [ 3222310.465801754966378, 2827903.297318415250629 ], [ 3222982.536405907943845, 2827748.284595883917063 ], [ 3225621.26785044092685, 2826566.007522795815021 ], [ 3227049.800215031486005, 2826692.546807964798063 ], [ 3231187.843197088222951, 2828048.559488892089576 ] ] } },
{ "type": "Feature", "properties": { "featurecla": "River", "scalerank": 6.0, "rivernum": 302.0, "name": "Thames", "name_en": "Thames", "strokeweig": 0.2 }, "geometry": { "type": "LineString", "coordinates": [ [ 3231187.843197088222951, 2828048.559488892089576 ], [ 3236350.366738932207227, 2827236.933157777413726 ], [ 3237106.734488182235509, 2827357.459629656281322 ], [ 3238687.825434427708387, 2828132.455377080943435 ], [ 3239498.288398385979235, 2828231.590137658175081 ], [ 3240182.04086641035974, 2827899.261434949468821 ], [ 3240888.724121838342398, 2827332.493429746013135 ], [ 3241665.661275102756917, 2826898.283597260713577 ], [ 3242552.273460453376174, 2826946.267580346670002 ], [ 3243843.68653067201376, 2828285.473451893776655 ], [ 3245403.020194605458528, 2832357.494580317288637 ], [ 3246836.16186346905306, 2833773.462450943887234 ], [ 3248132.405281253159046, 2834297.743235330097377 ], [ 3248919.430601039901376, 2834362.038500812835991 ], [ 3249727.232782294042408, 2834070.223929319530725 ], [ 3250104.152915376704186, 2833396.340210323221982 ], [ 3250462.6291981684044, 2831403.533932453487068 ], [ 3251990.316343750339001, 2829703.605102459900081 ], [ 3252279.263683152385056, 2827334.338203894905746 ], [ 3252370.629204365424812, 2825006.082473589107394 ], [ 3252956.126516653224826, 2823854.809652397874743 ], [ 3253439.564082912169397, 2823435.797116559464484 ], [ 3253322.044833385385573, 2822689.490675773005933 ], [ 3252703.967393239494413, 2822014.5147581002675 ], [ 3248538.58598083909601, 2820897.227879097219557 ], [ 3249398.64300009328872, 2819469.707673197612166 ], [ 3250678.188319507986307, 2818856.483709332533181 ], [ 3253099.251220196019858, 2818644.762814756948501 ], [ 3253270.156213388778269, 2819136.09592187544331 ], [ 3253956.578680259175599, 2819933.405449504964054 ], [ 3254620.709467287175357, 2820110.582263417076319 ], [ 3254741.114981750957668, 2817849.912838198710233 ], [ 3255097.410711596254259, 2817349.760158844292164 ], [ 3257599.968093134462833, 2815695.147485970053822 ], [ 3258308.20670706499368, 2814834.065322815440595 ], [ 3258473.774060561787337, 2813421.321350217796862 ], [ 3258163.655998580623418, 2810788.678053117822856 ], [ 3257471.605389194563031, 2809354.858563278801739 ], [ 3256419.392857499420643, 2808121.734176677651703 ], [ 3255734.546063370537013, 2806533.074601692147553 ], [ 3256168.345097191166133, 2804007.641836983617395 ], [ 3256971.68989098072052, 2802646.711676982697099 ], [ 3258144.114289055112749, 2801532.534662396181375 ], [ 3259533.191862294450402, 2800730.847117695491761 ], [ 3260974.481657000724226, 2800316.993625678122044 ], [ 3262042.98087786976248, 2799604.255679064895958 ], [ 3264194.801965116057545, 2796792.842925632372499 ], [ 3265185.07110208272934, 2795970.703385066241026 ], [ 3266718.826741505414248, 2795910.936158434487879 ], [ 3269172.089294896926731, 2797197.024413453880697 ], [ 3270893.37159235868603, 2797656.82869289861992 ], [ 3272441.17494409577921, 2799025.955085260327905 ], [ 3272974.166757601313293, 2799628.380359147209674 ], [ 3273607.990549260284752, 2800621.613329460378736 ], [ 3273641.945201449096203, 2801207.914103423245251 ], [ 3273404.882366522680968, 2801818.48961285687983 ], [ 3273251.903535501100123, 2802928.408152940683067 ], [ 3273335.922018493525684, 2805077.166842411737889 ], [ 3273705.657077793031931, 2805340.525348580442369 ], [ 3274517.714411424938589, 2804684.4811608819291 ], [ 3275949.394818116445094, 2804080.143939826171845 ], [ 3280945.949897055048496, 2804894.995727105997503 ], [ 3281822.040832903701812, 2804625.909880584105849 ], [ 3283088.776660812553018, 2805150.782454118598253 ], [ 3284710.05551969865337, 2805051.518826058134437 ], [ 3286114.662056067958474, 2804395.888259451370686 ], [ 3286706.970861479640007, 2803243.96488690096885 ], [ 3286190.106140089221299, 2801193.329159668646753 ], [ 3285291.956446088850498, 2799977.627723752055317 ], [ 3285013.888380467891693, 2798910.140046237502247 ], [ 3286304.48899619653821, 2797298.669711887370795 ], [ 3287400.999217586126179, 2796874.161152291577309 ], [ 3290205.207147251814604, 2796838.597955416887999 ], [ 3291292.124334117397666, 2796575.409881240688264 ] ] } },
{ "type": "Feature", "properties": { "featurecla": "River", "scalerank": 6.0, "rivernum": 302.0, "name": "Thames", "name_en": "Thames", "strokeweig": 0.25 }, "geometry": { "type": "LineString", "coordinates": [ [ 3291292.124334117397666, 2796575.409881240688264 ], [ 3292058.583711660467088, 2795730.613448846153915 ], [ 3292634.749319903552532, 2794367.476841997820884 ], [ 3292821.635201362892985, 2792758.423962322529405 ], [ 3292400.925769631750882, 2791160.082908984273672 ], [ 3295151.650173651054502, 2789466.036755052860826 ], [ 3298591.72486927267164, 2784185.899699790868908 ], [ 3301600.047772142104805, 2783916.678916745819151 ], [ 3302111.227899623569101, 2784201.753326154779643 ], [ 3302610.655390793923289, 2784568.015470760408789 ], [ 3303220.774413588922471, 2784897.436011370271444 ], [ 3304080.591296679805964, 2785048.515794052742422 ], [ 3304497.431310909800231, 2785254.437570634763688 ], [ 3304908.135404230095446, 2785628.147815325297415 ], [ 3305322.52462868578732, 2785747.05609627533704 ], [ 3306745.006916756741703, 2784134.373154579196125 ], [ 3306751.961002015974373, 2783995.650203337427229 ], [ 3307734.708818836603314, 2783843.960526333190501 ], [ 3308480.724882826209068, 2784011.821578208357096 ], [ 3309125.49595420062542, 2784615.158615860156715 ], [ 3309784.661541249603033, 2785793.955489176791161 ], [ 3309214.895771197974682, 2786854.032026764005423 ], [ 3309228.228743085637689, 2787726.253739849664271 ], [ 3310182.938514700159431, 2788630.432896383106709 ], [ 3309472.852617769967765, 2790796.257717283442616 ], [ 3310456.548948901705444, 2791521.526909017004073 ], [ 3313073.196795288007706, 2791260.699971948284656 ], [ 3313860.774653496220708, 2791381.003601107280701 ], [ 3314834.214177559129894, 2792264.725580307189375 ], [ 3315568.403338327072561, 2792395.371497463434935 ], [ 3316214.651932979933918, 2791966.322818289510906 ], [ 3317084.718049415387213, 2790375.42553895059973 ], [ 3317809.080545496195555, 2789922.540994512848556 ], [ 3319117.70082985330373, 2790032.24729434074834 ], [ 3320720.959687136113644, 2790599.351901655551046 ], [ 3322276.749940824694932, 2791448.8569250642322 ], [ 3324808.224743470083922, 2793472.48070993181318 ], [ 3326002.600937054492533, 2793591.618908459786326 ], [ 3327120.987192035187036, 2793048.962780764326453 ], [ 3328239.575120668392628, 2792120.029187217820436 ] ] } },
{ "type": "Feature", "properties": { "featurecla": "River", "scalerank": 6.0, "rivernum": 302.0, "name": "Thames", "name_en": "Thames", "strokeweig": 0.3 }, "geometry": { "type": "LineString", "coordinates": [ [ 3328239.575120668392628, 2792120.029187217820436 ], [ 3328929.486813013441861, 2791655.033229116816074 ], [ 3330943.355146165005863, 2791009.576745989266783 ], [ 3332134.492249791510403, 2791554.231075436342508 ], [ 3332874.04532160423696, 2791646.93230916140601 ], [ 3334548.369617364369333, 2790202.089609314221889 ], [ 3336138.443524402100593, 2790132.48200010182336 ], [ 3340082.643374574836344, 2790911.034011766314507 ], [ 3341405.53199579520151, 2790799.597527368459851 ], [ 3342654.186011249665171, 2790010.379184678196907 ], [ 3343756.085062365978956, 2788169.364808175247163 ], [ 3344648.79037578869611, 2787256.334491803310812 ], [ 3349157.001837872434407, 2784865.94236697209999 ], [ 3351359.731075622607023, 2785326.243739375844598 ], [ 3352423.03358946274966, 2785194.003248074557632 ], [ 3352741.420275467447937, 2784022.384547894820571 ], [ 3353184.372138916049153, 2783117.509967857971787 ], [ 3354402.858165771234781, 2782703.449961275327951 ], [ 3355222.83450629748404, 2782855.148321030195802 ], [ 3356372.228843651711941, 2783175.485694140195847 ] ] } },
{ "type": "Feature", "properties": { "featurecla": "River", "scalerank": 6.0, "rivernum": 79000.0, "name": "Ariège", "name_en": "Ariège", "strokeweig": 0.15 }, "geometry": { "type": "LineString", "coordinates": [ [ 3346162.007528638932854, 1827125.476585898082703 ], [ 3346842.058459278661758, 1828752.668202019762248 ], [ 3348585.736709113232791, 1831544.076853950507939 ], [ 3349116.125155808404088, 1833493.808659349801019 ], [ 3348902.902034630998969, 1836417.137967248447239 ], [ 3347703.080644680187106, 1838856.845231038983911 ], [ 3345946.894360807258636, 1840797.595944355241954 ], [ 3344010.972487713675946, 1842242.991311818361282 ], [ 3337413.872478901874274, 1845166.949032528325915 ] ] } },
{ "type": "Feature", "properties": { "featurecla": "River", "scalerank": 6.0, "rivernum": 303.0, "name": "Garonne", "name_en": "Garonne", "strokeweig": 0.2 }, "geometry": { "type": "LineString", "coordinates": [ [ 3325187.53033808618784, 1926528.717765716137365 ], [ 3327955.751707238610834, 1930271.74100941629149 ], [ 3326864.429088037926704, 1937972.027966619003564 ], [ 3322148.397845294326544, 1950795.233392875641584 ], [ 3321823.689233621582389, 1951210.791918492410332 ], [ 3320932.51714448723942, 1952081.150110782356933 ], [ 3320680.857726152986288, 1952461.587991443928331 ], [ 3320495.441050657536834, 1953434.658416975988075 ], [ 3320462.598833694122732, 1955176.098283267579973 ], [ 3320288.012173779308796, 1955815.776841095183045 ], [ 3318448.753791803494096, 1958257.425155681325123 ], [ 3317637.64005524571985, 1959690.111122590489686 ], [ 3317427.732977122534066, 1961322.399356056237593 ], [ 3317132.85222747316584, 1961915.386080487631261 ], [ 3315436.284549119882286, 1967197.140210922341794 ] ] } },
{ "type": "Feature", "properties": { "featurecla": "River", "scalerank": 6.0, "rivernum": 79000.0, "name": "Ariège", "name_en": "Ariège", "strokeweig": 0.2 }, "geometry": { "type": "LineString", "coordinates": [ [ 3337413.872478901874274, 1845166.949032528325915 ], [ 3336527.103084659203887, 1845919.159535680897534 ], [ 3335725.128850741311908, 1846967.851129443384707 ], [ 3333519.069712087512016, 1850890.031691372860223 ], [ 3332626.182455734349787, 1853532.476042897207662 ], [ 3332406.349526796489954, 1856337.548032215796411 ], [ 3335378.737586308270693, 1859491.368135575437918 ], [ 3333410.22680080961436, 1868272.255030180793256 ], [ 3335098.376141921617091, 1872733.58444951241836 ], [ 3336314.654870443977416, 1874677.133204789599404 ], [ 3336336.968115971423686, 1876652.98136590840295 ], [ 3335265.419988872949034, 1881369.990064567420632 ], [ 3335272.190389934461564, 1881940.885908000636846 ], [ 3335473.501525768078864, 1883021.329690504353493 ], [ 3335516.629651150666177, 1883569.443135883193463 ], [ 3335463.168256113305688, 1884192.395439435262233 ], [ 3335216.072887991089374, 1885199.065392172895372 ], [ 3335183.408710500225425, 1885832.926123143173754 ], [ 3335508.891828591004014, 1887079.882445028517395 ], [ 3336077.167721976991743, 1888477.204924552235752 ], [ 3336410.74579456821084, 1889933.212838160339743 ], [ 3335801.15953995892778, 1892427.38959317561239 ], [ 3335794.095894906204194, 1894847.324964892817661 ], [ 3335572.298219337128103, 1895864.254223368130624 ], [ 3332769.904638810548931, 1903429.517495951615274 ], [ 3332174.566091822925955, 1904428.413767031393945 ], [ 3330143.044969237409532, 1907068.473822118714452 ], [ 3327435.245552914682776, 1912818.114843417657539 ], [ 3327186.894488431047648, 1914016.517589866183698 ], [ 3326909.052351595833898, 1916791.864684416912496 ], [ 3326636.113648762460798, 1917775.166473098797724 ], [ 3325844.259520473424345, 1919555.187354189809412 ], [ 3325086.784289808943868, 1922088.796581010101363 ], [ 3324735.455942013300955, 1924646.75916988006793 ], [ 3325187.53033808618784, 1926528.717765716137365 ] ] } },
{ "type": "Feature", "properties": { "featurecla": "River", "scalerank": 6.0, "rivernum": 303.0, "name": "Garonne", "name_en": "Garonne", "strokeweig": 0.25 }, "geometry": { "type": "LineString", "coordinates": [ [ 3303249.366809743456542, 1990665.122377896215767 ], [ 3301466.039715802762657, 1991493.167996930191293 ], [ 3298933.68741727527231, 1992016.075160666368902 ], [ 3295159.04904800048098, 1990974.341317364480346 ], [ 3292417.117708455771208, 1991818.301693374291062 ], [ 3289753.907092474866658, 1993198.597310523502529 ], [ 3288082.392559675965458, 1994384.717594432178885 ], [ 3287353.069725403562188, 1995291.543585708364844 ], [ 3286042.780111426487565, 1997520.104917783290148 ], [ 3285372.739675260148942, 1998435.762053087353706 ], [ 3284332.305487333796918, 1999142.883895623032004 ], [ 3281960.637343544512987, 2000126.676326078362763 ], [ 3279217.021416679956019, 2002280.063657625112683 ], [ 3274587.109689958393574, 2003093.447344143874943 ], [ 3272716.630040377378464, 2004567.817378230160102 ], [ 3271614.842865464277565, 2007020.993161576567218 ], [ 3270971.727525605820119, 2009016.985370060894638 ], [ 3269868.513298946898431, 2010460.762605267576873 ], [ 3258420.029489437118173, 2014586.522897240705788 ], [ 3253967.312173896469176, 2015256.682934671640396 ], [ 3252012.629214401356876, 2016436.110018887557089 ], [ 3251443.761060014367104, 2018877.363111890852451 ], [ 3252133.244093081913888, 2021995.648927457630634 ], [ 3252279.141220588237047, 2023393.487935279030353 ], [ 3251981.28733770083636, 2024754.044043354224414 ], [ 3251223.577697011642158, 2026762.810273301787674 ], [ 3250649.375493412837386, 2029058.505477438447997 ], [ 3250652.332240682095289, 2029802.498485281830654 ], [ 3251058.382208021823317, 2031144.55262252362445 ], [ 3251034.935025345068425, 2031977.075951186940074 ], [ 3250825.452713723760098, 2032180.209019610192627 ], [ 3249623.542268022429198, 2032977.201999482698739 ], [ 3248703.74352113623172, 2034146.490043104160577 ], [ 3248141.860934963449836, 2034593.198169930838048 ], [ 3247567.842110033612698, 2034775.728727181442082 ], [ 3246344.501852017361671, 2034831.956671831198037 ], [ 3245880.19556485908106, 2035265.939171608071774 ], [ 3244487.891584990546107, 2037626.227858019061387 ], [ 3240133.780474826693535, 2042423.038487879559398 ] ] } },
{ "type": "Feature", "properties": { "featurecla": "River", "scalerank": 6.0, "rivernum": 303.0, "name": "Garonne", "name_en": "Garonne", "strokeweig": 0.3 }, "geometry": { "type": "LineString", "coordinates": [ [ 3240133.780474826693535, 2042423.038487879559398 ], [ 3239720.272326132748276, 2044246.675771602196619 ], [ 3239425.541252703405917, 2044743.602774164639413 ], [ 3238931.473049313761294, 2044889.819211658556014 ], [ 3237751.398564592935145, 2044830.692041411297396 ], [ 3237291.271863389760256, 2045030.978229531552643 ], [ 3235927.184794572182, 2046765.257219294318929 ], [ 3235869.372609441634268, 2047238.383551972452551 ], [ 3235988.832506351172924, 2047953.441405541263521 ], [ 3235951.816177886910737, 2048636.461536332033575 ], [ 3235407.966253584716469, 2049002.476989071350545 ], [ 3233555.967345855664462, 2048668.314869039924815 ], [ 3232821.428059018217027, 2049001.95768626849167 ], [ 3232712.714206344913691, 2050484.519125530961901 ], [ 3232289.056536897085607, 2051424.866920877015218 ], [ 3228733.609921619761735, 2052887.720431564841419 ], [ 3228326.752064743544906, 2054751.571808335836977 ], [ 3227988.349070286378264, 2055223.304574485868216 ], [ 3227233.674344561062753, 2055374.410436475183815 ], [ 3226523.353090523742139, 2055211.063552516978234 ], [ 3225864.957640251610428, 2054955.578573432751 ], [ 3225276.492552735842764, 2054850.129817416891456 ], [ 3220844.076358990743756, 2055460.041133650578558 ], [ 3213337.305527142249048, 2055237.477737446781248 ], [ 3211059.650743676815182, 2056140.5663502139505 ], [ 3209446.306814067997038, 2057954.557710763067007 ], [ 3204318.858662355691195, 2069897.594834796153009 ], [ 3203532.546444671228528, 2070966.517544087022543 ], [ 3199994.270621323958039, 2073389.163797698449343 ], [ 3195555.366757233627141, 2078486.862110848538578 ], [ 3194362.602391022723168, 2080826.229382283985615 ], [ 3194241.505861156154424, 2084262.692431745119393 ], [ 3193922.193273851647973, 2085838.427090558223426 ], [ 3192867.861783112864941, 2086961.050803500693291 ], [ 3191733.094285384286195, 2087864.010140425991267 ], [ 3191185.618079432751983, 2088794.333583567757159 ], [ 3191569.16261605033651, 2090247.736846261192113 ], [ 3193699.735367175657302, 2092221.303524377755821 ], [ 3194550.264461455866694, 2093849.695224903291091 ] ] } },
{ "type": "Feature", "properties": { "featurecla": "River", "scalerank": 6.0, "rivernum": 304.0, "name": "Duero", "name_en": "Douro", "strokeweig": 0.15 }, "geometry": { "type": "LineString", "coordinates": [ [ 2957531.176522973459214, 1811771.436706255888566 ], [ 2958591.477376674767584, 1809050.428806277923286 ], [ 2962847.676649774424732, 1807525.304912026505917 ], [ 2965409.414575153961778, 1806268.395253441762179 ], [ 2966066.847918826155365, 1804109.425634298939258 ], [ 2968498.664147245232016, 1801984.222161459736526 ], [ 2969664.675575024448335, 1801414.786633570212871 ], [ 2971584.55596018768847, 1801343.324107609922066 ], [ 2972982.141714930534363, 1801664.482241327874362 ], [ 2974064.662190608214587, 1801422.37252731109038 ], [ 2975028.347064014989883, 1799663.343627107329667 ], [ 2977239.77630020538345, 1798747.427039279602468 ], [ 2980819.776616315823048, 1798007.275346962036565 ], [ 2983692.485032671131194, 1796961.04407510207966 ], [ 2983745.683401199989021, 1795145.653129045385867 ], [ 2985164.965421759523451, 1794261.92755054589361 ], [ 2988577.871575130149722, 1792768.218358481768519 ], [ 2990022.733748819213361, 1791816.953124325256795 ], [ 2990640.718763667158782, 1790964.254010164644569 ], [ 2991405.667121117468923, 1789086.819233376067132 ], [ 2991721.979650184512138, 1788584.057116146199405 ], [ 2992747.540891847107559, 1788444.202656493289396 ], [ 2993908.778749532997608, 1788676.478458220139146 ], [ 2994788.681807415559888, 1788626.2524553402327 ], [ 2994975.293337934650481, 1787619.061066800262779 ], [ 2993570.412082578986883, 1783767.663656842429191 ], [ 2992950.127233701292425, 1781185.524281452642754 ], [ 2993362.533431629650295, 1779905.912380940746516 ], [ 2992792.91328810248524, 1778994.842829231638461 ], [ 2992615.133726820815355, 1777049.47479737456888 ], [ 2993270.784050068352371, 1775526.864324909634888 ], [ 2995187.272999715059996, 1775900.423778656870127 ], [ 2997172.096750099677593, 1773037.76989470445551 ], [ 2997536.004574456252158, 1772806.897642106283456 ], [ 2997453.056531568523496, 1771458.230540815973654 ], [ 2997710.651630570180714, 1770406.763784884475172 ], [ 2998274.034452199004591, 1769661.13988191797398 ], [ 2999119.518124592956156, 1769152.887220984790474 ], [ 2998266.190109915100038, 1768014.817864938406274 ], [ 2997796.279818649869412, 1767548.522373106330633 ], [ 2997092.457062353380024, 1767178.220736538991332 ], [ 2997523.047871716786176, 1766957.62613415485248 ], [ 2998064.693711653817445, 1766462.960396278183907 ], [ 2998626.992490049917251, 1766233.66447615949437 ], [ 2997994.167960066348314, 1764539.493766276864335 ], [ 2997745.33058822946623, 1764057.318638792261481 ] ] } },
{ "type": "Feature", "properties": { "featurecla": "River", "scalerank": 6.0, "rivernum": 304.0, "name": "Duero", "name_en": "Douro", "strokeweig": 0.2 }, "geometry": { "type": "LineString", "coordinates": [ [ 2997745.33058822946623, 1764057.318638792261481 ], [ 2996625.166483463719487, 1763601.346597652882338 ], [ 2992749.61341411434114, 1762953.593676577787846 ], [ 2989595.077827326022089, 1762897.967049949802458 ], [ 2988255.223782512824982, 1762096.212804896524176 ], [ 2987196.768258625175804, 1760625.494191171601415 ], [ 2986042.479871307499707, 1758595.655423495452851 ], [ 2983474.008184810634702, 1755699.317201469559222 ], [ 2980566.783363348804414, 1754663.809053139295429 ], [ 2977444.082568225450814, 1754936.32305452041328 ], [ 2969158.230724392458797, 1757674.866554619511589 ], [ 2968389.67968301102519, 1758176.862710723420605 ], [ 2967639.736819994170219, 1759472.252590235322714 ], [ 2965488.849127408582717, 1759757.546102580148727 ], [ 2961764.18811172619462, 1759707.497153432574123 ], [ 2959897.320572390686721, 1762644.746236769948155 ], [ 2958464.061233535408974, 1763582.279396277386695 ], [ 2956352.298348991665989, 1762566.856727154925466 ], [ 2954929.050382638350129, 1761605.798913943581283 ], [ 2953147.584171559661627, 1760842.68332689255476 ], [ 2951369.908928828313947, 1760356.620750352041796 ], [ 2949962.949066284578294, 1760206.654078726889566 ], [ 2946528.069170226342976, 1761043.628818186931312 ], [ 2944809.117036228533834, 1761760.724265899742022 ], [ 2944139.841623120941222, 1762437.077121155336499 ], [ 2944330.58894188888371, 1765217.080030976328999 ], [ 2943675.117664283141494, 1766195.35007979022339 ], [ 2942408.185061925090849, 1766124.764979135710746 ], [ 2939073.679743200540543, 1765332.947498233057559 ], [ 2938196.930960361845791, 1765274.254118766868487 ], [ 2937280.106907164677978, 1765546.051848929841071 ], [ 2936955.186335896141827, 1766048.627779530826956 ], [ 2936790.354518356733024, 1766845.739589143078774 ], [ 2936485.269593722186983, 1767627.590958651620895 ], [ 2935169.81519109942019, 1768528.769587401999161 ], [ 2934292.133284518960863, 1770243.134373853215948 ], [ 2933405.623520024120808, 1770758.019658718723804 ], [ 2932511.151525113265961, 1771048.241313958540559 ], [ 2932013.820003753062338, 1771487.939212915021926 ], [ 2931148.293160449713469, 1772667.431360591202974 ], [ 2927612.780326351989061, 1775932.315463135950267 ], [ 2926502.757539321668446, 1776523.910224402323365 ], [ 2921214.13420935254544, 1776708.628946670331061 ], [ 2919515.110595111735165, 1777107.157362315570936 ], [ 2918361.725455742329359, 1777923.881416854215786 ], [ 2915972.750655212439597, 1780341.136253961594775 ], [ 2914801.11890409514308, 1780986.899905876722187 ], [ 2912952.059390143025666, 1781487.812706775963306 ], [ 2911528.086739724501967, 1782188.733319300692528 ], [ 2907588.671707273460925, 1785318.575278766453266 ], [ 2906390.446255462244153, 1785944.232871819287539 ], [ 2905086.369787916075438, 1785975.236254554707557 ], [ 2903436.025342675857246, 1785272.839293552096933 ], [ 2902295.485438599251211, 1786535.622043765615672 ], [ 2901017.743357639759779, 1787492.625961432233453 ], [ 2899603.053157123737037, 1788178.921188583597541 ], [ 2894757.196952441241592, 1789217.549238533945754 ], [ 2894045.096439378336072, 1789647.2950848643668 ], [ 2893402.680483200587332, 1791204.583982571028173 ], [ 2892736.305439289659262, 1791855.152214986272156 ], [ 2891838.670458217617124, 1792090.817771480418742 ], [ 2891065.943970261141658, 1791958.054089676123112 ], [ 2890401.99368132930249, 1791726.758941204985604 ], [ 2889822.018979144282639, 1791652.32354127173312 ], [ 2887862.206922279670835, 1792657.225730368867517 ], [ 2885156.922499932348728, 1793469.098219555802643 ], [ 2883709.854328142479062, 1794241.283249171217903 ], [ 2879643.280749579425901, 1797357.804502370767295 ], [ 2878274.88351171463728, 1797792.961531629785895 ], [ 2875451.045202650129795, 1798141.378975761123002 ], [ 2874353.170222099870443, 1798107.835733628831804 ], [ 2873812.784631702117622, 1797585.029850354650989 ], [ 2873431.527683549094945, 1796805.267400697339326 ], [ 2872807.058532804250717, 1796001.770974532002583 ], [ 2865331.709582996089011, 1790713.768287651240826 ], [ 2863792.353700326755643, 1790564.151049592532218 ], [ 2857664.138235443271697, 1792433.813157447148114 ], [ 2856338.473096386529505, 1793851.074781615752727 ], [ 2855714.002584727946669, 1794317.553509583696723 ], [ 2854808.953035073820502, 1794735.917941604275256 ], [ 2854275.481944881845266, 1794804.276093193795532 ], [ 2853697.525398273952305, 1794789.523474951740354 ], [ 2846494.157036058604717, 1796683.520226999185979 ], [ 2845745.400451109744608, 1797132.293878757627681 ], [ 2844780.770436632446945, 1798247.23778093024157 ], [ 2844054.109378112014383, 1798673.047929130494595 ], [ 2843049.310580836143345, 1798815.895247417967767 ], [ 2832582.771235628053546, 1798296.968041307525709 ], [ 2827990.262552234344184, 1799504.284529889002442 ], [ 2826282.55188799276948, 1799478.853528522420675 ], [ 2822887.024930058512837, 1798290.321211886126548 ], [ 2811895.800782976672053, 1796545.180046089459211 ], [ 2808882.149526066146791, 1796530.398920030798763 ], [ 2807078.185885571874678, 1796867.533171695657074 ], [ 2802213.94863111153245, 1798636.738345907768235 ], [ 2800060.797149823047221, 1798933.405777724459767 ], [ 2798835.719386060722172, 1798641.576449675485492 ], [ 2796238.711269765160978, 1796064.864290877245367 ], [ 2793417.968425790779293, 1794354.190827841870487 ], [ 2790260.855412494391203, 1793890.435420495923609 ], [ 2780256.612917360384017, 1794938.175397566985339 ], [ 2778128.658941719215363, 1794763.451202411204576 ], [ 2776781.648419682867825, 1794351.847519238945097 ], [ 2775084.151827188674361, 1793282.072607452515513 ], [ 2773571.814880837220699, 1792891.772272384725511 ], [ 2769986.273979681544006, 1793149.669661590131 ], [ 2768022.260731241665781, 1792922.399899494834244 ], [ 2765070.033283681608737, 1791507.13757489528507 ], [ 2763606.607788579538465, 1791379.684419080847874 ], [ 2761777.219064346514642, 1790557.098719932837412 ], [ 2760691.469833203591406, 1790337.607847959036008 ], [ 2760365.171605582349002, 1790988.541997804539278 ], [ 2760216.870873750187457, 1792176.538035675417632 ], [ 2759561.148544766474515, 1793305.776335624977946 ], [ 2758324.588782478123903, 1794830.840670479694381 ], [ 2757252.61591949313879, 1797250.96224850229919 ], [ 2756739.641209795605391, 1798104.061536986846477 ], [ 2752632.793429912999272, 1802479.628220932558179 ], [ 2751638.727313440293074, 1803882.218889771495014 ], [ 2749659.122072888538241, 1803312.46171716763638 ], [ 2745279.626761492341757, 1803049.979368320666254 ], [ 2741133.767308577429503, 1803689.445039068814367 ], [ 2740160.838879735209048, 1804208.960765085648745 ], [ 2739906.631298805586994, 1805212.111275669652969 ], [ 2739769.855362054891884, 1806344.695317598991096 ], [ 2738853.473557106219232, 1806345.478259512688965 ], [ 2736563.511685576755553, 1805583.236280217766762 ], [ 2735505.526096258778125, 1805761.249420075677335 ], [ 2732848.363943919539452, 1807069.34798239544034 ], [ 2725270.36589680518955, 1808291.260716724675149 ], [ 2721637.829987396020442, 1807971.364525930956006 ], [ 2721531.559295436367393, 1807988.991341540589929 ], [ 2721167.457319690845907, 1807945.909877835772932 ], [ 2720547.885516890790313, 1807665.308417790103704 ], [ 2719631.745401250664145, 1806996.091537862084806 ], [ 2717769.240556770469993, 1804940.012409568764269 ], [ 2717074.249058516696095, 1804746.582381856162101 ], [ 2716576.907231860794127, 1805986.318342895945534 ], [ 2716235.543740474618971, 1807734.828631432261318 ], [ 2715918.930425810627639, 1808715.508422113955021 ], [ 2715536.526464114896953, 1809075.620680284686387 ], [ 2715025.239120340906084, 1808975.447559595108032 ], [ 2714407.435154611710459, 1808480.662330584600568 ], [ 2713785.960628998931497, 1807661.072404247708619 ], [ 2712612.226478094235063, 1805602.44655204564333 ], [ 2711745.168285774998367, 1803688.489365565124899 ], [ 2711155.692950679920614, 1803279.88640624191612 ], [ 2702428.16970917629078, 1807083.384582698578015 ], [ 2701960.528781544417143, 1807463.27719867695123 ], [ 2701477.796770626679063, 1808460.131011767312884 ], [ 2700819.6031260387972, 1809512.024196269456297 ], [ 2699487.648178409319371, 1810506.386777226347476 ], [ 2696845.749308131635189, 1817308.227207829942927 ], [ 2693385.714907866902649, 1822344.245501055847853 ], [ 2692318.851278426125646, 1822771.537684308364987 ], [ 2690631.768159042112529, 1822033.661053112242371 ] ] } },
{ "type": "Feature", "properties": { "featurecla": "River", "scalerank": 6.0, "rivernum": 304.0, "name": "Duero", "name_en": "Douro", "strokeweig": 0.25 }, "geometry": { "type": "LineString", "coordinates": [ [ 2690631.768159042112529, 1822033.661053112242371 ], [ 2684067.005546407774091, 1815866.184069221606478 ], [ 2681524.993759940844029, 1814152.895318391965702 ], [ 2680779.293777122162282, 1813195.07738605234772 ], [ 2680642.652586214710027, 1812348.060121495975181 ], [ 2680699.251259090844542, 1811588.163126829545945 ], [ 2680509.684299007523805, 1810896.984364377800375 ], [ 2676376.965080792084336, 1806693.153060470242053 ], [ 2676167.776275877375156, 1805788.872112572193146 ], [ 2673630.744721926748753, 1806163.41482116910629 ], [ 2672420.523049105890095, 1805987.312845693668351 ], [ 2671211.563851765356958, 1805381.626614248845726 ], [ 2671433.668260867707431, 1805277.206499801017344 ], [ 2671340.534296382218599, 1804618.575870926491916 ], [ 2671058.316741011105478, 1803820.398784462828189 ], [ 2670738.11859931377694, 1803280.877717499621212 ], [ 2670387.408124996349216, 1803251.182662206701934 ], [ 2669454.692182530649006, 1803673.581740014953539 ], [ 2669101.251054290682077, 1803650.016831368906423 ], [ 2665678.328882327768952, 1800132.571172242052853 ], [ 2662505.017847945913672, 1798076.907655562506989 ], [ 2659438.953780033625662, 1796639.860167929902673 ], [ 2654291.615736755542457, 1795661.457884515402839 ], [ 2653442.160183295141906, 1795302.74949118681252 ], [ 2648197.265777719207108, 1796419.360813760664314 ], [ 2646722.645458696875721, 1796498.582338540116325 ], [ 2645561.469638247042894, 1795670.684374000411481 ], [ 2641738.440607591066509, 1792040.743708950933069 ], [ 2640773.206271533854306, 1790596.539834486087784 ], [ 2640120.874067055527121, 1789834.521902824519202 ], [ 2636735.531665645074099, 1788068.286972017027438 ], [ 2635389.863131636753678, 1786962.603491252288222 ], [ 2634918.87338378187269, 1786295.147628574399278 ], [ 2634512.629013453610241, 1783624.637631689198315 ], [ 2633404.923099200706929, 1781859.403875838965178 ], [ 2629145.871121430769563, 1777878.004685463150963 ], [ 2627800.490454527083784, 1777037.061898277141154 ], [ 2625554.325915867462754, 1777312.537135434802622 ], [ 2620726.576251895632595, 1778906.16270943521522 ], [ 2618841.886860561557114, 1778432.362933079712093 ], [ 2617613.717148888390511, 1779040.51247039437294 ], [ 2614236.219991180114448, 1780004.357161812717095 ], [ 2608017.456494624726474, 1785261.264713546726853 ], [ 2607416.869120661634952, 1786583.197634533280507 ], [ 2607130.445022617466748, 1788169.311609846539795 ], [ 2607053.603017897345126, 1789646.074408433400095 ], [ 2607375.218687134794891, 1790573.615175677463412 ], [ 2607945.261232336983085, 1791453.519060489721596 ], [ 2608180.267224556300789, 1792188.77655391744338 ], [ 2607477.138157352805138, 1792667.953789482824504 ], [ 2606937.543934908695519, 1792931.463453036500141 ], [ 2606490.524442088790238, 1793377.673434895928949 ], [ 2606134.309560831170529, 1793911.559887954499573 ], [ 2605873.065416623372585, 1794428.516717918682843 ], [ 2606406.328454068861902, 1795046.973312345333397 ], [ 2607663.938567113131285, 1797130.300683753332123 ], [ 2606761.284508262760937, 1796917.948650193866342 ], [ 2603187.529194738715887, 1795480.166120306123048 ], [ 2602205.86680424772203, 1794553.531370353419334 ], [ 2600576.918004342354834, 1794898.336092305835336 ], [ 2598184.796743772458285, 1796248.332291641738266 ], [ 2589729.669888727366924, 1797533.446525438688695 ], [ 2587267.485246846452355, 1799049.809834414161742 ], [ 2586475.633876031264663, 1800194.373454285785556 ], [ 2584925.168897019233555, 1804241.390407882165164 ], [ 2583918.828644710592926, 1805405.235250328201801 ], [ 2582736.771984632592648, 1805716.549638448283076 ], [ 2572488.976318823173642, 1804476.703913867473602 ], [ 2568641.538177846930921, 1804857.854746024589986 ], [ 2565376.072842839173973, 1806039.264020863454789 ] ] } },
{ "type": "Feature", "properties": { "featurecla": "River", "scalerank": 6.0, "rivernum": 304.0, "name": "Duero", "name_en": "Douro", "strokeweig": 0.3 }, "geometry": { "type": "LineString", "coordinates": [ [ 2564398.296251028776169, 1806277.289074254222214 ], [ 2565171.554553732275963, 1806089.03672478091903 ], [ 2563768.257413269486278, 1806299.665381990373135 ], [ 2562446.784313953947276, 1805974.486934273969382 ], [ 2559762.508201858028769, 1804955.254783078795299 ], [ 2558304.360988730564713, 1804800.773772923042998 ], [ 2556731.921085374429822, 1804939.578448954503983 ], [ 2555220.397185022011399, 1805378.058213476091623 ], [ 2553965.756440846715122, 1806122.794487243052572 ], [ 2553151.962305118329823, 1807114.829768631607294 ], [ 2551755.351882918272167, 1809430.615755122154951 ], [ 2550784.393488168716431, 1810183.064447908196598 ], [ 2549145.396370611619204, 1810367.879948860732839 ], [ 2540215.97940806299448, 1807366.385384584078565 ], [ 2529644.401446528267115, 1806398.015030430629849 ], [ 2527322.730366888456047, 1806745.064274374395609 ], [ 2519512.485064121894538, 1809303.814000361133367 ], [ 2516741.387944314163178, 1809363.137823592405766 ], [ 2510020.598557099699974, 1808480.331792316865176 ], [ 2506227.814406876452267, 1808605.499017637921497 ], [ 2504036.371679558418691, 1808348.157110108062625 ], [ 2502228.399710818193853, 1808867.656719918362796 ], [ 2501509.038687159307301, 1811172.973089299164712 ], [ 2500964.135615540202707, 1811311.624414498452097 ], [ 2499914.319825801067054, 1809743.911539958557114 ], [ 2499208.592931620776653, 1809170.439272076357156 ], [ 2498449.681423607748002, 1809495.263692071661353 ], [ 2493604.875291428528726, 1813819.542434157337993 ], [ 2493255.943449856713414, 1815160.78687951201573 ], [ 2493043.48254526918754, 1816839.691800208762288 ], [ 2490877.756702426820993, 1819413.875456901965663 ], [ 2490523.344003995880485, 1820526.71636837744154 ], [ 2484146.197767378762364, 1822797.550509129883721 ] ] } },
{ "type": "Feature", "properties": { "featurecla": "River", "scalerank": 6.0, "rivernum": 330.0, "name": "Tisza", "name_en": "Tisza", "strokeweig": 0.2 }, "geometry": { "type": "LineString", "coordinates": [ [ 5015495.249147959984839, 2503088.553315014112741 ], [ 5016203.502140987664461, 2502986.338252023328096 ], [ 5017830.661094858311117, 2502235.186217749025673 ], [ 5018623.08479502145201, 2502141.71428610291332 ], [ 5020873.489271691069007, 2502818.427168830297887 ], [ 5021776.801816635765135, 2502760.572123967576772 ], [ 5023976.190434263087809, 2500687.466349193360656 ], [ 5023508.170719577930868, 2496950.278930440545082 ], [ 5020776.305047579109669, 2489782.272830001544207 ], [ 5019769.934444976970553, 2483863.185967391822487 ], [ 5019739.846493910998106, 2482515.032341245561838 ], [ 5019889.717688729986548, 2481014.870166812092066 ], [ 5019765.427215253002942, 2479725.861645440105349 ], [ 5019411.929813219234347, 2478600.685486647300422 ], [ 5018910.762114558368921, 2477588.467577890492976 ] ] } },
{ "type": "Feature", "properties": { "featurecla": "River", "scalerank": 6.0, "rivernum": 330.0, "name": "Tisza", "name_en": "Tisza", "strokeweig": 0.2 }, "geometry": { "type": "LineString", "coordinates": [ [ 5048696.819398021325469, 2449055.949235728941858 ], [ 5047356.217282252386212, 2447236.072278355713934 ], [ 5045143.980769343674183, 2446054.238241096958518 ], [ 5043027.331778171472251, 2443859.492768288590014 ], [ 5041484.413268554024398, 2442844.51248647691682 ], [ 5039948.379311809316278, 2442358.574365512933582 ], [ 5037161.081214389763772, 2442760.646681322716177 ], [ 5034339.247042531147599, 2442884.389487288892269 ], [ 5031485.734030677936971, 2443393.887508251704276 ], [ 5029758.41095860581845, 2444660.182415415067226 ], [ 5028614.371439213864505, 2446174.723553740885109 ], [ 5025866.070550750941038, 2448247.732384036760777 ], [ 5024279.712674313224852, 2450524.160480543039739 ], [ 5021971.670517144724727, 2452574.647831312380731 ], [ 5020596.562974232248962, 2455146.737257383298129 ], [ 5019230.397082558833063, 2456715.330326268449426 ], [ 5016310.476420179009438, 2458421.158344973344356 ], [ 5015013.337451337836683, 2458437.217327894642949 ], [ 5011949.055599408224225, 2460402.996555358637124 ], [ 5010426.643924084492028, 2460790.856938854791224 ], [ 5006710.014463982544839, 2461069.806761905550957 ], [ 5005387.746314074844122, 2461692.502928918693215 ], [ 5003133.711029320955276, 2461372.73673285311088 ], [ 4996551.520963886752725, 2457071.421449339948595 ], [ 4995031.591486567631364, 2456756.112970369402319 ], [ 4994236.883312053047121, 2458296.330298429355025 ], [ 4989918.684547167271376, 2461018.24258328275755 ], [ 4988638.754551051184535, 2461377.544959931634367 ], [ 4983751.12742717191577, 2460198.738114891573787 ], [ 4982063.941731698811054, 2460114.644134333822876 ], [ 4978951.689879440702498, 2460560.343594031408429 ], [ 4974293.525600777938962, 2460231.594029461033642 ], [ 4972896.004233023151755, 2460425.773452404886484 ], [ 4948084.899896782822907, 2473903.99795105215162 ], [ 4945369.924730910919607, 2474279.006709073204547 ], [ 4942268.522293383255601, 2473577.722965681925416 ], [ 4939387.276173596270382, 2471987.429785211570561 ], [ 4935576.089605135843158, 2467070.938299036584795 ], [ 4926856.30674166791141, 2460650.889417015947402 ], [ 4925891.757025668397546, 2460147.279116872698069 ], [ 4924578.925218082033098, 2459936.850131162907928 ], [ 4923471.009105631150305, 2460205.1985340914689 ], [ 4922459.98098227288574, 2460674.665228846948594 ], [ 4921377.995421196334064, 2460777.430401682853699 ], [ 4920076.644436096772552, 2459954.637888572644442 ], [ 4916820.319430407136679, 2462303.946128854062408 ], [ 4915179.607451679185033, 2462648.455620210152119 ], [ 4914362.675452318042517, 2461053.982723079621792 ], [ 4912814.012655217200518, 2461689.6803137389943 ], [ 4911660.636049860157073, 2461142.605246254242957 ], [ 4910599.83645305968821, 2460164.423418366815895 ], [ 4909358.637704947963357, 2459504.13509606057778 ], [ 4904249.100986340083182, 2458620.305937416851521 ], [ 4903414.54847898054868, 2457935.859134163241833 ], [ 4902108.315449431538582, 2457897.36965828249231 ], [ 4901427.380759908817708, 2457396.827580942306668 ], [ 4900822.272631835192442, 2456246.402220040559769 ], [ 4900517.302727965638041, 2455216.829197745770216 ], [ 4900015.754039856605232, 2454395.872926836833358 ], [ 4895598.215756760910153, 2452782.803850091062486 ], [ 4894021.433230066671968, 2452673.721616708673537 ], [ 4892594.67046319693327, 2453655.42016767943278 ], [ 4891639.478981076739728, 2453040.51462737377733 ], [ 4890513.650773225352168, 2453261.9557247874327 ], [ 4888455.647957195527852, 2454502.166854138020426 ], [ 4887814.797149043530226, 2455085.704682410694659 ], [ 4887408.067410499788821, 2455698.24847415369004 ], [ 4886999.498574435710907, 2456153.46629277896136 ], [ 4885878.975351328030229, 2456350.009038523770869 ], [ 4883938.676560025662184, 2457393.210205002687871 ], [ 4882733.812933848239481, 2458369.146718006115407 ], [ 4882419.093033001758158, 2459540.283041259273887 ], [ 4882439.555433256551623, 2460688.008060473948717 ], [ 4882237.729020501486957, 2461569.446256617549807 ], [ 4881349.637216543778777, 2462298.132098174653947 ], [ 4879296.3725257050246, 2463078.673579196445644 ], [ 4878358.25463670026511, 2463897.790098776109517 ], [ 4878109.860282354056835, 2464848.596108206547797 ], [ 4878163.948846579529345, 2467558.323018119670451 ], [ 4878103.247737016528845, 2468386.27140375552699 ], [ 4877378.335963612422347, 2469634.931130290962756 ], [ 4876472.836058657616377, 2470542.076153764035553 ], [ 4875489.115102015435696, 2471154.21154233859852 ], [ 4874551.054113262332976, 2471516.061510669067502 ], [ 4875044.971672616899014, 2474019.71169447619468 ], [ 4873586.585588739253581, 2483007.208736605476588 ], [ 4874091.424825903959572, 2486382.654424891341478 ], [ 4871377.165945062413812, 2487213.30327800149098 ], [ 4868903.139161194674671, 2487119.651571765076369 ], [ 4866746.369932525791228, 2485821.810074234846979 ], [ 4864925.358562381006777, 2483027.45442245574668 ], [ 4863215.17168602719903, 2477039.71990385139361 ], [ 4862149.344220655038953, 2474363.906719361897558 ], [ 4860388.518125241622329, 2472818.621490478049964 ], [ 4859709.923104749061167, 2472845.278366041369736 ], [ 4858205.487255275249481, 2473363.940832897555083 ], [ 4857408.923033791594207, 2473137.520503172650933 ], [ 4857061.286583018489182, 2472617.86316018877551 ], [ 4855245.793356649577618, 2468683.355415314435959 ], [ 4853620.281661652959883, 2466025.128881133627146 ], [ 4852731.976796682924032, 2465003.029928000178188 ], [ 4851435.6482177618891, 2464281.660069404635578 ], [ 4847011.519320036284626, 2463263.948866565711796 ], [ 4846094.504425905644894, 2462278.459981817286462 ], [ 4845010.109518660232425, 2460742.567460983525962 ], [ 4843867.648630551993847, 2459452.804182793013752 ], [ 4842740.786202937364578, 2459234.313585532363504 ], [ 4841912.227101346477866, 2458861.98508668737486 ], [ 4837055.266909282654524, 2454608.508151794783771 ], [ 4835736.94097036216408, 2454180.464289776980877 ], [ 4834346.747412826865911, 2454203.689771689474583 ], [ 4831343.938468525186181, 2455095.3939827256836 ], [ 4830134.815376350656152, 2454943.788210975937545 ], [ 4827559.209178727120161, 2454151.702056195121258 ], [ 4822973.759909821674228, 2453643.069630416110158 ], [ 4821688.490610837005079, 2453229.1820337921381 ], [ 4820748.311751073226333, 2452311.818117836955935 ], [ 4819937.922489835880697, 2450857.183181115891784 ], [ 4819349.59921950660646, 2449206.311323083005846 ], [ 4819082.337150349281728, 2447682.624349825084209 ], [ 4819223.253742463886738, 2445797.636558725498617 ], [ 4819755.689643682911992, 2444892.633766341488808 ], [ 4820406.183644159696996, 2444144.188870918005705 ], [ 4820893.391877391375601, 2442732.839051296934485 ], [ 4820681.2923370199278, 2439299.966840317007154 ], [ 4819144.594790562987328, 2437227.922338231932372 ], [ 4816860.724023186601698, 2436150.67048953473568 ], [ 4814431.452741147950292, 2435686.729309059679508 ] ] } },
{ "type": "Feature", "properties": { "featurecla": "River", "scalerank": 6.0, "rivernum": 330.0, "name": "Tisza", "name_en": "Tisza", "strokeweig": 0.15 }, "geometry": { "type": "LineString", "coordinates": [ [ 5070948.563303049653769, 2450164.310686111450195 ], [ 5069611.62982421554625, 2450641.899303360842168 ], [ 5065453.219174922443926, 2451103.574558300897479 ], [ 5061871.860210987739265, 2452970.397810359019786 ], [ 5058974.746777735650539, 2454125.603664367459714 ], [ 5055523.190166171640158, 2454244.135327976197004 ], [ 5052252.16893589310348, 2452837.625968981534243 ], [ 5049797.954884608276188, 2450552.748765206430107 ], [ 5048696.819398021325469, 2449055.949235728941858 ] ] } },
{ "type": "Feature", "properties": { "featurecla": "River", "scalerank": 6.0, "rivernum": 330.0, "name": "Tisza", "name_en": "Tisza", "strokeweig": 0.2 }, "geometry": { "type": "LineString", "coordinates": [ [ 5018910.762114558368921, 2477588.467577890492976 ], [ 5017215.728727294132113, 2474883.999671451747417 ], [ 5016521.068320994265378, 2473331.892961779143661 ], [ 5016190.818453496322036, 2471802.632758527062833 ], [ 5016248.761828977614641, 2469990.58798851352185 ], [ 5016630.64276718813926, 2467599.819643492810428 ], [ 5016897.884831606410444, 2467055.541071483399719 ], [ 5017324.099829069338739, 2466617.016520593781024 ], [ 5017786.934870027936995, 2465990.457603118848056 ], [ 5018160.007405345328152, 2464902.637188921216875 ], [ 5018175.396289886906743, 2463862.909053156152368 ], [ 5017479.525917829014361, 2462489.81747527141124 ], [ 5017281.86864862870425, 2461435.484859700314701 ], [ 5017314.766313337720931, 2461080.942352266982198 ], [ 5017574.479063807055354, 2459928.258828092832118 ], [ 5016310.476420179009438, 2458421.158344973344356 ] ] } },
{ "type": "Feature", "properties": { "featurecla": "River", "scalerank": 6.0, "rivernum": 330.0, "name": "Tisza", "name_en": "Tisza", "strokeweig": 0.25 }, "geometry": { "type": "MultiLineString", "coordinates": [ [ [ 4814960.338512676768005, 2435768.557325317524374 ], [ 4811587.446594138629735, 2435000.693800528533757 ], [ 4810534.146725139580667, 2435085.423880967777222 ], [ 4809567.895208714529872, 2435693.536680737510324 ], [ 4808786.70115402713418, 2436489.520274844951928 ], [ 4807950.118250442668796, 2436998.294358049053699 ], [ 4806796.669359345920384, 2436741.749825576785952 ], [ 4806380.142123313620687, 2436160.217446952592582 ], [ 4806283.39552360214293, 2435396.703484397381544 ], [ 4806095.030198181979358, 2434696.164850778412074 ], [ 4805425.220097769983113, 2434301.652436908800155 ], [ 4803671.094724489375949, 2434126.634602559730411 ], [ 4803190.696265492588282, 2433960.44357160339132 ], [ 4800397.566288496367633, 2431411.687418393790722 ], [ 4799740.005880390293896, 2430462.42919656354934 ], [ 4799459.560845916159451, 2429092.657726712524891 ], [ 4799417.102499895729125, 2425303.605286108329892 ], [ 4799255.632015747018158, 2423779.368148440960795 ], [ 4798810.67518656514585, 2422782.948121373541653 ], [ 4796883.262055258266628, 2419643.56606731377542 ], [ 4796461.218507016077638, 2418181.100038464181125 ], [ 4796530.131382456980646, 2417368.657546205911785 ], [ 4796856.150956374593079, 2416390.588611258193851 ], [ 4797170.236516330391169, 2414425.950760337524116 ], [ 4797207.145983495749533, 2412711.482436964288354 ], [ 4796902.41766691301018, 2411816.162910431157798 ], [ 4795628.563533416949213, 2410723.434134796261787 ] ], [ [ 4795628.563533416949213, 2410723.434134796261787 ], [ 4795281.312713120132685, 2410425.557828770950437 ], [ 4795606.272027624770999, 2411283.963672839105129 ], [ 4795628.563533416949213, 2410723.434134796261787 ] ], [ [ 4795628.563533416949213, 2410723.434134796261787 ], [ 4795657.687360785901546, 2409991.102920687291771 ], [ 4796538.170585662126541, 2406824.211909201461822 ], [ 4796625.297216579318047, 2406173.726955097634345 ], [ 4792797.454198455438018, 2404856.129486897494644 ], [ 4792893.405947879888117, 2404047.720755676273257 ], [ 4791682.953822639770806, 2400411.142676619812846 ], [ 4791319.06200688611716, 2399778.23472925554961 ], [ 4791018.547208089381456, 2398671.789888754021376 ], [ 4787968.052124187350273, 2394491.721964259631932 ], [ 4780850.359167899005115, 2392696.852308158297092 ], [ 4779678.092633925378323, 2391967.386436890345067 ], [ 4779360.14523867610842, 2391130.058908429928124 ], [ 4779171.417055804282427, 2390046.400819124188274 ], [ 4778411.143684411421418, 2388555.298993742559105 ], [ 4776381.0392358424142, 2387356.239479095675051 ], [ 4775743.715107129886746, 2386562.787415069062263 ], [ 4776367.838928727433085, 2385359.255209567956626 ], [ 4776220.544940638355911, 2384647.966132909990847 ], [ 4776057.392424740828574, 2384167.834450739435852 ], [ 4775745.065382234752178, 2383849.003137908875942 ], [ 4775113.940102590247989, 2383624.324228257872164 ], [ 4775210.494228033348918, 2382961.899034866597503 ], [ 4775054.212668995372951, 2381029.005380360409617 ], [ 4763543.547149177640676, 2370559.717719632200897 ], [ 4763022.390465353615582, 2369604.578066969290376 ], [ 4762953.791341157630086, 2367319.191838891245425 ], [ 4762115.170908677391708, 2366265.756830228026956 ], [ 4759614.446602356620133, 2365007.462840285617858 ], [ 4759284.988034090958536, 2364541.56804094882682 ], [ 4758558.574515277519822, 2363197.177729019895196 ], [ 4757959.538319709710777, 2362549.891807873733342 ], [ 4755859.127810111269355, 2361549.408492462243885 ], [ 4755369.197857604362071, 2361069.067512867506593 ], [ 4755056.998528600670397, 2359075.921434443909675 ], [ 4756251.341383289545774, 2358600.473666967824101 ], [ 4758082.877406475134194, 2358509.985004507005215 ], [ 4759662.382268650457263, 2357660.253826429136097 ], [ 4760681.218726245686412, 2353967.536696691066027 ], [ 4760786.817727799527347, 2353478.646046215202659 ], [ 4760846.454029125161469, 2352298.949579311534762 ], [ 4760981.861124311573803, 2351854.075035138987005 ], [ 4761329.92891737818718, 2351638.3760473751463 ], [ 4762416.718618726357818, 2351275.948449966497719 ], [ 4762672.901425777934492, 2350946.438867088407278 ], [ 4762999.890901880338788, 2348905.638700835872442 ], [ 4763101.594564586877823, 2347103.239593951031566 ], [ 4762576.903164210729301, 2345590.892527000512928 ], [ 4761046.034782169386744, 2344370.579800078179687 ], [ 4759584.384204206988215, 2343778.565860033035278 ], [ 4758170.824898174032569, 2343559.782693681772798 ], [ 4756757.46838092058897, 2343927.501921914052218 ], [ 4755333.698749084956944, 2345113.522155674640089 ], [ 4754964.226863182149827, 2344226.097226734738797 ], [ 4754587.366384394466877, 2342595.152173917274922 ], [ 4754318.533422777429223, 2341939.424951072782278 ], [ 4753780.106485940515995, 2341402.256696801632643 ], [ 4752425.741225739009678, 2340501.304621648043394 ], [ 4751827.94727251585573, 2339741.254826573189348 ], [ 4751455.244272446259856, 2338662.808514619711787 ], [ 4751366.193096281029284, 2337828.310230853036046 ], [ 4751087.51328662596643, 2337237.731221216265112 ], [ 4749337.851519849151373, 2336568.787554261274636 ], [ 4749114.594259039498866, 2335967.526636496651918 ], [ 4749071.891599217429757, 2335237.691683929879218 ], [ 4748743.261566849425435, 2334483.867992372252047 ], [ 4744331.786348619498312, 2331232.271929965354502 ], [ 4743852.234435508958995, 2329654.614734528586268 ], [ 4743750.526698551140726, 2327514.218231838196516 ], [ 4744019.537830331362784, 2326695.085957921575755 ], [ 4745050.184550738893449, 2326493.179063191637397 ], [ 4746068.115704664960504, 2326462.034325458109379 ], [ 4746266.280588862486184, 2326025.536887755617499 ], [ 4746115.116275353357196, 2325288.656581690069288 ], [ 4746099.238785632885993, 2324411.465607301332057 ], [ 4746695.831944117322564, 2320503.697944902814925 ], [ 4747474.668270231224597, 2318548.85348966345191 ], [ 4748600.011924318037927, 2319190.507464805617929 ], [ 4749861.382768695242703, 2320233.240470737684518 ], [ 4751705.645652298815548, 2320525.03343841386959 ], [ 4753354.101802824065089, 2320066.0461645135656 ], [ 4754015.24139538872987, 2318840.545653730165213 ], [ 4753177.253259167075157, 2318038.990968950092793 ], [ 4749866.793867762200534, 2317253.344637754838914 ], [ 4748696.035598705522716, 2315578.908660381566733 ], [ 4742489.203918854705989, 2309475.264518547803164 ], [ 4742160.217853840440512, 2308568.261038756463677 ], [ 4742736.387354548089206, 2307759.341789912898093 ], [ 4743843.34563716314733, 2307553.931884737219661 ], [ 4745057.164649370126426, 2307522.590250201523304 ], [ 4745935.150193642824888, 2307267.3968745325692 ], [ 4746027.262615732848644, 2306601.295595883857459 ], [ 4743369.695918986573815, 2301708.218361003790051 ], [ 4742458.30513718444854, 2300853.64991004858166 ], [ 4741120.044259898364544, 2300669.837568615563214 ], [ 4739845.2252182867378, 2300235.217615103814751 ], [ 4738892.682672528550029, 2299224.584303854964674 ], [ 4738575.856224857270718, 2297285.559552546590567 ], [ 4738944.430218750610948, 2295307.636988156009465 ], [ 4740474.209963608533144, 2292772.633053697180003 ], [ 4741060.63423097319901, 2290617.651690491009504 ], [ 4741443.046403769403696, 2290219.26058212062344 ], [ 4742187.432547689415514, 2290050.835012579336762 ], [ 4742956.884874316863716, 2289673.803519168868661 ], [ 4743413.846097517758608, 2288681.140288167633116 ], [ 4743800.797696330584586, 2287456.11033496260643 ], [ 4744398.252221262082458, 2286954.807306492235512 ], [ 4745071.990263284184039, 2286747.80696319276467 ], [ 4746054.31764510832727, 2286233.321695092599839 ], [ 4746986.576127784326673, 2286083.371186673175544 ], [ 4747350.585981821641326, 2285955.902417032513767 ], [ 4747473.547053687274456, 2285540.574191024992615 ], [ 4747561.953394334763288, 2284027.784082274883986 ], [ 4747670.243325039744377, 2283639.596606818027794 ], [ 4748398.17796257417649, 2283519.967974449507892 ], [ 4750927.916859203018248, 2284090.163742260076106 ], [ 4751793.446151602081954, 2283637.2767782965675 ], [ 4752304.070034300908446, 2282456.168405572883785 ], [ 4752617.137515417300165, 2281252.936703727580607 ], [ 4752927.65564068313688, 2280725.754577569197863 ], [ 4753722.261425053700805, 2280472.769604614004493 ], [ 4753653.849432805553079, 2279651.543384622316808 ], [ 4753223.811032952740788, 2278803.947280159685761 ], [ 4752989.489559652283788, 2278439.824298001825809 ], [ 4751063.126047951169312, 2273040.00359417963773 ], [ 4750895.758117924444377, 2270205.085195408202708 ], [ 4750605.170326385647058, 2269793.551655486691743 ], [ 4750329.994165911339223, 2269270.105287541635334 ], [ 4750337.413972903043032, 2268024.399450311437249 ], [ 4750620.154051383025944, 2267116.454337769187987 ], [ 4751088.947165756486356, 2266425.207451692782342 ], [ 4751671.688802505843341, 2265784.222123033367097 ], [ 4752251.37676068674773, 2264981.031551487743855 ], [ 4753887.226405370980501, 2260758.618673889897764 ], [ 4754257.167921447195113, 2260072.349321505986154 ], [ 4755751.695555822923779, 2259470.513707300648093 ], [ 4756115.184112119488418, 2257645.196079773828387 ], [ 4755875.485069951973855, 2253955.759546767920256 ], [ 4756279.155327141284943, 2251443.38183459918946 ], [ 4757040.89139364939183, 2249261.904078788589686 ], [ 4757633.698059399612248, 2246844.6618194100447 ], [ 4758159.780370661988854, 2245782.036874275654554 ], [ 4759162.494021129794419, 2245098.846376563422382 ], [ 4759061.816804552450776, 2243312.193950540851802 ], [ 4759707.287193295545876, 2241791.180924279149622 ], [ 4760543.469019142910838, 2240408.191696634050459 ], [ 4761070.601638128049672, 2239053.84035535948351 ], [ 4760697.533691640011966, 2237452.003649674355984 ], [ 4759419.663507774472237, 2236239.258045131806284 ], [ 4757739.591632451862097, 2235427.552561927121133 ] ] ] } },
{ "type": "Feature", "properties": { "featurecla": "River", "scalerank": 6.0, "rivernum": 352.0, "name": "Soroksari Duna", "name_en": "Ráckeve-Soroksár Danube", "strokeweig": 0.25 }, "geometry": { "type": "LineString", "coordinates": [ [ 4659189.719296115450561, 2354028.400927287526429 ], [ 4660022.736726173199713, 2353528.007184701040387 ], [ 4660951.424578434787691, 2352690.341933300253004 ], [ 4661654.606318641453981, 2351414.843924309127033 ], [ 4662811.503412403166294, 2348303.946822030935436 ], [ 4663037.072139355354011, 2347207.478590800892562 ], [ 4662916.821111963130534, 2346147.553187541663647 ], [ 4656612.366843856871128, 2333077.895907106809318 ], [ 4655132.086673744954169, 2327796.724468471948057 ], [ 4654703.845126968808472, 2325099.107123562134802 ], [ 4654776.13937237020582, 2321483.610700531397015 ], [ 4655762.336413658224046, 2318481.940950474701822 ], [ 4657458.91374834254384, 2315969.084194584749639 ], [ 4659606.329328988678753, 2313858.307660848367959 ], [ 4657456.673040532507002, 2312079.516124746296555 ], [ 4656928.155720059759915, 2311374.788374623283744 ], [ 4656656.225661995820701, 2310402.402042533271015 ], [ 4656711.565276758745313, 2309443.427667852025479 ], [ 4657221.208399468101561, 2308732.93860169686377 ], [ 4658278.143524187617004, 2308517.886784826871008 ], [ 4658249.508100283332169, 2307863.495838673319668 ], [ 4658105.644229565747082, 2307263.838060787413269 ], [ 4658010.702506913803518, 2306262.679734488483518 ] ] } },
{ "type": "Feature", "properties": { "featurecla": "River", "scalerank": 6.0, "rivernum": 353.0, "name": "Ferenc Csatorna", "name_en": "Ferenc Csatorna", "strokeweig": 0.25 }, "geometry": { "type": "LineString", "coordinates": [ [ 4664989.569469806738198, 2216260.222885708324611 ], [ 4666841.642595811747015, 2214639.298648349940777 ], [ 4667268.649698496796191, 2212397.83404087414965 ], [ 4666921.880455614998937, 2210192.052850873209536 ], [ 4665992.359863078221679, 2209112.628606305923313 ], [ 4664430.98956036940217, 2208168.792324413079768 ], [ 4664167.937107947655022, 2206322.969711604062468 ], [ 4664701.587554260157049, 2204194.729949153959751 ], [ 4665517.489797482267022, 2202386.626475611701608 ], [ 4666690.50543165486306, 2200404.639582409523427 ], [ 4667202.12381792999804, 2199288.067268883809447 ], [ 4667279.847332628443837, 2198494.976075826212764 ], [ 4665985.057902613654733, 2195869.693887986708432 ], [ 4665806.982872653752565, 2195358.173002999741584 ], [ 4665745.635482202284038, 2193483.506830959115177 ], [ 4665575.5048788189888, 2191926.752798045054078 ], [ 4665949.585569434799254, 2190573.461778202094138 ], [ 4667617.109616776928306, 2189313.092414337676018 ], [ 4667380.945856567472219, 2188516.339724316261709 ], [ 4667352.736689003184438, 2187924.886507717426866 ], [ 4667549.279121605679393, 2187278.521098191384226 ], [ 4667979.143654259853065, 2186323.998993845656514 ], [ 4666798.261289490386844, 2185325.5236008875072 ], [ 4666270.971884001977742, 2184700.256839631590992 ], [ 4665691.697588078677654, 2183830.385004394687712 ], [ 4667388.966330063529313, 2182795.721108722034842 ], [ 4668271.588806414976716, 2182015.1121511971578 ], [ 4668597.950837940908968, 2181214.886894462630153 ], [ 4668135.469583512283862, 2180448.947526496369392 ], [ 4667222.48327149823308, 2180131.914315853267908 ], [ 4664867.363385943695903, 2179617.366498842835426 ] ] } },
{ "type": "Feature", "properties": { "featurecla": "River", "scalerank": 6.0, "rivernum": 359.0, "name": "Göta älv", "name_en": "Göta älv", "strokeweig": 0.25 }, "geometry": { "type": "LineString", "coordinates": [ [ 4133115.615991605445743, 3489719.247007373254746 ], [ 4134028.912254794500768, 3488157.384025686886162 ], [ 4133275.106150419916958, 3486701.788997759111226 ], [ 4130768.008343604858965, 3484123.283476612530649 ], [ 4128698.907441488467157, 3480626.781548547092825 ], [ 4123056.5057736299932, 3473554.197067705914378 ], [ 4122095.630692722275853, 3471970.720938639715314 ], [ 4121197.300349475350231, 3469936.195033725816756 ], [ 4120755.410863042343408, 3468259.450534571427852 ], [ 4120593.165590812917799, 3466288.719243151135743 ], [ 4120549.314989793580025, 3463399.426051375456154 ], [ 4120424.336090470664203, 3462865.978737501427531 ], [ 4119952.413507702760398, 3461514.648483781144023 ], [ 4119859.642867512535304, 3461027.195110344793648 ], [ 4120012.478360239882022, 3460581.134219569619745 ], [ 4120540.362366363406181, 3459769.528983948752284 ], [ 4120656.391174787655473, 3459635.066593608353287 ], [ 4121462.319818352349102, 3456272.442968285176903 ], [ 4121579.888594781979918, 3454813.556571068242192 ], [ 4121538.050217356998473, 3453625.641612536273897 ], [ 4121381.582838265225291, 3452415.943453551735729 ], [ 4121104.409767134580761, 3451295.552570866420865 ], [ 4120737.91255298210308, 3450344.838432090822607 ], [ 4120655.380868704989552, 3449587.632596896961331 ], [ 4121072.074694579467177, 3447493.873775476124138 ], [ 4121037.330132813192904, 3446242.815370259806514 ], [ 4120269.079343640245497, 3444849.183040543925017 ], [ 4117754.457687170710415, 3442337.240436163730919 ], [ 4117254.444490043912083, 3440549.248602207750082 ], [ 4116946.45082917297259, 3438732.241888653021306 ], [ 4116149.182646042201668, 3436645.155202960595489 ], [ 4115179.373897845391184, 3434752.247313305269927 ], [ 4114330.786570726893842, 3433463.891514242161065 ], [ 4113096.812310273293406, 3432636.77192233549431 ], [ 4110149.816261204425246, 3431765.499128081835806 ], [ 4109039.155217135790735, 3430704.54200740903616 ], [ 4108714.19000582722947, 3429936.49841149058193 ], [ 4108178.428220808040351, 3428228.713468578644097 ], [ 4107698.809994984883815, 3427303.358149295207113 ], [ 4107216.833687774371356, 3426801.541194014251232 ], [ 4105982.626491793431342, 3425852.267145753838122 ], [ 4104805.153132007922977, 3424642.733725743368268 ] ] } },
{ "type": "Feature", "properties": { "featurecla": "River", "scalerank": 6.0, "rivernum": 363.0, "name": "Tisa", "name_en": "Tisza", "strokeweig": 0.25 }, "geometry": { "type": "LineString", "coordinates": [ [ 4757739.591632451862097, 2235427.552561927121133 ], [ 4756155.68942835368216, 2235035.727386204525828 ], [ 4755228.012557493522763, 2234156.52197613241151 ], [ 4754561.940859162248671, 2232313.208886812906712 ], [ 4753659.914764422923326, 2228755.148080290760845 ], [ 4751567.094692249782383, 2225479.542069897055626 ], [ 4750671.148078869096935, 2223409.011908792890608 ], [ 4750616.496787996962667, 2220846.204687266610563 ] ] } },
{ "type": "Feature", "properties": { "featurecla": "River", "scalerank": 6.0, "rivernum": 363.0, "name": "Tisa", "name_en": "Tisza", "strokeweig": 0.3 }, "geometry": { "type": "LineString", "coordinates": [ [ 4750616.496787996962667, 2220846.204687266610563 ], [ 4751186.078275738283992, 2219597.457101787440479 ], [ 4750993.302499427460134, 2218310.589749532751739 ], [ 4750365.897242704406381, 2217149.997908648103476 ], [ 4749648.986986722797155, 2216263.855012708809227 ], [ 4753249.604813638143241, 2213705.258132716175169 ], [ 4753850.631385776214302, 2212691.727654474321753 ], [ 4753736.007995543070138, 2210969.513110736384988 ], [ 4753012.261243316344917, 2209697.178661122452468 ], [ 4751922.206727724522352, 2208963.975780691485852 ], [ 4750662.93910114467144, 2208844.803400386590511 ], [ 4751468.794526632875204, 2207548.462988520041108 ], [ 4752446.049896568059921, 2206758.655840583145618 ], [ 4753590.121685990132391, 2206427.108048796188086 ], [ 4754935.467663580551744, 2206463.147752859629691 ], [ 4755423.473128545098007, 2205954.263412262313068 ], [ 4755840.965229891240597, 2204586.360903527121991 ], [ 4756422.111658401787281, 2201167.940010490827262 ], [ 4756993.962969843298197, 2199972.509255866985768 ], [ 4759127.337092185392976, 2197665.003830436151475 ], [ 4759716.124172880314291, 2196352.555063844192773 ], [ 4759339.222483637742698, 2194999.773709453642368 ], [ 4757090.914208615198731, 2193203.657882917672396 ], [ 4756666.486848215572536, 2192189.705552627332509 ], [ 4757388.911465791985393, 2190900.615303029306233 ], [ 4758766.818477904424071, 2190054.832963986787945 ], [ 4760247.475938132964075, 2189409.331899056211114 ], [ 4761290.295012407936156, 2188711.650051765143871 ], [ 4762180.042615198530257, 2187108.831388121470809 ], [ 4762289.719504252076149, 2185777.875247237272561 ], [ 4762235.443683261983097, 2184288.833911824971437 ], [ 4762662.717335025779903, 2182218.444309406913817 ], [ 4763336.72568204626441, 2181241.561354622244835 ], [ 4764019.587845182977617, 2180658.928548574447632 ], [ 4764153.425772488117218, 2179960.512979856692255 ], [ 4763157.046546045690775, 2178641.106739367824048 ], [ 4762333.329495084472001, 2178142.334174388553947 ], [ 4760053.567547407001257, 2177196.240500204730779 ], [ 4759286.320193495601416, 2176554.408110343851149 ], [ 4760196.588771059177816, 2174263.382545033004135 ], [ 4760873.990840112790465, 2172126.171719319187105 ], [ 4760959.282833633944392, 2169801.225001404993236 ], [ 4760132.685069531202316, 2166952.588985124602914 ], [ 4758764.196280909702182, 2164839.718677501194179 ], [ 4758773.806701661087573, 2164089.578734065406024 ], [ 4760259.165853625163436, 2163995.909985048696399 ], [ 4762417.592540095560253, 2164430.769417664036155 ], [ 4763258.107100975699723, 2164148.223654262721539 ], [ 4763753.449495115317404, 2162989.59539583325386 ], [ 4763522.123113774694502, 2162368.135600886773318 ], [ 4762923.383459475822747, 2161488.934135210700333 ], [ 4762362.292140211910009, 2160280.382209925912321 ], [ 4762266.844082871451974, 2158668.528030192479491 ], [ 4762747.420179284177721, 2157481.125449578743428 ], [ 4763644.709142547100782, 2156467.950824765488505 ], [ 4771573.650364825502038, 2150871.412002268247306 ], [ 4773660.089677141979337, 2148696.41614281386137 ], [ 4772277.320349089801311, 2143304.740514364559203 ], [ 4773445.922464800998569, 2141766.836295475717634 ], [ 4776356.724777478724718, 2139560.602306259796023 ], [ 4777756.498441108502448, 2138124.60497330268845 ], [ 4777072.87817179877311, 2137330.218211629427969 ], [ 4776725.751053970307112, 2136245.420328926760703 ], [ 4776489.791519145481288, 2135115.041577174793929 ], [ 4776161.703863154165447, 2134187.070050768088549 ], [ 4777684.532734661363065, 2132278.976005387026817 ], [ 4781808.497870393097401, 2129762.786800256930292 ], [ 4782955.117259100079536, 2127265.896181820426136 ], [ 4783844.471671722829342, 2124679.695715367794037 ], [ 4783893.362552210688591, 2123208.669663338456303 ], [ 4781979.389534657821059, 2121632.302781195379794 ], [ 4781803.305833455175161, 2120071.290259208995849 ], [ 4781875.377154308371246, 2118348.322881470434368 ], [ 4781753.591209412552416, 2117068.669459970667958 ] ] } },
{ "type": "Feature", "properties": { "featurecla": "River", "scalerank": 5.0, "rivernum": 155.0, "name": "Ebro", "name_en": "Ebro", "strokeweig": 0.2 }, "geometry": { "type": "LineString", "coordinates": [ [ 2870700.22143470402807, 1942749.776234464719892 ], [ 2873296.536667391192168, 1942408.16227454226464 ], [ 2875485.507453164085746, 1942712.605936761014163 ], [ 2877270.613416674546897, 1942568.902021009474993 ], [ 2878416.481013423763216, 1941861.087384812068194 ], [ 2879971.818209915887564, 1940312.141287554521114 ], [ 2880892.486094269901514, 1939845.216308615636081 ], [ 2881989.76312005892396, 1939616.043894259026274 ], [ 2884151.826224614400417, 1939622.184290762059391 ], [ 2884569.339371426496655, 1939554.799854776822031 ], [ 2885455.7026949506253, 1939154.521471869666129 ], [ 2886859.547945510596037, 1938753.98942746873945 ], [ 2887862.714086265303195, 1938118.966330114053562 ], [ 2888711.335319858975708, 1937193.712679286021739 ], [ 2889213.105161895975471, 1936066.340862266020849 ], [ 2889351.57499844301492, 1934446.566037026233971 ], [ 2889479.760341953486204, 1933932.10631762817502 ], [ 2890185.709471446461976, 1932496.452364087104797 ], [ 2890380.459443932399154, 1931988.057065613102168 ], [ 2890471.977330560330302, 1931230.415389458183199 ], [ 2890384.465300638228655, 1930466.826838220935315 ], [ 2888262.860161814838648, 1924456.167189262341708 ], [ 2887872.855795097537339, 1922902.831476128194481 ], [ 2887720.953185866121203, 1920240.405821645166725 ], [ 2888422.453235535882413, 1919149.943555602803826 ], [ 2889581.183228050358593, 1918375.535974552156404 ], [ 2890795.126634668558836, 1916627.254007404670119 ], [ 2891928.076695892494172, 1916149.061660858336836 ], [ 2893754.710075552109629, 1916727.986758436774835 ], [ 2896437.707633099518716, 1918185.340568941552192 ], [ 2899393.189532937016338, 1918773.758881240151823 ], [ 2902899.118766823783517, 1918597.218014211393893 ], [ 2906254.585242372471839, 1917628.073428425937891 ], [ 2908772.181249798741192, 1915845.291118259774521 ], [ 2910657.389672017190605, 1912525.939409376587719 ], [ 2912025.768931100144982, 1911461.700873228954151 ], [ 2913911.093390819616616, 1912242.730125313159078 ], [ 2914369.33054666640237, 1913186.836651749676093 ], [ 2914555.270916447974741, 1914536.997278042836115 ], [ 2914462.968600878491998, 1915764.516537975985557 ], [ 2914102.584194839000702, 1916343.121335079660639 ], [ 2913651.321292504202574, 1916890.416050917934626 ], [ 2914425.993110599927604, 1917707.745357751846313 ], [ 2915486.545251676812768, 1918320.909712974447757 ], [ 2915868.762969615869224, 1918270.757735946215689 ], [ 2916515.572509059682488, 1920117.899719633162022 ], [ 2916609.054076939821243, 1921165.206155996304005 ], [ 2916930.341177973896265, 1921782.598011969355866 ], [ 2918240.100304171442986, 1922338.559318820480257 ], [ 2919200.000824650283903, 1922293.395121860317886 ], [ 2923857.01895876834169, 1920456.615659096511081 ], [ 2924697.248332377057523, 1919768.000437225215137 ], [ 2925116.341290954034775, 1918641.669113852083683 ], [ 2925027.065850296057761, 1916970.033215020783246 ], [ 2925281.465137262828648, 1915465.703735162038356 ], [ 2926339.517428330145776, 1914314.945774355437607 ], [ 2928729.906758437864482, 1912804.8081572833471 ] ] } },
{ "type": "Feature", "properties": { "featurecla": "River", "scalerank": 5.0, "rivernum": 155.0, "name": "Ebro", "name_en": "Ebro", "strokeweig": 0.2 }, "geometry": { "type": "LineString", "coordinates": [ [ 3057582.747161742299795, 1823543.993730064015836 ], [ 3054087.262311432510614, 1826357.308031164575368 ], [ 3052448.0688500944525, 1828417.566514494596049 ], [ 3051792.984177075326443, 1829046.042495877249166 ], [ 3051282.722314591519535, 1829190.114694650284946 ], [ 3050021.487846530973911, 1829171.506090993992984 ], [ 3049569.582841935567558, 1829405.485120375175029 ], [ 3049310.032845133449882, 1830163.304161999374628 ], [ 3049425.998388043604791, 1831002.405556642916054 ], [ 3049617.495179884135723, 1831791.730613108724356 ], [ 3049549.356696671806276, 1832403.261143109062687 ], [ 3046899.511771968565881, 1835079.618475909344852 ], [ 3042094.577307660598308, 1843294.248262093868107 ], [ 3037681.068510767072439, 1844012.278554388787597 ], [ 3035950.059614364989102, 1844967.273245630785823 ], [ 3035123.366361330263317, 1846824.866419339785352 ], [ 3035540.344445284456015, 1847040.379805862437934 ], [ 3036017.04534843377769, 1847642.905965631594881 ], [ 3036492.808304370380938, 1848095.454886146821082 ], [ 3035056.141726158559322, 1849887.253669039346278 ], [ 3032852.43119444232434, 1850540.67153085116297 ], [ 3027482.034320619888604, 1851020.613113344181329 ], [ 3025965.652099456638098, 1851433.800021590897813 ], [ 3024876.79677904676646, 1852004.08938538748771 ], [ 3024026.87289817025885, 1852910.217925925273448 ], [ 3023295.421807205770165, 1854381.39452208718285 ], [ 3022742.967549795284867, 1855162.990299921482801 ], [ 3020700.866181482560933, 1857148.873924155719578 ], [ 3019923.960738128051162, 1857606.334888482000679 ], [ 3014668.339812875725329, 1857733.704620694974437 ], [ 3011623.78123240545392, 1859527.57995057431981 ], [ 3008335.534567798487842, 1860602.688283699098974 ], [ 3005719.034503489732742, 1861911.518953702179715 ], [ 3003614.391909399069846, 1863679.01008712593466 ], [ 3003151.98654676694423, 1865689.927064603194594 ], [ 3002390.175811415538192, 1865551.776796997524798 ], [ 3001732.073167922906578, 1865208.137577190063894 ], [ 3001144.561263253446668, 1864651.212732570245862 ], [ 3000619.013099923264235, 1863877.077910283114761 ], [ 3000765.789927947800606, 1863621.167191302869469 ], [ 3000847.950001804158092, 1863521.231422791490331 ], [ 3000918.526260169222951, 1863388.393481419654563 ], [ 3001034.142891267780215, 1863054.634659252827987 ], [ 2999519.928459030110389, 1863533.984686436364427 ], [ 2998223.061615123413503, 1863589.9930738680996 ], [ 2997050.080679263919592, 1863211.683229045942426 ], [ 2995934.038041797466576, 1862426.546946725808084 ], [ 2996080.102943957783282, 1864084.27653296943754 ], [ 2995398.042737361509353, 1864805.513599132886156 ], [ 2994511.340467921458185, 1864891.101990412455052 ], [ 2994037.76289626210928, 1864631.829696129541844 ], [ 2993417.185856677591801, 1864073.151110543869436 ], [ 2992383.840487147215754, 1864782.911394834285602 ], [ 2989967.715314023196697, 1867460.774823802057654 ], [ 2989303.331105663441122, 1867991.915417792275548 ], [ 2988692.767370891757309, 1868191.688498728442937 ], [ 2987788.557591771241277, 1868335.101254823617637 ], [ 2986796.570707217790186, 1868681.822922413237393 ], [ 2985973.985737419687212, 1869294.5796740334481 ], [ 2985685.596469150856137, 1870056.149380048038438 ], [ 2986280.499387256801128, 1870852.018680982291698 ], [ 2986418.676024997606874, 1871646.763305288273841 ], [ 2983679.838113004807383, 1872123.608576986473054 ], [ 2984345.672171311452985, 1873712.281183866783977 ], [ 2984585.279203358106315, 1874153.7439180908259 ], [ 2983490.157091239001602, 1874164.808172878576443 ], [ 2981020.204903576523066, 1874937.178911700379103 ], [ 2979953.169449044391513, 1874621.814164212904871 ], [ 2979370.542711059562862, 1874546.63204884249717 ], [ 2978794.759445154573768, 1875031.470784446690232 ], [ 2978455.308036535046995, 1875743.435515817254782 ], [ 2978567.412265717051923, 1876360.118810105137527 ], [ 2979699.130698328837752, 1877249.149347862927243 ], [ 2979961.345437213778496, 1877772.397290671709925 ], [ 2979852.025558843277395, 1878801.02296930225566 ], [ 2978650.735296507366002, 1878305.501225900370628 ], [ 2978317.582986854016781, 1879209.686165907420218 ], [ 2978440.589445516467094, 1880611.067657850217074 ], [ 2978636.528187159914523, 1881637.170293975621462 ], [ 2978509.897651466540992, 1882948.071182593004778 ], [ 2977843.897024327889085, 1884120.140473354840651 ], [ 2973453.988010004162788, 1889334.192512437235564 ], [ 2971612.463248739950359, 1890599.516279815230519 ], [ 2970063.877519798465073, 1893446.131695084273815 ], [ 2968952.818334466777742, 1894233.998550638090819 ], [ 2967640.699031916446984, 1895581.480016288114712 ], [ 2965798.203487450256944, 1898057.651151211000979 ], [ 2963520.193964904174209, 1899847.068280189065263 ], [ 2960916.901627143844962, 1899117.650452909525484 ], [ 2958800.089722981676459, 1898865.954555628355592 ], [ 2954038.183989746496081, 1901938.572273519122973 ], [ 2952208.666058418806642, 1901744.994957365095615 ], [ 2950862.83471851143986, 1902673.344750972930342 ], [ 2949842.665931825526059, 1903180.393714213278145 ], [ 2948693.262644245289266, 1903388.687414833344519 ], [ 2946981.824927633628249, 1903444.02641782630235 ], [ 2945839.896817661821842, 1903759.011916922871023 ], [ 2943986.995716062374413, 1905211.323464601300657 ], [ 2942695.363639171235263, 1905723.563869071658701 ], [ 2935131.963800868019462, 1905963.475584103260189 ], [ 2933154.526180819608271, 1906792.171772592235357 ], [ 2931028.697216090746224, 1910589.690377382095903 ], [ 2928729.906758437864482, 1912804.8081572833471 ] ] } },
{ "type": "Feature", "properties": { "featurecla": "River", "scalerank": 5.0, "rivernum": 155.0, "name": "Ebro", "name_en": "Ebro", "strokeweig": 0.25 }, "geometry": { "type": "LineString", "coordinates": [ [ 3057582.747161742299795, 1823543.993730064015836 ], [ 3059132.812104049138725, 1822799.800522816833109 ], [ 3061632.251356191933155, 1820363.295680976472795 ], [ 3063390.65843176888302, 1819619.321089047007263 ], [ 3064382.725152424536645, 1818941.480157387675717 ], [ 3069105.644045071676373, 1812569.68831914011389 ], [ 3069329.137827800121158, 1811333.682580696186051 ], [ 3068406.619581044651568, 1807137.465807301923633 ], [ 3068572.185483151581138, 1805658.524726485367864 ], [ 3069291.20512472698465, 1804218.174774430226535 ], [ 3070924.227172462269664, 1801869.992164529627189 ], [ 3072963.884893776383251, 1799557.669311130419374 ], [ 3078329.916356531903148, 1795769.248571772128344 ], [ 3080357.864933932665735, 1793646.785168160917237 ], [ 3088245.924876512959599, 1781013.853738397825509 ], [ 3090955.312441817484796, 1778654.323326413054019 ], [ 3091155.286144732963294, 1778417.280516639817506 ], [ 3091617.114955908618867, 1778137.402580230496824 ], [ 3092691.471901508048177, 1776860.602471459191293 ], [ 3093912.121706970967352, 1774886.346071925479919 ], [ 3095240.344387554563582, 1773978.642774652689695 ], [ 3095961.6981793763116, 1773689.036003777058795 ], [ 3097576.843209315557033, 1773346.467245682375506 ], [ 3098425.106372529640794, 1772810.096677849534899 ], [ 3098844.390396072529256, 1771955.862050626194105 ], [ 3098911.446984244510531, 1770946.158149022608995 ], [ 3099114.515639252960682, 1770065.845414678566158 ], [ 3099946.649566222913563, 1769577.761923373676836 ], [ 3103231.492862829007208, 1769080.27466497104615 ], [ 3103499.687842559069395, 1768811.987130915978923 ], [ 3103308.0709796724841, 1767809.348281547194347 ], [ 3103586.91544648213312, 1767531.420962795615196 ], [ 3104056.068465871270746, 1767610.61608037375845 ], [ 3104741.730111437384039, 1768061.763113974127918 ], [ 3105031.832052323501557, 1767991.204548932146281 ], [ 3108976.541951453313231, 1762883.091164991259575 ], [ 3110056.421070170588791, 1762056.710842431522906 ], [ 3111482.360666176304221, 1761395.802000038791448 ], [ 3112691.788288080133498, 1760089.78129447880201 ], [ 3114641.581054934300482, 1756878.690739136654884 ], [ 3114934.418546242639422, 1756634.146791619248688 ], [ 3115915.003774418029934, 1756072.976677335333079 ], [ 3116164.713029838167131, 1755834.916547427885234 ], [ 3116172.378143660724163, 1755346.17620943672955 ], [ 3116012.879189666826278, 1754705.453618073137477 ], [ 3115733.648623938672245, 1754286.144106559455395 ], [ 3115404.20357511471957, 1754447.666035245172679 ], [ 3115502.790254008956254, 1754138.286084382329136 ], [ 3115639.44853727100417, 1753233.808150117751211 ], [ 3115729.06924928817898, 1752904.329016773961484 ], [ 3116103.9075539377518, 1752669.108837038744241 ], [ 3117211.097839836031199, 1752603.832347856834531 ], [ 3117628.247337461449206, 1752247.234282653778791 ], [ 3118208.445236789993942, 1751499.457073702011257 ], [ 3118981.646174670662731, 1751050.0269021068234 ], [ 3120767.852889199275523, 1750657.239947226596996 ], [ 3121121.882584648672491, 1750197.732417094288394 ], [ 3122272.923018494155258, 1747375.638600199017674 ], [ 3123606.314141101203859, 1745646.823620958020911 ], [ 3128680.391992265358567, 1741251.148254733998328 ], [ 3135464.562534485012293, 1737611.56302355369553 ], [ 3136549.584197538439184, 1737435.625365928281099 ], [ 3140675.008123534731567, 1733564.199107790831476 ], [ 3141291.642234083265066, 1732618.350571493152529 ], [ 3142071.248473824933171, 1731796.468381972284988 ], [ 3142951.025654078926891, 1728584.538214520085603 ], [ 3143992.749951498582959, 1727730.716354754753411 ], [ 3145322.497518212068826, 1727339.43931310181506 ], [ 3146138.556760342326015, 1726566.546052064048126 ], [ 3146216.26557097537443, 1725390.331370153697208 ], [ 3145355.358046925161034, 1723793.766796235693619 ], [ 3146531.246653146576136, 1723786.473777495790273 ], [ 3147406.517528827302158, 1723565.146400801604614 ], [ 3147891.525918650440872, 1722896.022368766367435 ], [ 3147902.765103818383068, 1721560.535202279919758 ], [ 3147701.85251073166728, 1719754.341380743775517 ], [ 3147759.238667147234082, 1718741.672157943248749 ], [ 3148654.587724100798368, 1716926.641213263384998 ], [ 3150201.37726807128638, 1714778.169911024626344 ], [ 3150566.618249743245542, 1714024.516474880976602 ], [ 3150625.747101555578411, 1712762.475089152809232 ], [ 3150374.33194896671921, 1711445.330036921659485 ], [ 3150267.683152005076408, 1710209.41026374627836 ], [ 3150767.12870935536921, 1709174.180637796409428 ], [ 3151460.878007830586284, 1708853.552016830304638 ], [ 3154110.401971600949764, 1708738.818989995634183 ], [ 3157255.255258148536086, 1707840.398201221833006 ], [ 3160274.131045895628631, 1707711.316216791514307 ], [ 3161239.088748798705637, 1707450.323309659957886 ], [ 3163560.889108847826719, 1706234.046455373987556 ], [ 3172280.833382659591734, 1703880.539013306610286 ], [ 3178099.79036766057834, 1700491.256953336065635 ], [ 3180334.216845966409892, 1700051.779963964596391 ], [ 3182406.364070111420006, 1699131.940423256484792 ], [ 3183122.704508358612657, 1699141.498231562320143 ], [ 3183770.927865065634251, 1699749.381126953521743 ], [ 3184010.814503314439207, 1700533.284724649740383 ], [ 3183971.454328150488436, 1702233.217086937977001 ], [ 3184118.346571769565344, 1703016.334223807323724 ], [ 3184602.356193214654922, 1703844.609667318174616 ], [ 3185049.915974048431963, 1704019.342183658387512 ], [ 3185516.741420090664178, 1703741.780469799181446 ], [ 3186602.57424552552402, 1702670.931758138118312 ], [ 3187117.541576410643756, 1702360.21634518308565 ], [ 3187728.583458449691534, 1702371.137360790744424 ], [ 3188511.468885668087751, 1702787.14201054815203 ], [ 3189031.119116720277816, 1703286.990231230854988 ], [ 3189921.438683570362628, 1704470.153619608376175 ], [ 3190359.179201875813305, 1704932.948081546928734 ], [ 3191079.417629633098841, 1705277.350025100866333 ], [ 3191760.724338338244706, 1705273.795462910318747 ], [ 3192451.280500381719321, 1705159.343396337237209 ], [ 3193190.953597370535135, 1705140.061361268162727 ], [ 3194217.584148014895618, 1705965.431484502274543 ], [ 3194647.012837519869208, 1707660.549539630301297 ], [ 3194925.540424157865345, 1709643.466960900463164 ], [ 3195503.691481528803706, 1711337.197024631779641 ], [ 3196617.966442159377038, 1712434.507987760240212 ], [ 3197897.87934368988499, 1712816.791618819581345 ], [ 3203349.489036812447011, 1712075.762853597756475 ], [ 3204596.660387791227549, 1711610.392308219801635 ], [ 3205800.606474132277071, 1710605.311469322768971 ], [ 3207706.803295633755624, 1707961.410085485549644 ], [ 3208425.360513491556048, 1707208.390820641769096 ], [ 3209122.001776464283466, 1706776.700017750496045 ], [ 3211321.135527702979743, 1706032.230632764985785 ], [ 3212577.311029811389744, 1705163.609695597318932 ], [ 3213518.668039657641202, 1703951.371282844571397 ], [ 3214047.007814128883183, 1702384.130336933536455 ], [ 3214070.295176826417446, 1700468.415492590051144 ], [ 3211450.552035767585039, 1696183.687605006853119 ], [ 3211272.781984047032893, 1693691.98492377367802 ], [ 3214581.779842274263501, 1693057.828784527024254 ] ] } },
{ "type": "Feature", "properties": { "featurecla": "River", "scalerank": 5.0, "rivernum": 155.0, "name": "Ebro", "name_en": "Ebro", "strokeweig": 0.3 }, "geometry": { "type": "LineString", "coordinates": [ [ 3214581.779842274263501, 1693057.828784527024254 ], [ 3215461.842288905289024, 1693148.858514484483749 ], [ 3216386.614741796627641, 1692963.96895178547129 ], [ 3218892.166532642673701, 1692049.18018391309306 ], [ 3219504.894003495573997, 1692103.3287866525352 ], [ 3220892.235865364782512, 1692744.557409930974245 ], [ 3221792.576855395920575, 1692994.361194494413212 ], [ 3222643.819094706326723, 1692959.068811673671007 ], [ 3223451.073650171980262, 1692646.040852800710127 ], [ 3224206.618042721413076, 1692088.365603633224964 ], [ 3225284.749648407101631, 1691526.653432574355975 ], [ 3227721.478974926285446, 1691073.959381560795009 ], [ 3228617.774626879021525, 1690445.320750197861344 ], [ 3228964.978764974977821, 1689437.879568386124447 ], [ 3228956.752299123443663, 1688208.541236927965656 ], [ 3228587.358537255320698, 1685800.369924927596003 ], [ 3228870.384765025228262, 1683752.486972589511424 ], [ 3230065.914952208288014, 1682735.380765646928921 ], [ 3231628.505253142211586, 1682088.977167543722317 ], [ 3233072.55050270119682, 1681113.048336620442569 ], [ 3233658.352309385314584, 1679775.88647487689741 ], [ 3233935.813740666490048, 1677728.98131596762687 ], [ 3233980.327537760138512, 1675374.56674495851621 ], [ 3233816.034025868400931, 1673126.837914627743885 ], [ 3233457.840112480334938, 1671200.610785427503288 ], [ 3232866.384255264885724, 1669956.794835199369118 ], [ 3231872.047201931476593, 1668986.334507442079484 ], [ 3220810.711918108630925, 1662169.442429420305416 ], [ 3218943.695714310277253, 1659653.372144287917763 ], [ 3219282.260559753049165, 1656303.407747491495684 ], [ 3219323.328004464041442, 1653947.482253540074453 ], [ 3218946.857659619301558, 1652919.793075871653855 ], [ 3220153.398965832777321, 1651719.944432470947504 ], [ 3220177.062998818233609, 1649285.768458731239662 ], [ 3219315.844436476472765, 1644496.594789823517203 ], [ 3219595.120986048132181, 1642179.03814060240984 ], [ 3220486.865276332013309, 1639364.841424609534442 ], [ 3221713.031922283582389, 1636957.726975791156292 ], [ 3223036.890373023226857, 1635845.293185777263716 ], [ 3223806.029658736195415, 1635393.315635535866022 ], [ 3225238.951678806915879, 1633630.088905098615214 ], [ 3226386.773774817585945, 1633108.715562092605978 ], [ 3231308.376270948909223, 1633297.3522149391938 ], [ 3233759.876935314387083, 1632708.836738197132945 ], [ 3239717.766969049349427, 1629930.143423974746838 ], [ 3242101.140123222023249, 1629699.099847274366766 ], [ 3246247.594013147987425, 1630936.377659025369212 ], [ 3248363.369254287797958, 1630754.347179346252233 ] ] } },
{ "type": "Feature", "properties": { "featurecla": "River", "scalerank": 5.0, "rivernum": 160.0, "name": "Elbe", "name_en": "Elbe", "strokeweig": 0.2 }, "geometry": { "type": "LineString", "coordinates": [ [ 4004232.251443999353796, 2957091.245719938538969 ], [ 4003979.923892881721258, 2958911.240568075794727 ], [ 4003757.350564874708652, 2962956.087072039488703 ], [ 4003396.207172981929034, 2964439.905185422860086 ], [ 4002654.071495894808322, 2964959.524512346368283 ], [ 3999790.341679460834712, 2965825.613193282857537 ], [ 3988877.515197014901787, 2966652.971597375813872 ] ] } },
{ "type": "Feature", "properties": { "featurecla": "River", "scalerank": 5.0, "rivernum": 160.0, "name": "Elbe", "name_en": "Elbe", "strokeweig": 0.15 }, "geometry": { "type": "LineString", "coordinates": [ [ 4380556.82369561959058, 2673943.044420493301004 ], [ 4381138.149224331602454, 2673106.016889775637537 ], [ 4382947.552918107248843, 2669529.788966174703091 ], [ 4383338.715972716920078, 2668565.393840529490262 ], [ 4383540.980541089549661, 2666129.548058350104839 ], [ 4383823.132372048683465, 2664315.236473629716784 ], [ 4384339.308318795636296, 2662902.772566477302462 ], [ 4385271.200812978670001, 2661664.132889648899436 ], [ 4387227.488088212907314, 2660617.318191765341908 ], [ 4389760.442730197682977, 2659839.32139602676034 ], [ 4392044.738568275235593, 2658477.656891739461571 ], [ 4393276.883456567302346, 2655659.074298697989434 ], [ 4393107.535048918798566, 2653957.14997227396816 ], [ 4392740.029391409829259, 2651995.202040339820087 ], [ 4392947.519879831932485, 2650406.804671271704137 ], [ 4395014.479559427127242, 2649739.432277398183942 ], [ 4396560.95602276083082, 2648992.521397894714028 ], [ 4398160.114533120766282, 2647881.914547319989651 ], [ 4398262.551787813194096, 2647647.971925885882229 ], [ 4398585.784418514929712, 2646744.851673422846943 ], [ 4398693.905793944373727, 2646524.516074324492365 ], [ 4403531.912129864096642, 2644656.468685169704258 ], [ 4405887.624011733569205, 2642958.660502096638083 ], [ 4406186.163914428092539, 2640496.430986921302974 ] ] } },
{ "type": "Feature", "properties": { "featurecla": "River", "scalerank": 5.0, "rivernum": 160.0, "name": "Elbe", "name_en": "Elbe", "strokeweig": 0.2 }, "geometry": { "type": "LineString", "coordinates": [ [ 4406186.163914428092539, 2640496.430986921302974 ], [ 4406127.4194221124053, 2641228.364631527569145 ], [ 4405761.448747074231505, 2640462.361574713140726 ], [ 4406686.987860116176307, 2639918.388645952101797 ], [ 4407220.117525966838002, 2639777.088477608282119 ], [ 4407273.744688780046999, 2639110.51657644752413 ], [ 4406723.068441724404693, 2638421.672559384256601 ], [ 4404693.168925823643804, 2636562.140708114020526 ], [ 4404105.570084507577121, 2635568.142366338986903 ], [ 4403110.878273668698967, 2632826.588495017029345 ], [ 4401049.865783963352442, 2629182.757682492956519 ], [ 4400542.294043598696589, 2626854.019368319306523 ], [ 4401362.314032944850624, 2624590.697276414372027 ], [ 4400612.854717769660056, 2621466.854600592516363 ], [ 4400456.599636369384825, 2620020.864826983772218 ], [ 4400521.682007091119885, 2617908.373583872336894 ], [ 4400791.004204882308841, 2615648.878333852626383 ], [ 4400623.657369701191783, 2614338.817396503873169 ], [ 4399945.317171606235206, 2612641.348471546079963 ], [ 4403505.225900381803513, 2609989.168745352886617 ], [ 4403568.83185457624495, 2609186.588695354759693 ], [ 4401760.720025442540646, 2607641.499006208963692 ], [ 4399470.290435755625367, 2606185.563561778049916 ], [ 4399260.0738421138376, 2605971.798710057977587 ], [ 4392294.700949077494442, 2605457.110042332205921 ], [ 4388468.067072910256684, 2604335.501203526742756 ], [ 4372060.530986581929028, 2603847.820073981769383 ], [ 4370671.453988449648023, 2603391.656623103190213 ], [ 4369453.089998254552484, 2602680.062024816405028 ], [ 4368959.242427174933255, 2601781.88260293751955 ], [ 4363809.575526379048824, 2600373.408534487243742 ], [ 4362597.155864770524204, 2600510.55560076283291 ], [ 4360550.516064283438027, 2601332.961389428470284 ], [ 4359682.751690065488219, 2601487.265812451951206 ], [ 4358774.697825039736927, 2602022.706053353846073 ], [ 4357194.760490061715245, 2604756.26048342557624 ], [ 4356335.997797502204776, 2605663.571177473291755 ] ] } },
{ "type": "Feature", "properties": { "featurecla": "River", "scalerank": 5.0, "rivernum": 160.0, "name": "Elbe", "name_en": "Elbe", "strokeweig": 0.25 }, "geometry": { "type": "LineString", "coordinates": [ [ 4307280.353647937066853, 2631256.987572656013072 ], [ 4305789.349246772937477, 2632283.412517452146858 ], [ 4305788.585364884696901, 2633688.930408447980881 ], [ 4306148.119927980937064, 2635247.571571100037545 ], [ 4305757.541776534169912, 2636708.368669487070292 ], [ 4304512.274032751098275, 2637755.157131152227521 ], [ 4301865.097250598482788, 2639180.809732710476965 ], [ 4300835.425896748900414, 2640125.6893350915052 ], [ 4299936.948213430121541, 2641864.023075838573277 ], [ 4299427.909887568093836, 2643378.579966040328145 ], [ 4298728.383576286025345, 2644432.691916931420565 ], [ 4297284.334973304532468, 2644754.779570863582194 ], [ 4296151.47892652079463, 2644346.800762833096087 ], [ 4295075.446193131618202, 2643364.477179130539298 ], [ 4294300.058957479894161, 2641992.718655684031546 ], [ 4294055.484612350352108, 2640428.634788840077817 ], [ 4293721.810218377970159, 2640107.16804552776739 ], [ 4291415.911323422566056, 2639942.355782534461468 ], [ 4290839.011615384370089, 2640229.641686602495611 ], [ 4290660.422749584540725, 2641002.163898998405784 ], [ 4290644.900402059778571, 2641973.183168535120785 ], [ 4290545.578976248390973, 2642826.437495508231223 ], [ 4290148.857645338401198, 2644655.545669203624129 ], [ 4289909.078009289689362, 2646322.930378554854542 ], [ 4289436.464517198503017, 2647845.641441334504634 ], [ 4288344.59399310592562, 2649248.945830441080034 ], [ 4287194.191323919221759, 2649866.364587031304836 ], [ 4283919.17811775393784, 2650521.753864209167659 ], [ 4282623.602482868358493, 2650459.60044744098559 ], [ 4280137.220222976058722, 2648989.451407924760133 ], [ 4278857.734165275469422, 2648629.760119947604835 ], [ 4277484.028503582812846, 2649433.987721727695316 ], [ 4277950.815467077307403, 2650200.305382111575454 ], [ 4276851.496437041088939, 2651321.821226095315069 ], [ 4276267.174260161817074, 2652702.827746282331645 ], [ 4275879.623967531137168, 2654099.891234344802797 ], [ 4275331.007631108164787, 2655264.941185735631734 ], [ 4276640.839814820326865, 2656689.191183747258037 ], [ 4277934.378932703286409, 2657364.380521023645997 ], [ 4278372.864952083677053, 2658202.771748155355453 ], [ 4277155.165522493422031, 2660105.548479557037354 ], [ 4276175.89584946539253, 2662305.291043628007174 ], [ 4277368.335291652940214, 2663395.113030324690044 ], [ 4279327.89149574469775, 2664007.674226779490709 ], [ 4281915.751201760023832, 2665675.278843289241195 ], [ 4283650.068377983756363, 2665819.950745126232505 ], [ 4285290.495712453499436, 2666325.017910134512931 ], [ 4286276.30223932210356, 2668358.919756009243429 ], [ 4286023.192286880686879, 2670346.120737658813596 ], [ 4285345.084529338404536, 2672422.149304426275194 ], [ 4285281.748446772806346, 2674301.942030563950539 ], [ 4286832.787088240496814, 2675737.756563591770828 ], [ 4286322.353964521549642, 2676509.825590340886265 ], [ 4287480.473937484435737, 2677810.566532302647829 ], [ 4287989.799738953821361, 2678627.798503613099456 ], [ 4288435.015595174394548, 2679572.75449628662318 ], [ 4287888.467175981961191, 2680395.126002814155072 ], [ 4287351.074086934328079, 2681932.579385292250663 ], [ 4286930.824880831874907, 2683637.012433108408004 ], [ 4286727.7553471038118, 2684978.238594270776957 ], [ 4286906.598520612344146, 2686793.128705700393766 ], [ 4287305.598076382651925, 2687546.250331345479935 ], [ 4287295.214207598939538, 2688307.456693338230252 ], [ 4286225.380428930744529, 2690163.881020552478731 ], [ 4285237.659244308248162, 2690882.486195058561862 ], [ 4278451.915226418524981, 2692378.865235177334398 ], [ 4275642.762910448946059, 2692144.697245173156261 ], [ 4275797.220534280873835, 2693138.172647658735514 ], [ 4276144.709505236707628, 2693879.63871776452288 ], [ 4276652.144334718585014, 2694306.895255604293197 ], [ 4277325.192663583904505, 2694438.687250936869532 ], [ 4275948.541175954043865, 2695812.520076754037291 ], [ 4274232.005912662483752, 2695775.970904230605811 ], [ 4271276.824308240786195, 2694905.796277810819447 ], [ 4268796.656333671882749, 2695988.056254311464727 ], [ 4267936.802740215323865, 2696125.803165500052273 ], [ 4265013.612509970553219, 2695707.547201763372868 ], [ 4264222.470402900129557, 2695928.354446277022362 ], [ 4263820.268983568064868, 2696511.185534746386111 ], [ 4263386.561570328660309, 2698261.082731983158737 ], [ 4262882.982760783284903, 2699201.06761646270752 ], [ 4257405.490906778723001, 2706253.694618382491171 ], [ 4256537.831483450718224, 2706715.907862293533981 ], [ 4255658.370558904483914, 2706442.340647196397185 ], [ 4254773.804584973491728, 2705942.82704363251105 ], [ 4253940.04580101929605, 2705742.809125075116754 ], [ 4253140.827362233772874, 2706035.757803649175912 ], [ 4251631.275379898026586, 2706899.609046070836484 ], [ 4249631.367722878232598, 2707061.850396063644439 ], [ 4249142.381067048758268, 2707247.511237509083003 ], [ 4247835.777854570187628, 2708377.304300101008266 ], [ 4246037.403167001903057, 2709299.337309949565679 ], [ 4240732.381363649852574, 2710970.651107525452971 ], [ 4230707.438065652735531, 2719410.964661029167473 ], [ 4229565.115496713668108, 2720789.139867880847305 ], [ 4230282.892189425416291, 2722883.382722009439021 ], [ 4230012.802037106826901, 2725160.442956416867673 ], [ 4229013.621384990401566, 2727537.808037836570293 ], [ 4227554.898733541369438, 2729904.795786137226969 ], [ 4226620.965227927081287, 2730749.588356848340482 ], [ 4225573.480070594698191, 2730985.504908173345029 ], [ 4223351.102616895921528, 2730785.374450441449881 ], [ 4222062.183735704049468, 2731126.701064774300903 ], [ 4221573.468511217273772, 2732123.581342540681362 ], [ 4221367.325367766432464, 2733427.142834748141468 ], [ 4220872.682233187370002, 2734712.624704367481172 ], [ 4219982.070904307067394, 2735145.685910054948181 ], [ 4218886.520731565542519, 2735010.63915649196133 ], [ 4217903.44402720965445, 2735159.066121851559728 ], [ 4217353.379024016670883, 2736458.179649666883051 ], [ 4217727.168006407096982, 2737453.850821085739881 ], [ 4218563.631984505802393, 2737713.77556232502684 ], [ 4218858.100080825388432, 2738264.975310494657606 ], [ 4217609.358672060072422, 2740139.787629098631442 ], [ 4217137.19760727789253, 2740421.029368078801781 ], [ 4216056.670195554383099, 2740570.762298364657909 ], [ 4215497.524390733800828, 2741118.78705089353025 ], [ 4215296.547420303337276, 2741587.889421805739403 ], [ 4214696.627789466641843, 2743688.487684491090477 ], [ 4214581.114888765849173, 2745219.37554873758927 ], [ 4214694.110455468297005, 2746397.85268416441977 ], [ 4214532.9053113181144, 2747317.662611824460328 ], [ 4213589.727379220537841, 2748046.16890073986724 ] ] } },
{ "type": "Feature", "properties": { "featurecla": "River", "scalerank": 5.0, "rivernum": 160.0, "name": "Elbe", "name_en": "Elbe", "strokeweig": 0.25 }, "geometry": { "type": "MultiLineString", "coordinates": [ [ [ 4214047.96535865124315, 2748065.949385202955455 ], [ 4213925.106389835476875, 2749391.759286388289183 ], [ 4213533.186003082431853, 2749965.576794608030468 ], [ 4212910.185190496966243, 2750122.531722988467664 ], [ 4212121.029840308241546, 2750180.551156734116375 ], [ 4211712.803558820858598, 2749992.425033580046147 ], [ 4211407.434873964637518, 2749467.41830820729956 ], [ 4211250.156298644840717, 2748927.7454181923531 ], [ 4211234.817652798257768, 2748672.425537250004709 ], [ 4210863.251346468925476, 2748774.735624413006008 ], [ 4210557.792885144241154, 2749019.029561373405159 ], [ 4210373.551717998459935, 2749265.863846167456359 ], [ 4210329.497487620450556, 2749376.884936803020537 ], [ 4209111.004214083775878, 2750052.512195426039398 ], [ 4207795.302526601590216, 2751178.533763390034437 ], [ 4206470.426701963879168, 2751910.69977291719988 ], [ 4205196.466124831698835, 2751424.543292286805809 ], [ 4204979.639468856155872, 2753494.812262353952974 ], [ 4204152.442192991264164, 2754492.36230506747961 ], [ 4203105.604089009575546, 2755026.838209870271385 ], [ 4202236.118599871173501, 2755713.167189497500658 ], [ 4201444.546663436107337, 2757224.529504225589335 ], [ 4201436.418133957311511, 2758227.061992772854865 ], [ 4202525.511405745521188, 2760791.889274108223617 ], [ 4201148.016159627586603, 2761693.860446705017239 ], [ 4198113.119982697069645, 2765054.968217185232788 ], [ 4196588.573498175479472, 2765763.225298308301717 ], [ 4195777.799619480036199, 2765862.261945945676416 ], [ 4194751.775063023902476, 2766202.330500381067395 ], [ 4193880.704715431667864, 2766758.711377354338765 ], [ 4193091.683380781672895, 2768310.78799307718873 ], [ 4191159.535193890333176, 2768043.899375850334764 ], [ 4190255.950292081572115, 2768447.375099497381598 ], [ 4189898.899504509288818, 2769242.172755189239979 ], [ 4188764.806396084837615, 2772860.767896948382258 ], [ 4188192.408727482892573, 2773928.335381745360792 ], [ 4187892.139376605860889, 2774363.160676263272762 ], [ 4187749.639727901667356, 2774851.266765198204666 ], [ 4187144.232371701393276, 2780740.247161666862667 ], [ 4187403.446780316997319, 2783081.364044295623899 ], [ 4188758.106078015640378, 2784674.238854361698031 ], [ 4187869.300401463638991, 2785199.392428466118872 ], [ 4176468.342878023162484, 2788523.01305584423244 ], [ 4174183.116774143651128, 2788801.101629697252065 ], [ 4172158.872884505894035, 2787669.218820473179221 ], [ 4171150.98803818365559, 2788605.27859274065122 ], [ 4169578.257807971443981, 2788970.745182861573994 ], [ 4167942.19852403877303, 2788820.040920359548181 ], [ 4166727.680947308428586, 2788216.926869126968086 ], [ 4166712.328260702081025, 2788956.649333653971553 ], [ 4166549.539913423825055, 2789444.624064851086587 ], [ 4166351.113123674411327, 2789834.524833287112415 ] ], [ [ 4166351.113123674411327, 2789834.524833287112415 ], [ 4166330.227130377665162, 2789875.564981375355273 ], [ 4166159.680182657204568, 2790402.664579530712217 ], [ 4166677.854781011119485, 2789685.225448520388454 ], [ 4166351.113123674411327, 2789834.524833287112415 ] ], [ [ 4166351.113123674411327, 2789834.524833287112415 ], [ 4165747.19020666833967, 2790110.477770205587149 ], [ 4165077.372885244432837, 2789255.80566321965307 ], [ 4164539.552418426144868, 2788043.413915859069675 ], [ 4163986.059152966830879, 2787389.679571523331106 ], [ 4163134.22787972772494, 2787589.693341289646924 ], [ 4162711.139712541364133, 2788292.262779236305505 ], [ 4162672.518764832988381, 2789262.200005786959082 ], [ 4162985.89267879538238, 2790296.30911755701527 ], [ 4162259.015287620481104, 2789975.624266637023538 ], [ 4160919.690438822377473, 2788907.854228391777724 ], [ 4159736.092342236079276, 2788331.130242681130767 ], [ 4158411.696823010686785, 2786870.846438921056688 ], [ 4157860.409058252815157, 2786525.007537201046944 ], [ 4156661.199145348276943, 2786919.725649657193571 ], [ 4155321.071680672932416, 2787974.341650342103094 ], [ 4154130.204803599510342, 2789364.71221938310191 ], [ 4153380.810874828137457, 2790784.877673154231161 ], [ 4152044.89661396946758, 2790081.895749080460519 ], [ 4150405.514034359715879, 2789834.563789224717766 ], [ 4149013.322781568858773, 2789359.054536638781428 ], [ 4148470.671120835933834, 2787964.669639002531767 ], [ 4148115.235275597311556, 2787358.145730696618557 ], [ 4147305.371940680779517, 2787811.486919039860368 ], [ 4146543.928613530471921, 2788607.605151135008782 ], [ 4146358.903509046882391, 2789037.779972808901221 ], [ 4134987.081394503358752, 2787903.807330912444741 ], [ 4134430.102347806096077, 2788072.248959537129849 ], [ 4134379.808591960929334, 2788485.537197759840637 ], [ 4134437.449940491933376, 2788991.010934706311673 ], [ 4134263.103186153806746, 2789427.152952493634075 ], [ 4125399.800816975999624, 2798798.20548584125936 ], [ 4125186.205491500906646, 2799926.517701242119074 ], [ 4125368.227911786176264, 2800666.025666382163763 ], [ 4125659.393817624542862, 2801316.484657125081867 ], [ 4125809.788670193869621, 2802147.064165689982474 ], [ 4125310.345676257275045, 2804194.513816086575389 ], [ 4124263.88113886397332, 2804343.691721768584102 ], [ 4122115.313732749316841, 2803116.497641147579998 ], [ 4120547.01573346555233, 2803673.403864126186818 ], [ 4119236.323541390243918, 2804969.295195520855486 ], [ 4118045.20276440307498, 2805764.513876189943403 ], [ 4116827.911381092388183, 2804824.632838273886591 ], [ 4115702.259692521765828, 2804509.219369156751782 ], [ 4114189.48771841218695, 2805515.598406489007175 ], [ 4112780.089120838325471, 2806978.839405807666481 ], [ 4112005.559338480234146, 2808018.691446862183511 ], [ 4110497.421408025082201, 2811335.792544184718281 ], [ 4109832.213990848511457, 2813315.390316931996495 ], [ 4109543.22612719796598, 2814962.324303439818323 ], [ 4109722.114622610155493, 2816346.823720914777368 ], [ 4110729.750744529999793, 2820049.173680463805795 ], [ 4111208.545057285111398, 2821272.617580537218601 ], [ 4113023.688521176110953, 2823001.956435085274279 ], [ 4113408.176788193639368, 2823527.935893104877323 ], [ 4113456.935611282475293, 2824481.822565497364849 ], [ 4113110.39817579369992, 2825242.801888619549572 ], [ 4112665.063400032930076, 2825959.527647491078824 ], [ 4112428.822714636102319, 2826838.593523766379803 ], [ 4112847.269747695885599, 2827835.152029046788812 ], [ 4115472.982213796116412, 2831655.33521082252264 ], [ 4116696.784283293411136, 2835267.423939861357212 ], [ 4117605.397792675066739, 2836942.985100891906768 ], [ 4118761.672758950386196, 2837666.684344437904656 ], [ 4121594.619994421955198, 2837933.557286841794848 ], [ 4122746.931859930977225, 2838400.878168636467308 ], [ 4125213.161855481564999, 2840401.041509978473186 ], [ 4125699.143807813059539, 2841122.355379334185272 ], [ 4126080.962983878329396, 2842261.037775215227157 ] ] ] } },
{ "type": "Feature", "properties": { "featurecla": "River", "scalerank": 5.0, "rivernum": 160.0, "name": "Elbe", "name_en": "Elbe", "strokeweig": 0.25 }, "geometry": { "type": "LineString", "coordinates": [ [ 4307280.353647937066853, 2631256.987572656013072 ], [ 4308164.93314053863287, 2630977.009438680484891 ], [ 4308610.957611247897148, 2630279.00093381293118 ], [ 4308806.670810976997018, 2629274.146592971403152 ], [ 4308885.887722445651889, 2628083.54467940190807 ], [ 4308731.806464264169335, 2627850.845220832154155 ], [ 4308495.886077121831477, 2627192.807722807396203 ], [ 4308409.832149700261652, 2626504.481330807786435 ], [ 4308764.604765405878425, 2626205.523237528745085 ], [ 4309672.959147715009749, 2626213.575166108086705 ], [ 4310049.542851934209466, 2626000.106561593711376 ], [ 4310456.864780740812421, 2625504.789983215276152 ], [ 4310645.665759976021945, 2625445.402451527304947 ], [ 4311191.074485521763563, 2625610.179182738997042 ], [ 4311389.301831362769008, 2625561.906362516339868 ], [ 4311446.734739309176803, 2625284.30012217303738 ], [ 4311414.256081919185817, 2624441.545844278298318 ], [ 4311534.582235794514418, 2623852.512069628108293 ], [ 4311967.951361270621419, 2622444.56274798233062 ], [ 4312057.000840472057462, 2622365.956592941191047 ], [ 4312469.081432720646262, 2622238.901906793937087 ], [ 4314271.369387798942626, 2620334.83395298756659 ], [ 4314609.430415842682123, 2619882.809656362049282 ], [ 4315392.829207701608539, 2620023.334683026652783 ], [ 4316296.944119420833886, 2620552.487029796931893 ], [ 4317063.421402572654188, 2620692.224569460377097 ], [ 4317452.844514929689467, 2619691.791608047205955 ], [ 4317831.473495862446725, 2619728.596400409471244 ], [ 4319957.583135575056076, 2617281.674713504966348 ], [ 4322839.895956506021321, 2614914.986043124925345 ], [ 4324491.539626949466765, 2614258.027594660408795 ], [ 4325825.459356860257685, 2614774.252849362790585 ], [ 4327962.918663943186402, 2613815.785370307508856 ], [ 4330268.108172580599785, 2614188.287415918894112 ], [ 4332588.832608191296458, 2614991.240003550425172 ], [ 4334748.938272259198129, 2615353.707275629043579 ], [ 4342883.511809570714831, 2614365.901109607890248 ], [ 4347094.996483311988413, 2615992.082263092044741 ], [ 4349080.49995054770261, 2616233.13300656946376 ], [ 4351387.546339316293597, 2614946.241228144150227 ], [ 4351784.917972944676876, 2614474.251805309671909 ], [ 4352557.751176425255835, 2613313.27552208583802 ], [ 4352951.61677057761699, 2612846.375583586748689 ], [ 4354534.528677451424301, 2611852.314764970913529 ], [ 4354936.738508075475693, 2611512.312587957829237 ], [ 4355696.773244073614478, 2610308.777853596955538 ], [ 4356297.529627546668053, 2608873.359747672919184 ], [ 4356560.289587095379829, 2607293.391458822414279 ], [ 4356335.997797502204776, 2605663.571177473291755 ] ] } },
{ "type": "Feature", "properties": { "featurecla": "River", "scalerank": 5.0, "rivernum": 160.0, "name": "Elbe", "name_en": "Elbe", "strokeweig": 0.3 }, "geometry": { "type": "LineString", "coordinates": [ [ 4126080.962983878329396, 2842261.037775215227157 ], [ 4126952.01041141198948, 2842126.209888075944036 ], [ 4127626.533032945822924, 2842380.140695417765528 ], [ 4127846.424930198118091, 2842937.200464860536158 ], [ 4127391.001203648746014, 2843765.283733948599547 ], [ 4127370.224539833143353, 2844557.536205040290952 ], [ 4128056.224081865046173, 2844727.834980859421194 ], [ 4128657.501426284201443, 2845063.998839030973613 ], [ 4129159.082914841361344, 2845523.596951125655323 ], [ 4129569.612772161141038, 2846022.823469721246511 ], [ 4130655.624589596875012, 2848616.799516389146447 ], [ 4130836.776821775361896, 2849396.139172637369484 ], [ 4130892.448853534646332, 2849948.952979031950235 ], [ 4131201.950212615076452, 2850960.183147710748017 ], [ 4131263.759182916488498, 2851639.190320674795657 ], [ 4131096.684764832723886, 2852243.749448989517987 ], [ 4130775.377154257614166, 2852505.483630497008562 ], [ 4130443.617287562228739, 2852680.321147953160107 ], [ 4130289.567583883181214, 2853043.727071000263095 ], [ 4130135.07312535494566, 2854260.366836788132787 ], [ 4129834.979795584920794, 2855053.055798679590225 ], [ 4129520.675112627912313, 2855661.608386977575719 ], [ 4129295.600963578093797, 2856290.939764014910907 ], [ 4129343.212927255313843, 2859306.184186048340052 ], [ 4132565.125084740109742, 2877804.378124851733446 ], [ 4132688.949053294956684, 2879680.004763054195791 ], [ 4133101.296662365086377, 2881836.714881277643144 ], [ 4133182.287241632584482, 2883172.917408499866724 ], [ 4132825.338325954973698, 2883753.898071615956724 ], [ 4132154.531195129267871, 2886952.245335719548166 ], [ 4132032.388944714795798, 2887342.792361647356302 ], [ 4132049.508057031780481, 2888459.313182247802615 ], [ 4132453.216588119976223, 2891713.580089821480215 ], [ 4132754.491487648803741, 2892667.281282190233469 ], [ 4132800.648132747039199, 2893298.822993222158402 ], [ 4132645.610864505637437, 2893386.457495730370283 ], [ 4132000.4835444833152, 2894069.875931372400373 ], [ 4131839.512009823694825, 2894375.341311538591981 ], [ 4131333.13038719817996, 2895805.853542220313102 ], [ 4130194.969038144685328, 2896410.408853829372674 ], [ 4127816.380853928159922, 2896840.258028795942664 ], [ 4126010.93961176648736, 2897843.008748424705118 ], [ 4125128.816648078616709, 2898174.473505006637424 ], [ 4123966.94125389540568, 2898275.650912384036928 ], [ 4123303.886366574093699, 2898494.931484401226044 ], [ 4119012.062052590306848, 2901241.194908002857119 ], [ 4119101.840510581154376, 2901716.118743425235152 ], [ 4119849.512369545642287, 2902911.232697481755167 ], [ 4120167.270217695273459, 2904158.722962807863951 ], [ 4119363.14930654456839, 2904606.103902434930205 ], [ 4117325.956046829000115, 2904647.758310905192047 ], [ 4116404.766172549221665, 2905360.632069173734635 ], [ 4114358.653498178813607, 2908318.342321644537151 ], [ 4113350.227233532816172, 2908079.043321272358298 ], [ 4111719.229679412208498, 2907079.589783488307148 ], [ 4111065.564419008791447, 2906835.931253359187394 ], [ 4109929.696425373665988, 2907019.8410101714544 ], [ 4109588.68249394884333, 2907655.427573598921299 ], [ 4109463.93746242672205, 2908676.760932976845652 ], [ 4108980.012908886186779, 2910031.320567947346717 ], [ 4108217.19574824301526, 2910565.520659408066422 ], [ 4106068.776583930943161, 2910609.387748100794852 ], [ 4105172.404866190161556, 2911043.944038294721395 ], [ 4105698.247135185170919, 2911612.257989011704922 ], [ 4106039.559724043589085, 2912644.002064281608909 ], [ 4105995.617243853863329, 2913627.844724819995463 ], [ 4105327.917947215493768, 2914051.681622886098921 ], [ 4102466.413424702361226, 2913183.354516079183668 ], [ 4099269.648177159484476, 2914389.676726653706282 ], [ 4097769.420622685458511, 2914555.759642405901104 ], [ 4096558.169560573995113, 2914990.741885336581618 ], [ 4094589.139646304771304, 2916960.398175284732133 ], [ 4093094.026522701140493, 2917403.774762082844973 ], [ 4091740.736404648981988, 2917062.499290684238076 ], [ 4089650.339252804405987, 2915539.145574033260345 ], [ 4088454.812585892621428, 2915180.767720891628414 ], [ 4087058.639207246247679, 2915407.266444330569357 ], [ 4085971.581253679934889, 2916044.120513330213726 ], [ 4083544.722551122307777, 2918803.111401156056672 ], [ 4081652.535332972649485, 2922236.858404865954071 ], [ 4081206.688263621646911, 2922820.13892255583778 ], [ 4080154.180931848008186, 2923427.386155607178807 ], [ 4079662.152447797358036, 2924146.596445316914469 ], [ 4079165.238380689173937, 2924597.911033169366419 ], [ 4078515.811267951503396, 2924153.879823794588447 ], [ 4077678.421870670747012, 2923221.050455350894481 ], [ 4077229.224694320932031, 2923266.291064698714763 ], [ 4076537.568395763169974, 2924450.041229075286537 ], [ 4076020.899833651259542, 2925171.85373427439481 ], [ 4075630.941910342779011, 2925874.719979159999639 ], [ 4075243.081733056344092, 2926451.598020943813026 ], [ 4074695.367825661785901, 2926763.389369659125805 ], [ 4073876.965454600285739, 2926627.227347332518548 ], [ 4073222.720815326552838, 2926073.539445953909308 ], [ 4072701.629445994738489, 2925472.074899908155203 ], [ 4071702.067566271871328, 2924768.926491223275661 ], [ 4071091.789788485504687, 2923985.112407895270735 ], [ 4070435.695806971285492, 2923510.582304725889117 ], [ 4069660.955944457557052, 2924016.55595953669399 ], [ 4069035.237176944036037, 2924708.630904447287321 ], [ 4067213.402263859752566, 2925845.995288157835603 ], [ 4060019.558062526863068, 2932433.587700086180121 ], [ 4054119.49174673948437, 2935763.877119564451277 ], [ 4052038.616728541441262, 2937408.348777768202126 ], [ 4050696.044762930832803, 2939311.035342711955309 ], [ 4049933.113394855987281, 2940038.33182106167078 ], [ 4048687.381694653071463, 2940314.321557684801519 ], [ 4047627.530301588587463, 2940894.515529804397374 ], [ 4047308.22232296410948, 2942317.41603840328753 ], [ 4047265.792041074018925, 2944055.633348103612661 ], [ 4047071.582418718840927, 2945571.7551489318721 ], [ 4045656.169788247905672, 2947322.904255921021104 ], [ 4043442.489860800094903, 2947874.721422253642231 ], [ 4038669.677636980079114, 2947628.639296955894679 ] ] } },
{ "type": "Feature", "properties": { "featurecla": "River", "scalerank": 5.0, "rivernum": 160.0, "name": "Elbe", "name_en": "Elbe", "strokeweig": 0.35 }, "geometry": { "type": "LineString", "coordinates": [ [ 4038669.677636980079114, 2947628.639296955894679 ], [ 4036634.43603625940159, 2946758.943756767548621 ], [ 4033982.440741868223995, 2947658.481597292702645 ], [ 4024818.753034712281078, 2953135.676472406834364 ], [ 4022508.419864767231047, 2954006.66364868124947 ], [ 4018313.947986414656043, 2954051.66564400633797 ], [ 4017718.670958536211401, 2953847.166880736593157 ], [ 4017083.248089661356062, 2953450.865766048431396 ], [ 4015655.729051892179996, 2951541.76729663927108 ], [ 4015515.475554197560996, 2951239.268291924148798 ], [ 4011984.84238751558587, 2950992.671212704386562 ], [ 4010907.611984288785607, 2951226.452585104852915 ], [ 4009863.923159622587264, 2951985.832888805773109 ], [ 4009177.879296564031392, 2952956.240892057772726 ], [ 4008432.729727461468428, 2953803.206422815099359 ], [ 4007136.547925277613103, 2954153.028783637098968 ], [ 4006351.504053357522935, 2954756.005371272563934 ], [ 4003965.341702007688582, 2957611.072932387702167 ], [ 4002961.657728677615523, 2958561.159185003489256 ], [ 4001880.261472592130303, 2958954.595388393849134 ], [ 3998542.900647985748947, 2959290.650878869462758 ], [ 3997769.112311038654298, 2959711.208747491240501 ], [ 3996068.792980061843991, 2960973.094632976222783 ], [ 3994262.529289848636836, 2961925.785870836582035 ], [ 3991938.628740683197975, 2963710.065082646906376 ], [ 3989882.509116333909333, 2964042.349653199780732 ], [ 3989138.074663012288511, 2964306.670708520803601 ], [ 3988399.459056488238275, 2965634.929411910008639 ] ] } },
{ "type": "Feature", "properties": { "featurecla": "Lake Centerline", "scalerank": 5.0, "rivernum": 165.0, "name": "Tajo", "name_en": "Tagus", "strokeweig": 0.2 }, "geometry": { "type": "LineString", "coordinates": [ [ 2947425.960058789234608, 1653886.030454884748906 ], [ 2947504.165511050727218, 1653885.908651761943474 ], [ 2948579.011314381845295, 1654621.578254661988467 ], [ 2950019.751705002039671, 1656043.738563035381958 ], [ 2950487.74366221902892, 1657494.632467360934243 ], [ 2950411.745339808985591, 1659579.411371818277985 ], [ 2950766.407071899622679, 1661384.301011969102547 ], [ 2953786.099218045827001, 1664479.709089191863313 ], [ 2954879.155509067233652, 1665714.211868949001655 ], [ 2955667.152929393574595, 1666980.004641295643523 ], [ 2956981.473495933227241, 1668370.492426941171288 ], [ 2960038.646679360419512, 1670862.246489854063839 ], [ 2962537.67687042336911, 1672270.263743283692747 ], [ 2963875.461691854521632, 1672703.308505767490715 ] ] } },
{ "type": "Feature", "properties": { "featurecla": "Lake Centerline", "scalerank": 5.0, "rivernum": 165.0, "name": "Tajo", "name_en": "Tagus", "strokeweig": 0.25 }, "geometry": { "type": "LineString", "coordinates": [ [ 2665744.916676011867821, 1634241.066207689465955 ], [ 2669927.888776563107967, 1631659.707731794798747 ], [ 2672784.00956290634349, 1629093.634505189722404 ], [ 2678513.756797714158893, 1625347.521755496505648 ], [ 2680217.301801571622491, 1624421.273166618077084 ], [ 2686277.862227987498045, 1623800.341110192006454 ], [ 2691620.048874011263251, 1621819.840649744262919 ], [ 2694655.831652160733938, 1621649.46902056527324 ], [ 2697316.843022865243256, 1621977.599451310932636 ], [ 2699652.226226246915758, 1622711.397546475986019 ], [ 2702275.591986471787095, 1623686.678091811249033 ], [ 2705574.389073726721108, 1623522.368386040441692 ], [ 2708918.836104107089341, 1622824.666899706469849 ], [ 2711534.444266716018319, 1622550.094353764783591 ], [ 2714977.677840944379568, 1621685.197119913063943 ], [ 2717313.917237501125783, 1620067.809498718008399 ], [ 2718400.319600274786353, 1618192.151519488310441 ], [ 2720927.002984330058098, 1616313.233862615423277 ], [ 2723503.361029572319239, 1615045.665465170983225 ], [ 2725284.456446569878608, 1614949.947402138030156 ], [ 2726848.669768934138119, 1615724.557939051184803 ], [ 2728221.019614898134023, 1616185.842054636916146 ], [ 2728882.912731308490038, 1616270.647291185799986 ], [ 2729038.056623735930771, 1616260.007233773125336 ] ] } },
{ "type": "Feature", "properties": { "featurecla": "River", "scalerank": 5.0, "rivernum": 165.0, "name": "Tajo", "name_en": "Tagus", "strokeweig": 0.15 }, "geometry": { "type": "LineString", "coordinates": [ [ 3035859.030445356387645, 1642186.394979456672445 ], [ 3037518.048330426216125, 1643120.14365371549502 ], [ 3038403.636432846076787, 1645285.573034784756601 ], [ 3038960.696374963968992, 1648070.781364600872621 ], [ 3039809.159174686297774, 1650497.456235126359388 ], [ 3040192.773158826865256, 1652992.373596371384338 ], [ 3039607.659791481681168, 1655963.753385439515114 ], [ 3038696.998210621997714, 1659121.39763818657957 ], [ 3038270.876741170883179, 1662075.539666930446401 ], [ 3037514.710033289622515, 1664724.484669290250167 ], [ 3035794.471101063303649, 1667142.837113120593131 ], [ 3033241.054904479999095, 1668944.795883546350524 ], [ 3027613.505287123844028, 1671146.075444120680913 ], [ 3024930.416892235632986, 1672682.411143340868875 ], [ 3023002.597039234824479, 1674509.274402889655903 ], [ 3022001.880264687817544, 1676250.895600736606866 ], [ 3021486.23042116779834, 1677566.842794937314466 ], [ 3020737.83078289590776, 1678328.788192230509594 ], [ 3019493.511038100812584, 1678289.079511595424265 ], [ 3015790.333996597677469, 1676804.979174991138279 ], [ 3013841.359084344469011, 1676297.534577548038214 ], [ 3009007.770860861055553, 1676328.972546592354774 ], [ 3004585.508289984427392, 1677235.662652065046132 ], [ 3003018.986058359965682, 1677333.202400949085131 ], [ 2998329.374642656184733, 1676433.883494115900248 ], [ 2992728.596528979018331, 1677394.632021872326732 ] ] } },
{ "type": "Feature", "properties": { "featurecla": "River", "scalerank": 5.0, "rivernum": 165.0, "name": "Tajo", "name_en": "Tagus", "strokeweig": 0.2 }, "geometry": { "type": "LineString", "coordinates": [ [ 2992728.596528979018331, 1677394.632021872326732 ], [ 2987004.058216420002282, 1677667.847969608381391 ], [ 2985581.029711676295847, 1677530.255326778627932 ], [ 2984419.410679320804775, 1676904.472228819038719 ], [ 2983480.502293394878507, 1676241.274901164928451 ], [ 2981974.214192708022892, 1675687.469842856284231 ], [ 2980057.108287589158863, 1673869.957748836372048 ], [ 2979137.203457122668624, 1673203.981763998745009 ], [ 2978389.954974688123912, 1673001.880061283940449 ], [ 2977049.644704480655491, 1673072.899023984791711 ], [ 2976295.290818763896823, 1672998.874415026977658 ], [ 2975663.357074417639524, 1672728.995197322918102 ], [ 2974321.003596032969654, 1671825.497590943006799 ], [ 2971420.252991689834744, 1671969.323565944796428 ], [ 2966478.599465402774513, 1672984.217690891819075 ], [ 2963875.461691854521632, 1672703.308505767490715 ] ] } },
{ "type": "Feature", "properties": { "featurecla": "River", "scalerank": 5.0, "rivernum": 165.0, "name": "Tajo", "name_en": "Tagus", "strokeweig": 0.2 }, "geometry": { "type": "LineString", "coordinates": [ [ 2947504.165511050727218, 1653885.908651761943474 ], [ 2946121.235254213213921, 1653770.618769408436492 ], [ 2945613.223661579657346, 1653608.250311357434839 ], [ 2945073.665724178776145, 1653548.551304090535268 ], [ 2944548.999104277230799, 1653586.129225911106914 ], [ 2943827.668880630750209, 1651931.216425210935995 ], [ 2942989.589200197719038, 1650458.555481822462752 ], [ 2942587.118476501666009, 1649994.574074217816815 ], [ 2941195.535593070089817, 1648659.18929389375262 ], [ 2940606.982476266566664, 1647863.485392866423354 ], [ 2940244.550385380163789, 1647111.87434263387695 ], [ 2939002.222181651275605, 1642395.532244780333713 ], [ 2938686.37179020466283, 1641581.685406741453335 ], [ 2937715.950180481187999, 1640118.581289981957525 ], [ 2936626.817041139118373, 1639275.626344149699435 ], [ 2935410.534506096038967, 1638862.77109296573326 ], [ 2932541.879821251612157, 1638543.718183516757563 ], [ 2931799.625028677284718, 1638269.440868837991729 ], [ 2931168.189043207094073, 1637616.580740278121084 ], [ 2930859.86374796461314, 1636828.470631014090031 ], [ 2930373.147390143945813, 1633868.299578771227971 ], [ 2929432.513616077136248, 1633961.282009684713557 ], [ 2928401.988016579300165, 1633908.250499146059155 ], [ 2927402.07814971357584, 1633631.21531179943122 ], [ 2926546.824687984306365, 1633120.765911652008072 ], [ 2925883.233710636384785, 1632338.794336824445054 ], [ 2924957.185279324185103, 1630566.118501499062404 ], [ 2924379.293184038251638, 1629709.570087826577947 ], [ 2923468.986869497224689, 1628893.039376193191856 ], [ 2920418.52566505363211, 1627030.174673011759296 ], [ 2919641.821441693231463, 1626341.527245263569057 ], [ 2918324.973640108015388, 1624760.151933580171317 ], [ 2917708.386650527827442, 1623856.665279661305249 ], [ 2916144.076329813804477, 1622054.69498605420813 ], [ 2914352.726217234507203, 1620820.391699504572898 ], [ 2907912.939101720228791, 1617702.657204998424277 ], [ 2907241.952059444971383, 1617201.368786423001438 ], [ 2905654.127179987728596, 1614255.958712028339505 ], [ 2905176.391359507106245, 1613793.004928720416501 ], [ 2898262.324135925620794, 1612768.837701810989529 ], [ 2892792.059749357402325, 1611023.804305139696226 ], [ 2889293.602763115428388, 1611060.264330582460389 ], [ 2888202.184848411008716, 1610913.112094505457208 ], [ 2887325.375479217618704, 1611235.566484345821664 ], [ 2885994.751939093694091, 1612736.919304325710982 ], [ 2882920.444503881037235, 1611993.286706691142172 ], [ 2871788.244561622850597, 1614527.769254922633991 ], [ 2861967.180224901996553, 1614528.665861631277949 ], [ 2860775.341291435528547, 1614088.209771135356277 ], [ 2856182.797508457675576, 1610729.94424381502904 ], [ 2854656.72729148901999, 1609860.171927467454225 ], [ 2853045.98847215436399, 1609694.630884669022635 ], [ 2852504.972104420419782, 1609433.536232946207747 ], [ 2850880.003037712536752, 1608133.396907857852057 ], [ 2850389.622178437188268, 1607854.749365605879575 ], [ 2849390.286836624611169, 1607972.929285038728267 ], [ 2843939.263290687929839, 1607313.897924613440409 ], [ 2833426.534626849927008, 1603841.767478956375271 ], [ 2832872.956118430476636, 1603568.162605762248859 ], [ 2832158.109304163604975, 1603358.009041293989867 ], [ 2829131.555225822143257, 1603097.878817316843197 ], [ 2828359.537444598041475, 1602907.221970163052902 ], [ 2827318.565497768111527, 1602470.082062841858715 ], [ 2825756.834224423393607, 1604614.519681181525812 ], [ 2822332.138067203573883, 1606170.042133576702327 ], [ 2815748.076067210175097, 1607738.787275472888723 ], [ 2815340.871836223173887, 1607524.990328715648502 ], [ 2814007.218298617750406, 1606319.579796647187322 ], [ 2813308.271316210273653, 1605864.242690887534991 ], [ 2808757.295812750700861, 1605512.064515008125454 ], [ 2808134.777334930375218, 1605750.419326897943392 ], [ 2807708.77412871690467, 1606522.907910218928009 ], [ 2806697.537570457905531, 1607914.682887302478775 ], [ 2804575.972050016280264, 1606051.153141988907009 ], [ 2804446.825363132171333, 1605392.644924325635657 ], [ 2804776.434152488596737, 1605110.920245541259646 ], [ 2805059.330364088527858, 1604708.118864982854575 ], [ 2805379.000261694192886, 1604450.092752315336838 ], [ 2802476.132513790391386, 1602951.57507627713494 ], [ 2799978.752610811498016, 1604085.765628203051165 ], [ 2797592.590416845865548, 1606279.474039321299642 ], [ 2794999.45549485925585, 1607937.115037730894983 ], [ 2792952.31674962118268, 1608586.615353098604828 ], [ 2791813.129497924819589, 1609214.186895306687802 ], [ 2791074.135011084377766, 1610297.373776854248717 ], [ 2790240.799161630682647, 1612335.997922841692343 ], [ 2789400.992575796321034, 1613770.687114507891238 ], [ 2784434.0561149623245, 1618447.551942061865702 ], [ 2781385.265444003045559, 1620360.876689201453701 ], [ 2780188.145358354318887, 1620831.692529286025092 ], [ 2779095.980358596891165, 1621450.044719987316057 ], [ 2773188.264665400143713, 1626539.162422480760142 ], [ 2772952.799619499128312, 1626841.9913026294671 ], [ 2771857.324817646294832, 1626569.107019618852064 ], [ 2770350.847648832015693, 1625401.815539515111595 ], [ 2769372.144506932236254, 1625284.898582075024024 ], [ 2766455.328467838466167, 1626020.350929423235357 ], [ 2764597.003777360543609, 1626194.220083008520305 ], [ 2762765.90583942970261, 1625865.949336264282465 ], [ 2761981.658926401287317, 1625300.314081094926223 ], [ 2759709.534764999523759, 1623100.924851643154398 ], [ 2754508.738130782265216, 1619680.13116152654402 ], [ 2753506.059203585144132, 1619333.802709919167683 ], [ 2752186.858333135023713, 1618435.501961610047147 ], [ 2746489.017940047662705, 1612410.130413535051048 ], [ 2744619.999588082544506, 1611644.929309092229232 ], [ 2742432.543774778023362, 1611677.46340017975308 ], [ 2738005.178203927353024, 1612647.817998190177605 ], [ 2737093.810331000946462, 1613190.389454982476309 ], [ 2735618.189376792404801, 1615066.181509069167078 ], [ 2734496.237486565019935, 1615652.987352311844006 ], [ 2728882.912731308490038, 1616270.647291185799986 ] ] } },
{ "type": "Feature", "properties": { "featurecla": "River", "scalerank": 5.0, "rivernum": 165.0, "name": "Tajo", "name_en": "Tagus", "strokeweig": 0.25 }, "geometry": { "type": "LineString", "coordinates": [ [ 2665744.916676011867821, 1634241.066207689465955 ], [ 2664788.479514955542982, 1634383.312308018561453 ], [ 2664365.256412895396352, 1634293.779769698390737 ], [ 2663852.674053052440286, 1633894.009966441662982 ], [ 2663455.801164647098631, 1634744.926662864163518 ], [ 2662730.077635793481022, 1634141.329084259690717 ], [ 2660642.38191347476095, 1634901.829251066083089 ], [ 2650328.887198077514768, 1631480.506127534201369 ], [ 2626750.510370417498052, 1629785.564368831692263 ], [ 2623514.463765938766301, 1630627.640602906001732 ], [ 2619246.847024050541222, 1633591.092105660587549 ], [ 2617563.833035577088594, 1634274.82725611072965 ], [ 2616012.501426036003977, 1635202.254967129789293 ], [ 2613421.234892542008311, 1638422.477410757914186 ], [ 2612470.889206652995199, 1639317.504767978796735 ], [ 2610347.80269734095782, 1639858.490423939889297 ], [ 2603278.81130136270076, 1640603.335990116465837 ], [ 2598583.427120041102171, 1641878.670710514532402 ], [ 2596208.252903499640524, 1642133.205527555663139 ], [ 2593277.298766112886369, 1641139.556569598149508 ], [ 2590791.987986924126744, 1640888.380477276165038 ], [ 2589576.922564939595759, 1639639.515107556711882 ], [ 2584775.349565109238029, 1637024.77601405302994 ], [ 2582728.558943947311491, 1636249.782663149526343 ], [ 2580574.682927208952606, 1635932.659027382265776 ], [ 2569510.263438167981803, 1637131.05371991218999 ] ] } },
{ "type": "Feature", "properties": { "featurecla": "Lake Centerline", "scalerank": 5.0, "rivernum": 166.0, "name": "Vistula", "name_en": "Vistula", "strokeweig": 0.2 }, "geometry": { "type": "LineString", "coordinates": [ [ 4609534.488352177664638, 2613472.543534247204661 ], [ 4611119.920775036327541, 2614526.449567906092852 ], [ 4612116.468614475801587, 2614831.169029701966792 ], [ 4613306.026290928013623, 2615061.629831039346755 ], [ 4614681.815205932594836, 2615246.200389243662357 ], [ 4615860.726784648373723, 2615507.688861259724945 ], [ 4618152.73429723456502, 2615252.113369529601187 ] ] } },
{ "type": "Feature", "properties": { "featurecla": "River", "scalerank": 5.0, "rivernum": 166.0, "name": "Vistula", "name_en": "Vistula", "strokeweig": 0.15 }, "geometry": { "type": "LineString", "coordinates": [ [ 4617885.558819368481636, 2584052.792556106112897 ], [ 4615398.010066314600408, 2587562.096482811961323 ], [ 4615205.043491864576936, 2588225.667613332159817 ], [ 4613681.698020607233047, 2589152.00285694655031 ], [ 4612764.490259993821383, 2591656.923414367251098 ], [ 4612001.809095060452819, 2597075.313243025913835 ], [ 4611335.616566169075668, 2599351.515246899332851 ], [ 4610130.702813166193664, 2601505.153045555111021 ], [ 4607663.642026549205184, 2605053.391769227106124 ], [ 4606541.996359260752797, 2607732.476603521034122 ], [ 4606447.712380053475499, 2610243.441310540307313 ], [ 4607428.294418001547456, 2612261.939506018068641 ], [ 4609525.337987499311566, 2613463.523588916752487 ] ] } },
{ "type": "Feature", "properties": { "featurecla": "River", "scalerank": 5.0, "rivernum": 166.0, "name": "Vistula", "name_en": "Vistula", "strokeweig": 0.2 }, "geometry": { "type": "LineString", "coordinates": [ [ 4618152.73429723456502, 2615252.113369529601187 ], [ 4618745.256989251822233, 2614867.125015415716916 ], [ 4619108.921265269629657, 2614541.51669943658635 ], [ 4619537.640937277115881, 2614242.343974829185754 ], [ 4620045.37686524912715, 2613995.101047333329916 ], [ 4621640.370894422754645, 2615656.064442726317793 ], [ 4623391.290170658379793, 2617038.207953467033803 ], [ 4625414.020546923391521, 2618060.804055510554463 ], [ 4628226.309794186614454, 2618759.039579679258168 ], [ 4629426.682425328530371, 2619309.215441962238401 ], [ 4629840.419366242364049, 2619630.014812478329986 ], [ 4630435.805598887614906, 2620327.494836945086718 ], [ 4630523.222674511373043, 2620502.183139492291957 ], [ 4630343.078978999517858, 2620717.664373574312776 ], [ 4630120.65587551984936, 2621548.912484668660909 ], [ 4630029.233945811167359, 2623247.323049518279731 ], [ 4630258.457078263163567, 2624420.014779948629439 ], [ 4631274.984572577290237, 2627202.204670730512589 ], [ 4631063.058150440454483, 2627400.471254095900804 ], [ 4631000.557710219174623, 2627437.623821265529841 ], [ 4630946.291564125567675, 2627518.08369365753606 ], [ 4630765.265940868295729, 2627878.761895283591002 ], [ 4631262.01089552976191, 2628072.678839382249862 ], [ 4631525.907804360613227, 2628277.298019033391029 ], [ 4631735.612651196308434, 2628506.897307444363832 ], [ 4632075.8094134144485, 2628781.835994813591242 ], [ 4631507.707172648049891, 2629517.108463954180479 ], [ 4631836.928219318389893, 2630152.727985739707947 ], [ 4632222.482724187895656, 2630663.264584570657462 ], [ 4632730.648892803117633, 2631035.857002784963697 ], [ 4633443.711160412989557, 2631238.53334486624226 ], [ 4634942.071379508823156, 2631365.16816546395421 ], [ 4635780.970235785469413, 2631676.451708310749382 ], [ 4636434.414538112469018, 2632353.127778510563076 ], [ 4637859.452169953845441, 2631303.186535891611129 ], [ 4639384.552217371761799, 2630760.468808226753026 ], [ 4640898.265687013044953, 2630634.369973999448121 ], [ 4644998.081745841540396, 2631645.941809786017984 ], [ 4646474.900656258687377, 2631411.05500534363091 ], [ 4647206.134055820293725, 2629949.82550155185163 ], [ 4647685.348724566400051, 2630011.004494303371757 ], [ 4648084.021502410061657, 2630622.421915786806494 ], [ 4648611.413143369369209, 2630679.278859591111541 ], [ 4649183.339186251163483, 2630281.858564788475633 ], [ 4649688.745114766061306, 2629526.97374230157584 ], [ 4650114.377123358659446, 2629581.513625996187329 ], [ 4651581.994729722850025, 2630964.952765982132405 ], [ 4653958.116663383319974, 2631159.80766672315076 ], [ 4656441.181455485522747, 2630660.938366373535246 ], [ 4658209.515719974413514, 2629951.3860650123097 ], [ 4660089.535805572755635, 2628807.331495121587068 ], [ 4660797.80983042344451, 2628132.604727174155414 ], [ 4661710.787306423299015, 2627013.890106658451259 ], [ 4662800.892497148364782, 2626317.773381202947348 ], [ 4664191.542352393269539, 2626168.978307863231748 ], [ 4665489.053811149671674, 2626497.646726408042014 ], [ 4666234.729292942211032, 2627235.57200562255457 ], [ 4666663.906466404907405, 2627291.940963231027126 ], [ 4668340.305606679990888, 2626528.487687583081424 ], [ 4670388.99904496408999, 2626645.286617547739297 ], [ 4674555.445977604016662, 2627594.257462206762284 ], [ 4675507.255165513604879, 2628133.607091957703233 ], [ 4676195.502576088532805, 2629241.235026188660413 ], [ 4676589.081990593113005, 2630637.743092354387045 ], [ 4676611.448588791303337, 2632003.275956548750401 ], [ 4677095.840203946456313, 2632716.163666866719723 ], [ 4679676.679978487081826, 2634622.703841760754585 ], [ 4680706.14603044744581, 2635078.430356666445732 ], [ 4682024.941142627969384, 2635409.271956410259008 ], [ 4684509.825181014835835, 2637072.873833433259279 ], [ 4686618.038697810843587, 2637358.272160301916301 ], [ 4687303.820138197392225, 2637578.334738989826292 ], [ 4688242.093226245604455, 2638272.141565851867199 ], [ 4688618.337404982186854, 2638437.10360922338441 ], [ 4689709.259636925533414, 2637632.793214193545282 ], [ 4690386.73184481356293, 2637288.403765911702067 ], [ 4690638.564545024186373, 2637566.242796919774264 ], [ 4690985.120930541306734, 2637449.420525324065238 ], [ 4692935.272412955760956, 2638218.816881013568491 ], [ 4696983.718776793219149, 2637657.406694514211267 ], [ 4697783.859855937771499, 2638209.695196053478867 ], [ 4700849.465443854220212, 2637812.409015345852822 ], [ 4704621.68814605474472, 2639500.961033704224974 ], [ 4707723.889090275391936, 2642237.509860994294286 ], [ 4708772.877772239036858, 2644918.583198205102235 ] ] } },
{ "type": "Feature", "properties": { "featurecla": "River", "scalerank": 5.0, "rivernum": 166.0, "name": "Vistula", "name_en": "Vistula", "strokeweig": 0.25 }, "geometry": { "type": "LineString", "coordinates": [ [ 4629906.861182085238397, 2900180.147868902422488 ], [ 4632627.779988199472427, 2899664.330533741507679 ], [ 4633901.763313938863575, 2899183.766135456971824 ], [ 4635516.54840843565762, 2897716.12049915920943 ], [ 4636755.450951529666781, 2897019.774823351763189 ], [ 4637476.331625401973724, 2896334.374272896442562 ], [ 4638125.641569938510656, 2895215.960808624513447 ], [ 4638254.458767724223435, 2894610.913084722589701 ], [ 4638578.89792834687978, 2894309.832674632780254 ], [ 4639827.310385813936591, 2894086.647383810952306 ], [ 4642447.937400430440903, 2894436.164242726285011 ], [ 4643171.924503428861499, 2894220.540844847913831 ], [ 4644633.341149433515966, 2893449.819215536583215 ], [ 4645088.414196505211294, 2893312.263224391732365 ], [ 4646463.644990929402411, 2893139.494917379692197 ], [ 4657504.227159108035266, 2886452.292240345384926 ], [ 4660465.46326064877212, 2885705.359049066901207 ], [ 4666189.882620939053595, 2886117.729440425988287 ], [ 4673441.263537847436965, 2888536.200184853281826 ], [ 4678964.867800855077803, 2888278.735326104797423 ], [ 4680685.132052737288177, 2888913.968816214706749 ], [ 4684935.060874222777784, 2892830.406051417812705 ], [ 4686541.774679481051862, 2893838.907308575697243 ], [ 4690184.609718456864357, 2895065.750837741885334 ], [ 4697579.459348853677511, 2895762.193281795829535 ], [ 4698914.382270526140928, 2897062.010988852474838 ], [ 4699721.051243638619781, 2896153.109066546428949 ], [ 4700924.790060507133603, 2895392.367839347571135 ], [ 4702291.823860014788806, 2894915.640109485480934 ], [ 4705157.62891888152808, 2894730.504532027058303 ], [ 4709133.988081905990839, 2892631.056562476791441 ], [ 4710389.334283963777125, 2892551.074842046014965 ], [ 4713155.505020957440138, 2892992.355162968859076 ], [ 4714427.356575148180127, 2892300.357855084817857 ], [ 4715542.093481091782451, 2890701.797683126293123 ], [ 4716967.811306735500693, 2887783.388047845102847 ], [ 4718170.496306100860238, 2886543.235152698587626 ], [ 4718893.017873073928058, 2886213.282403327990323 ], [ 4720401.920870072208345, 2885868.337435629218817 ], [ 4721097.948395319283009, 2885500.218022878747433 ], [ 4724051.296697367914021, 2881652.601725939661264 ], [ 4726182.298397608101368, 2878271.448079632595181 ], [ 4727039.112359097227454, 2877928.186765023972839 ], [ 4728711.405061462894082, 2877604.685389291029423 ], [ 4729909.741338934749365, 2876299.73258012207225 ], [ 4732770.209762088954449, 2872494.921909630764276 ], [ 4734716.906213037669659, 2871243.41264888131991 ], [ 4737647.399365052580833, 2868412.096306564752012 ], [ 4738527.432780253700912, 2867293.688647394068539 ], [ 4738914.735540388152003, 2866256.667805209755898 ], [ 4739003.101297405548394, 2865314.648750207852572 ], [ 4738868.605170477181673, 2864418.212932955939323 ], [ 4738612.957536237314343, 2863521.876932116691023 ], [ 4738722.644975740462542, 2862803.426858423743397 ], [ 4739461.658098738640547, 2862313.810893359128386 ], [ 4740157.853584036231041, 2861655.829760761931539 ], [ 4740754.290258756838739, 2860645.566529144067317 ], [ 4741156.367824322544038, 2859088.016824007965624 ], [ 4741171.087306183762848, 2857664.95623492449522 ], [ 4740961.290077301673591, 2856894.999335256870836 ], [ 4741116.868634352460504, 2856241.985280748922378 ], [ 4742177.571576598100364, 2855156.861063032411039 ], [ 4743152.092309270054102, 2854722.260303612798452 ], [ 4744258.636507933028042, 2854454.087131355889142 ], [ 4745248.606064230203629, 2853836.415445472113788 ], [ 4745854.293828397989273, 2852350.168138057924807 ], [ 4745657.420371608808637, 2850899.784748384729028 ], [ 4743510.025465156883001, 2846456.219994981307536 ], [ 4744231.646780727431178, 2845818.315753941424191 ], [ 4745632.647936924360693, 2845035.26017670892179 ], [ 4746169.598637814633548, 2844576.259897134266794 ], [ 4747701.170581095851958, 2841838.921947626862675 ], [ 4748336.787429854273796, 2841703.176285132300109 ], [ 4749816.997010468505323, 2840909.36464472161606 ], [ 4752097.227376536466181, 2840836.931438249070197 ], [ 4753245.887831863947213, 2840470.584570453967899 ], [ 4754420.142108696512878, 2839750.049655831884593 ], [ 4757822.967412763275206, 2836323.276640876661986 ], [ 4758535.6397844562307, 2834708.560207228641957 ], [ 4757580.925251854583621, 2832058.9218187071383 ], [ 4758137.733257945626974, 2830026.967030560597777 ], [ 4759143.552574819885194, 2828903.922550702467561 ], [ 4760571.765074342489243, 2827677.001471167430282 ], [ 4761920.694112261757255, 2826222.939908614382148 ], [ 4762701.81793795991689, 2824393.551678338553756 ], [ 4763608.442755974829197, 2823558.313518124166876 ], [ 4767376.720570479519665, 2823852.297626625280827 ], [ 4768829.66855503898114, 2823603.098907286766917 ], [ 4769184.671486033126712, 2823069.517744232900441 ], [ 4769828.429189710877836, 2821397.087572049349546 ], [ 4770200.344358507543802, 2820778.579443321097642 ], [ 4770937.673694500699639, 2820191.230687237344682 ], [ 4771729.495941721834242, 2819825.040981311351061 ], [ 4772544.657323692925274, 2819688.397311833221465 ], [ 4773365.46111058536917, 2819725.406028525903821 ], [ 4774913.340770575217903, 2819452.952542376238853 ], [ 4776104.835691224783659, 2818407.142859324812889 ], [ 4777178.081990956328809, 2817130.23962841136381 ], [ 4778337.252512173727155, 2816127.492047264240682 ], [ 4780312.932821048423648, 2815571.38136054482311 ], [ 4783828.708436721935868, 2815390.31379078514874 ], [ 4784971.021444655954838, 2815701.227632923517376 ], [ 4786476.149042866192758, 2816679.249221113044769 ], [ 4787115.158183818683028, 2816721.066821700427681 ], [ 4788260.842080170288682, 2816188.415139033459127 ], [ 4788647.799853498116136, 2815289.011029456276447 ], [ 4788784.026337557472289, 2814075.47150486940518 ], [ 4789171.803646897897124, 2812596.980745505075902 ], [ 4790659.927871005609632, 2810937.573308429680765 ], [ 4791097.612138694152236, 2809666.496674727648497 ], [ 4790286.677213612012565, 2808321.151051005814224 ], [ 4790405.035783310420811, 2807588.328311952296644 ], [ 4795155.330948678776622, 2807866.291071110405028 ], [ 4796289.209167819470167, 2807466.014835050795227 ], [ 4797384.945321157574654, 2805629.972171411383897 ], [ 4799017.646980412304401, 2801075.18000941677019 ], [ 4799759.439884703606367, 2799381.015097015537322 ], [ 4801970.048504924401641, 2796172.779045759700239 ], [ 4802311.244637154974043, 2794554.187411365099251 ], [ 4799679.751046227291226, 2792971.289825586602092 ], [ 4796963.832943363115191, 2790217.808152352459729 ], [ 4796221.609462342225015, 2789146.174157161265612 ], [ 4795927.557889406569302, 2788288.114218131639063 ], [ 4795674.266904007643461, 2786724.613057897891849 ], [ 4795326.643199885264039, 2786030.673523706849664 ], [ 4794703.768197524361312, 2785512.796654673293233 ], [ 4793531.100719346664846, 2785137.391405878588557 ], [ 4792989.719777379184961, 2784505.406404213514179 ], [ 4792450.702256741002202, 2782678.386096497997642 ], [ 4792303.763450308702886, 2775880.464354324620217 ], [ 4791989.183096834458411, 2774243.968225352466106 ], [ 4791893.13060696143657, 2773282.843574999831617 ], [ 4791984.469314450398088, 2772049.009835641365498 ], [ 4792265.040265065617859, 2771238.732048734556884 ], [ 4793188.862182356417179, 2769442.745345447212458 ], [ 4794258.707409745082259, 2766118.966983068268746 ], [ 4796554.306637160480022, 2762299.457560455426574 ], [ 4797046.399042100645602, 2760909.737968167290092 ], [ 4796869.95534148439765, 2760238.38416971033439 ], [ 4796419.312904044985771, 2759708.806956846732646 ], [ 4795876.564614605158567, 2759334.467678949702531 ], [ 4795418.87399810180068, 2759159.838294159155339 ], [ 4795535.560379469767213, 2758434.818633366841823 ], [ 4796917.104554954916239, 2757722.265323966275901 ], [ 4797453.632123964838684, 2755683.540730418171734 ], [ 4797701.909214766696095, 2751021.557711659930646 ], [ 4797684.177949044853449, 2750673.36065308470279 ], [ 4797543.326946212910116, 2750443.465638474561274 ], [ 4797423.24686869699508, 2750105.352279990911484 ], [ 4797455.156976697966456, 2749427.791239036712795 ], [ 4797693.867063739337027, 2748841.977270573377609 ], [ 4798048.569793148897588, 2748620.193490603938699 ], [ 4798398.162936799228191, 2748471.987556422129273 ], [ 4798598.589708419516683, 2748124.421729083172977 ], [ 4798879.598371900618076, 2747152.295600243844092 ], [ 4801639.377840839326382, 2740945.797755756415427 ], [ 4802787.994734313338995, 2737316.570388560183346 ], [ 4803505.199140662327409, 2733402.442600154317915 ], [ 4803630.640718189999461, 2729145.594937888905406 ], [ 4803416.179808154702187, 2727384.188764075282961 ], [ 4802934.398453556932509, 2725353.892910589464009 ], [ 4802159.658077185042202, 2723629.809599827043712 ], [ 4801053.333624471910298, 2722787.590437265578657 ], [ 4799332.371926363557577, 2722218.824876249302179 ], [ 4798314.851831786334515, 2721197.695913510397077 ], [ 4796894.452596765942872, 2717668.999801450408995 ], [ 4794299.534333884716034, 2713351.082668833900243 ], [ 4794085.385239906609058, 2711617.462047557812184 ], [ 4794064.641763414256275, 2709516.335367650724947 ], [ 4793469.143479473888874, 2707730.158358689397573 ], [ 4791792.089320180006325, 2704906.993633581325412 ], [ 4790714.14054402243346, 2703655.664011235814542 ], [ 4786554.17960458714515, 2701849.774013662710786 ], [ 4780539.767698612064123, 2697942.515428601298481 ], [ 4780871.173283979296684, 2697489.925575727596879 ], [ 4781805.445445442572236, 2695910.532051418442279 ], [ 4780726.766709037125111, 2694354.046631433069706 ], [ 4779154.341987680643797, 2693068.745180022437125 ], [ 4777491.699789149686694, 2692425.557885617483407 ], [ 4776129.019894924014807, 2692798.06040725344792 ], [ 4772527.730676136910915, 2688526.516689265146852 ], [ 4772307.836523728445172, 2688413.032187004107982 ], [ 4771318.658530412241817, 2688340.338045046199113 ], [ 4771084.347619923762977, 2688099.988339052069932 ], [ 4771190.433880397118628, 2687630.752062167041004 ], [ 4771351.808973761275411, 2687132.874705229885876 ], [ 4771319.20814052131027, 2686793.54399141529575 ], [ 4770650.125516418367624, 2686114.922453391365707 ], [ 4770180.979366728104651, 2686077.347628459800035 ], [ 4769470.16135470662266, 2686509.48379192315042 ], [ 4769337.00845249556005, 2684944.935365290381014 ], [ 4768635.263385542668402, 2684099.815230601467192 ], [ 4767911.790275449864566, 2683572.515875779092312 ], [ 4767638.941808506846428, 2682960.381292780395597 ], [ 4767692.825039806775749, 2682053.354152749292552 ], [ 4767474.5877805063501, 2681815.704800866544247 ], [ 4767114.876995825208724, 2681726.232141759246588 ], [ 4766688.155322967097163, 2681297.596407971344888 ], [ 4765758.060966411605477, 2679449.903489015065134 ], [ 4765785.732434405013919, 2679268.429390854202211 ], [ 4764619.349379443563521, 2678833.407124496530741 ], [ 4763868.024738812819123, 2679307.965293851215392 ], [ 4763143.862664490006864, 2680006.904005752876401 ], [ 4762077.47045776899904, 2680256.086610923055559 ], [ 4761421.663766825571656, 2679992.145826716907322 ], [ 4758832.57044109236449, 2678213.124049701727927 ], [ 4758271.39474867656827, 2677589.993659676518291 ], [ 4757743.503990249708295, 2676767.754375670105219 ], [ 4757082.976546798832715, 2676013.131994629278779 ], [ 4756095.277767893858254, 2675580.673220788594335 ], [ 4751071.36223020311445, 2674660.386127538979053 ], [ 4750407.048080391250551, 2674288.067346804775298 ], [ 4749906.638273731805384, 2673704.314705224707723 ], [ 4749374.372481119818985, 2672718.169879120774567 ], [ 4748797.081845526583493, 2672260.985567502211779 ], [ 4746962.998327061533928, 2671802.663576731458306 ], [ 4746123.205078888684511, 2671052.34503754787147 ], [ 4744973.153596396557987, 2671592.382068704813719 ], [ 4744155.452643426135182, 2670874.866252379026264 ], [ 4743375.062166394665837, 2669765.39123892923817 ], [ 4742337.756269068457186, 2669082.082700266968459 ], [ 4739363.086872700601816, 2671175.51251559657976 ], [ 4739011.54104914329946, 2670447.951522735413164 ], [ 4738845.998621483333409, 2668568.238845364656299 ], [ 4737628.832090557552874, 2666905.447722166310996 ], [ 4737414.961072912439704, 2666741.595611404627562 ], [ 4736815.163236289285123, 2666614.02564904699102 ], [ 4736560.841065202839673, 2666378.036363307852298 ], [ 4736403.83729478251189, 2665825.001840319950134 ], [ 4736485.701453177258372, 2664684.07457686914131 ], [ 4736368.321108946576715, 2664091.791583886835724 ], [ 4735554.519454354420304, 2663029.404472172260284 ], [ 4733501.970930968411267, 2661643.644244295544922 ], [ 4732852.885633634403348, 2660213.605032415594906 ], [ 4732750.819305708631873, 2659043.366840908769518 ], [ 4729034.550986039452255, 2653729.980003948323429 ], [ 4727704.126405657269061, 2652637.155711334198713 ], [ 4726086.455370552837849, 2651975.049776702187955 ], [ 4716842.864093884825706, 2650294.269775623455644 ], [ 4714900.425963166169822, 2648742.367242125794291 ], [ 4713466.314277467317879, 2647925.218292109668255 ], [ 4712890.358226565644145, 2647783.022945543285459 ], [ 4712230.432262033224106, 2647390.708370961248875 ], [ 4712126.636466064490378, 2646676.914920306764543 ], [ 4712198.594264796935022, 2645924.325486334040761 ], [ 4712080.593617706559598, 2645383.331073734909296 ], [ 4711347.538187676109374, 2644829.93465415481478 ], [ 4710577.641586076468229, 2644610.461851194035262 ], [ 4709735.276148516684771, 2644664.29583218600601 ], [ 4708772.877772239036858, 2644918.583198205102235 ] ] } },
{ "type": "Feature", "properties": { "featurecla": "River", "scalerank": 5.0, "rivernum": 166.0, "name": "Vistula", "name_en": "Vistula", "strokeweig": 0.3 }, "geometry": { "type": "LineString", "coordinates": [ [ 4629906.861182085238397, 2900180.147868902422488 ], [ 4628762.27508634980768, 2900837.439292293973267 ], [ 4627483.137886999174953, 2901120.04400002444163 ], [ 4624615.316852487623692, 2900971.008012521080673 ], [ 4623699.021477561444044, 2901195.932168631348759 ], [ 4619529.831791153177619, 2903336.824919942766428 ], [ 4615706.271692499518394, 2904424.421176178380847 ], [ 4613282.079737455584109, 2906450.330499440431595 ], [ 4612054.448057902976871, 2906859.71321025909856 ], [ 4606793.995373367331922, 2906376.31014426285401 ], [ 4590300.291724584065378, 2908821.558822691906244 ], [ 4587951.353622896596789, 2910463.286791964434087 ], [ 4586894.040803534910083, 2911827.759165283292532 ], [ 4584891.385399935767055, 2914941.136570696718991 ], [ 4580502.474932043813169, 2920607.520148050971329 ], [ 4579768.494148945435882, 2922033.613297176547348 ], [ 4578434.730350175872445, 2925637.403086877893656 ], [ 4577735.497260881587863, 2926520.562579576857388 ], [ 4576372.737682688981295, 2927281.340312516782433 ], [ 4575693.526072331704199, 2927923.891258151270449 ], [ 4575028.270579767413437, 2928398.976604593917727 ], [ 4574345.233635793440044, 2928491.248431026469916 ], [ 4573766.139358808286488, 2928783.837487991899252 ], [ 4573136.031672822311521, 2930566.904078994411975 ], [ 4572631.426328920759261, 2930987.530610824935138 ], [ 4565095.375420244410634, 2934551.407592557836324 ], [ 4564091.548488992266357, 2936420.543051196727902 ], [ 4563242.66148183401674, 2938739.075974427163601 ], [ 4562291.270869782194495, 2940715.151775785721838 ], [ 4560981.324647899717093, 2941816.336296306923032 ], [ 4559803.037847928702831, 2941532.211803300306201 ], [ 4558600.210016991011798, 2940695.670246594585478 ], [ 4557216.742545926943421, 2940118.536284799221903 ], [ 4546811.267581436783075, 2941185.043351260945201 ], [ 4536821.212476915679872, 2945794.887659332714975 ], [ 4528242.298184032551944, 2946974.164340298157185 ], [ 4527092.9281384088099, 2947501.757633782923222 ], [ 4525816.045475542545319, 2948839.707524431403726 ], [ 4525845.971653769724071, 2950235.21612325264141 ], [ 4528965.400261951610446, 2954755.881282086949795 ], [ 4528993.547825553454459, 2955842.274845311883837 ], [ 4528584.794646365568042, 2957231.389133367687464 ], [ 4528550.976127337664366, 2958474.709962589666247 ], [ 4528725.715132472105324, 2959326.472096162848175 ], [ 4529981.837033359333873, 2961995.379335908219218 ], [ 4533239.033014267683029, 2964104.842740444466472 ], [ 4534961.076748144812882, 2966764.67342961858958 ], [ 4536378.095930764451623, 2973128.022989231627434 ], [ 4537706.562338326126337, 2975832.222128774039447 ], [ 4538829.005317762494087, 2976612.970027019735426 ], [ 4541504.594399605877697, 2977746.281145311426371 ], [ 4542479.564442526549101, 2978894.434199946466833 ], [ 4543477.892294088378549, 2980933.827315469272435 ], [ 4544281.60927589610219, 2982049.576446126680821 ], [ 4551610.840873210690916, 2985941.598592039197683 ], [ 4552269.889362179674208, 2985762.231571682728827 ], [ 4555280.534883956424892, 2986888.024831056594849 ], [ 4556319.273342008702457, 2987534.137157587800175 ], [ 4558203.183180007152259, 2989494.534142748452723 ], [ 4559440.453641576692462, 2991704.385967530775815 ], [ 4560111.980836509726942, 2994548.371050385758281 ], [ 4560330.666831885464489, 2999727.407286512665451 ], [ 4560132.161853801459074, 3004166.586505618412048 ], [ 4559745.542007762938738, 3005086.102807241957635 ], [ 4559116.101910024881363, 3005878.840367388911545 ], [ 4558518.107246723026037, 3007730.939528759103268 ], [ 4558080.68274215888232, 3009689.504058415535837 ], [ 4557933.928499381989241, 3010791.12252136413008 ], [ 4558269.36615261528641, 3011881.345145605038851 ], [ 4559465.865638247691095, 3014100.854617952369153 ], [ 4559651.040274435654283, 3015101.912810375448316 ], [ 4559820.052405930124223, 3016789.000297589227557 ], [ 4560662.255496685393155, 3017281.324514503125101 ], [ 4561718.519692210480571, 3017505.777288190554827 ], [ 4562949.439218206331134, 3018836.388954884372652 ], [ 4563413.254895035177469, 3019077.407524372916669 ], [ 4563799.538134613074362, 3019388.528082874137908 ], [ 4563892.406459126621485, 3020050.692461057566106 ], [ 4563918.932840675115585, 3020429.659726541023701 ], [ 4564072.860940024256706, 3020506.424604096915573 ], [ 4564223.274666133336723, 3020638.344087593723089 ], [ 4564228.429181158542633, 3021168.230221164412796 ], [ 4564018.265065690502524, 3021870.639759570825845 ], [ 4563356.448083596304059, 3022677.434756138827652 ], [ 4563108.947809768840671, 3023248.3557751160115 ], [ 4562157.553846866823733, 3029122.67640138650313 ], [ 4561767.436359819024801, 3030152.868136742152274 ], [ 4562392.791308681480587, 3032578.272131318692118 ], [ 4563748.61318214982748, 3036044.952288006898016 ], [ 4563747.040880301967263, 3038127.841682913247496 ], [ 4563194.821430864743888, 3039463.965978366322815 ], [ 4561288.366259682923555, 3041669.126728983595967 ], [ 4561200.370996132493019, 3042399.653017085045576 ], [ 4561871.321068180724978, 3044087.227546066511422 ], [ 4561167.609091637656093, 3045651.448599820490927 ], [ 4560183.05361026711762, 3047219.001884473487735 ], [ 4560018.888572975993156, 3048919.80721555929631 ], [ 4557840.709878920577466, 3052517.42155071394518 ], [ 4556972.61463862285018, 3058117.811225714161992 ], [ 4557193.041339201852679, 3064002.771664837375283 ], [ 4558300.976777893491089, 3068403.932674255687743 ], [ 4558939.670730397105217, 3069288.499229827430099 ], [ 4561221.311566344462335, 3071346.44377746200189 ], [ 4561840.835998065769672, 3072253.059710175730288 ], [ 4562332.686066136695445, 3073186.652406899724156 ], [ 4562685.409529373049736, 3074190.801364948041737 ], [ 4562911.371747662313282, 3075317.290854080114514 ], [ 4562774.940928228199482, 3078094.620394034311175 ], [ 4561693.394361717626452, 3084385.413787828758359 ], [ 4561828.175835134461522, 3087778.752338497433811 ] ] } },
{ "type": "Feature", "properties": { "featurecla": "River", "scalerank": 5.0, "rivernum": 178.0, "name": "Loire", "name_en": "Loire", "strokeweig": 0.2 }, "geometry": { "type": "LineString", "coordinates": [ [ 3491148.570782496128231, 2284963.357129549141973 ], [ 3490799.329452700447291, 2286488.254257862456143 ], [ 3490952.840628661680967, 2288312.589430244173855 ], [ 3491338.848800884559751, 2290307.612911989446729 ], [ 3491286.548086395021528, 2292359.64007464889437 ], [ 3490715.687637356575578, 2293381.514989037998021 ], [ 3489858.323091716505587, 2293923.982431919313967 ], [ 3489052.307023060973734, 2294664.878618820570409 ], [ 3488594.122030515223742, 2296298.960208381526172 ], [ 3488679.378358127083629, 2297847.342798022087663 ], [ 3488957.426110802218318, 2299377.463597703259438 ], [ 3489087.03604847099632, 2301013.936563594732434 ], [ 3488674.054013355635107, 2302925.974814839661121 ] ] } },
{ "type": "Feature", "properties": { "featurecla": "River", "scalerank": 5.0, "rivernum": 178.0, "name": "Loire", "name_en": "Loire", "strokeweig": 0.25 }, "geometry": { "type": "LineString", "coordinates": [ [ 3274867.883829387836158, 2334952.665679661091417 ], [ 3276562.221600368618965, 2336003.833694911561906 ], [ 3278560.73479910986498, 2336397.152510988526046 ], [ 3285058.901309388689697, 2336226.729577879421413 ], [ 3297677.925244966521859, 2341136.047391345724463 ], [ 3299400.828380919061601, 2342465.054971746634692 ], [ 3300554.268477253615856, 2343024.068514010403305 ], [ 3303040.577088667079806, 2342898.70302146114409 ], [ 3304056.702888044063002, 2343375.638615488540381 ], [ 3306038.586667544674128, 2345334.700888671912253 ], [ 3307199.058524139225483, 2346238.212660715449601 ], [ 3308326.192401157226413, 2346886.767421278171241 ], [ 3311239.273232102394104, 2347861.401051979511976 ], [ 3323388.225644969381392, 2349263.252290595322847 ], [ 3329044.951120685320348, 2348532.650915033649653 ], [ 3331636.531234029214829, 2347565.47277145460248 ], [ 3337608.6467714025639, 2346619.595926671288908 ], [ 3360183.820464063435793, 2353492.312404210679233 ], [ 3361794.590787839144468, 2353564.25374344876036 ], [ 3363269.623592361807823, 2354062.640575103927404 ], [ 3364590.920526693575084, 2355531.45047423010692 ], [ 3366744.312601921614259, 2358889.883090776391327 ], [ 3369058.433356908615679, 2361418.23634673235938 ], [ 3379399.893278368283063, 2368764.079802244901657 ], [ 3380964.821395472623408, 2369538.851509694941342 ], [ 3384294.079320424702018, 2369861.568046710919589 ], [ 3385869.913613822776824, 2370525.392610877286643 ], [ 3390237.445970366708934, 2373604.149171763565391 ], [ 3390522.200731277000159, 2374284.932166093494743 ], [ 3390747.149556550197303, 2375783.673362273722887 ], [ 3391184.941266986075789, 2376182.753448826726526 ], [ 3392937.205661477986723, 2376637.912859886419028 ], [ 3393374.168635772541165, 2377031.952341894153506 ], [ 3395303.612943193875253, 2380838.519269777461886 ], [ 3396056.888032388407737, 2381513.76832155091688 ], [ 3396668.173580450937152, 2381629.323062439449131 ], [ 3397257.6511788116768, 2381647.033553124405444 ], [ 3397975.733475100249052, 2382014.789395573548973 ], [ 3401500.984608388040215, 2386228.790236062835902 ], [ 3402029.281537669710815, 2387130.757244878448546 ], [ 3402838.880690295249224, 2387911.328089943621308 ], [ 3410713.386691955849528, 2389997.841150288004428 ], [ 3412092.644126474391669, 2390742.826835953630507 ], [ 3413277.167248962447047, 2391818.583120558876544 ], [ 3414490.641623887233436, 2392291.951480146031827 ], [ 3421053.72763461433351, 2391104.94783821888268 ], [ 3423113.230240376200527, 2389864.396311285439879 ], [ 3424446.668537576217204, 2389487.421786241233349 ], [ 3424853.018119390122592, 2389042.132879210170358 ], [ 3425023.943078237585723, 2387109.64558056788519 ], [ 3425359.225916019175202, 2386431.866657331585884 ], [ 3426016.120815454982221, 2386329.206849893555045 ], [ 3426632.95224208664149, 2386711.415052208583802 ], [ 3427267.83138650842011, 2387229.011552270967513 ], [ 3427968.320759653113782, 2387565.376415177248418 ], [ 3429670.487417709082365, 2387440.48954210896045 ], [ 3432550.809324951842427, 2385976.006568884011358 ], [ 3439063.917652672156692, 2384685.625848239287734 ], [ 3440099.43753526546061, 2384061.831562804058194 ], [ 3439976.888700309209526, 2382121.710199051070958 ], [ 3443340.858587763272226, 2379968.774617966264486 ], [ 3442515.110785873606801, 2378635.36354111135006 ], [ 3442446.210546392016113, 2377977.514215662144125 ], [ 3442813.212415385991335, 2377474.600387850310653 ], [ 3443270.613543023820966, 2377189.229369592387229 ], [ 3444596.651687539648265, 2376945.176674322225153 ], [ 3445445.252496782690287, 2376555.878957001492381 ], [ 3445901.607904362492263, 2375814.31636301940307 ], [ 3446193.751204626634717, 2375031.817008045502007 ], [ 3446560.785552545450628, 2374523.929842544719577 ], [ 3447824.480942502617836, 2374118.34204644151032 ], [ 3452017.004209654871374, 2373959.878708961419761 ], [ 3454321.702466146089137, 2372947.576050528790802 ], [ 3471045.337752399034798, 2359549.459835540968925 ], [ 3471289.980520627461374, 2359140.106561554595828 ], [ 3471669.596765434369445, 2358292.716658493503928 ], [ 3471904.707477630116045, 2357966.116464670281857 ], [ 3472734.883661559317261, 2357237.859742049127817 ], [ 3473048.179848376661539, 2357088.255561755504459 ], [ 3473324.559204129967839, 2356889.552339263726026 ], [ 3473273.544633354060352, 2356480.438395214267075 ], [ 3473134.778819726314396, 2355977.095234225969762 ], [ 3473162.427076874766499, 2355533.847238881979138 ], [ 3473998.441402825061232, 2354061.38524120952934 ], [ 3474713.793023994192481, 2353244.565232023596764 ], [ 3476807.187732693739235, 2351483.109393696766347 ], [ 3479397.810443859081715, 2347405.810230229981244 ], [ 3479754.195587472058833, 2346368.85695310216397 ], [ 3481987.436410779133439, 2343607.099522890988737 ], [ 3484620.859407902695239, 2337656.10166141577065 ], [ 3485075.846201184671372, 2336135.373875349760056 ], [ 3485112.813752471003681, 2334021.762805110309273 ], [ 3484684.836304816883057, 2332546.199413619935513 ], [ 3480908.400528868194669, 2326328.523034655023366 ], [ 3480246.80714248213917, 2324973.230929379351437 ], [ 3480258.326014970894903, 2323608.277663686778396 ], [ 3481162.33151390356943, 2321824.771498606074601 ], [ 3481739.192522779572755, 2321183.539621325675398 ], [ 3483738.82485715392977, 2319698.733956672251225 ], [ 3485556.586583097465336, 2317314.169689847156405 ], [ 3486232.812152489554137, 2316123.249810159672052 ], [ 3486715.182284845039248, 2314666.017978738062084 ], [ 3486962.747749493457377, 2312927.840210985392332 ], [ 3486914.822216562926769, 2310914.432216828688979 ], [ 3487085.772247283253819, 2308932.930003257002681 ], [ 3488368.916339674498886, 2304946.529588274192065 ], [ 3488674.054013355635107, 2302925.974814839661121 ] ] } },
{ "type": "Feature", "properties": { "featurecla": "River", "scalerank": 5.0, "rivernum": 178.0, "name": "Loire", "name_en": "Loire", "strokeweig": 0.25 }, "geometry": { "type": "LineString", "coordinates": [ [ 3274867.883829387836158, 2334952.665679661091417 ], [ 3270548.202319043688476, 2338744.818583220243454 ], [ 3269134.380550900939852, 2339361.359298688359559 ], [ 3267541.822308167815208, 2339750.942907535936683 ], [ 3266115.096086121164262, 2340428.419724693056196 ], [ 3264852.241401558276266, 2341351.541537081822753 ], [ 3263730.649952657520771, 2342459.696803070604801 ], [ 3260354.358893773518503, 2347404.453222415409982 ], [ 3259204.307227970100939, 2348212.907034202013165 ], [ 3257830.063908144831657, 2348806.197443664073944 ], [ 3253408.868399280123413, 2353538.374910233542323 ], [ 3252454.756035348400474, 2355951.706955359317362 ], [ 3252029.922144446521997, 2356647.430959339253604 ], [ 3250957.847334379330277, 2357990.653890736401081 ], [ 3250527.562165074050426, 2358721.771528583019972 ], [ 3249543.100495726801455, 2359581.138256455771625 ], [ 3245111.010157899931073, 2361372.400203955359757 ], [ 3243496.10753998812288, 2361622.152230042498559 ], [ 3239309.00108040496707, 2361453.226379006169736 ], [ 3235290.309835530817509, 2362769.904546742793173 ], [ 3233720.506925087422132, 2362994.999131415970623 ], [ 3228137.705551057122648, 2362685.126529551576823 ], [ 3227398.90106148738414, 2361611.432711550965905 ], [ 3225889.271975944750011, 2360591.09240534901619 ], [ 3223072.232528232038021, 2359333.895995921920985 ], [ 3221907.067442513536662, 2359105.475024793762714 ], [ 3219730.180931792128831, 2359184.166771706193686 ], [ 3218708.308026121929288, 2359444.969928445294499 ] ] } },
{ "type": "Feature", "properties": { "featurecla": "River", "scalerank": 5.0, "rivernum": 178.0, "name": "Loire", "name_en": "Loire", "strokeweig": 0.3 }, "geometry": { "type": "LineString", "coordinates": [ [ 3218708.308026121929288, 2359444.969928445294499 ], [ 3211503.907717888709158, 2363258.597743927501142 ], [ 3208291.278923966921866, 2364164.125193763524294 ], [ 3199415.473974118474871, 2363637.72989565692842 ], [ 3190153.264194103423506, 2364849.236600369215012 ], [ 3187458.041681512258947, 2364634.801731651648879 ], [ 3182835.847143569029868, 2362657.738641120959073 ], [ 3181291.085708515252918, 2362543.764490113593638 ], [ 3178198.200399397872388, 2362790.498071950860322 ], [ 3176816.476501598022878, 2362472.022327685728669 ], [ 3164069.265709982253611, 2354911.513875288423151 ], [ 3161639.558971141465008, 2352341.528500393498689 ], [ 3160590.999416674952954, 2351636.758758396375924 ], [ 3159837.377493313979357, 2351635.440699240192771 ], [ 3158328.224087163805962, 2352058.748794983141124 ], [ 3157577.478770051617175, 2352110.465753173455596 ], [ 3157089.460354984737933, 2351921.499827709048986 ], [ 3155374.062034738715738, 2350969.1304676765576 ], [ 3153926.81302568083629, 2350674.03203123062849 ], [ 3150847.474420403596014, 2350763.011855418793857 ], [ 3149316.212069427128881, 2351117.92949239211157 ], [ 3145142.042333167046309, 2353240.625320053193718 ], [ 3143526.717541596852243, 2353530.984678741078824 ] ] } },
{ "type": "Feature", "properties": { "featurecla": "River", "scalerank": 5.0, "rivernum": 182.0, "name": "Daugava", "name_en": "Daugava", "strokeweig": 0.15 }, "geometry": { "type": "LineString", "coordinates": [ [ 5287085.728209743276238, 3522487.49149468075484 ], [ 5287765.076544146984816, 3521381.505532331764698 ], [ 5287889.83429441973567, 3520240.104947969317436 ], [ 5287657.971547074615955, 3519077.342610802967101 ], [ 5287227.406260371208191, 3517900.500534339807928 ], [ 5288290.028196930885315, 3517614.257327358238399 ], [ 5291339.481409791857004, 3517561.979199165478349 ] ] } },
{ "type": "Feature", "properties": { "featurecla": "River", "scalerank": 5.0, "rivernum": 182.0, "name": "Daugava", "name_en": "Daugava", "strokeweig": 0.2 }, "geometry": { "type": "MultiLineString", "coordinates": [ [ [ 5291339.481409791857004, 3427759.206678895745426 ], [ 5291028.472548272460699, 3427928.253579823300242 ], [ 5289907.893682235851884, 3428884.151190467644483 ], [ 5288755.069622771814466, 3427242.114637282676995 ], [ 5285160.702787307091057, 3427261.115674944594502 ], [ 5283800.362871828489006, 3426274.278749748133123 ], [ 5284030.524330461397767, 3426123.194065193645656 ], [ 5284082.892147045582533, 3426133.417233876883984 ], [ 5284139.543415418826044, 3426067.854864270426333 ], [ 5284372.035019657574594, 3425683.510619250126183 ], [ 5283445.088680412620306, 3425529.037273432128131 ], [ 5282611.920596270821989, 3425678.124929627869278 ], [ 5281960.394503388553858, 3425612.090852843597531 ], [ 5281602.913551028817892, 3424852.682066443376243 ], [ 5281402.679598914459348, 3423485.500696282833815 ], [ 5281407.024261409416795, 3422853.873340300284326 ], [ 5281552.801556986756623, 3422140.783939116634429 ], [ 5281485.372352792881429, 3421542.724312474019825 ], [ 5280513.105367123149335, 3420693.17225258005783 ], [ 5280206.972305422648787, 3420232.921753481496125 ], [ 5279940.585570298135281, 3419649.784095673821867 ], [ 5279104.000119200907648, 3419014.640179371461272 ], [ 5278770.976511964574456, 3418612.573635677341372 ], [ 5278557.625740624964237, 3417984.937922544777393 ], [ 5278301.694071626290679, 3416538.666377060115337 ], [ 5278176.137530620209873, 3416132.621678090188652 ], [ 5275764.461125948466361, 3413378.960252189543098 ], [ 5275047.510305359959602, 3412896.23588157678023 ], [ 5274627.994510287418962, 3412180.339251178782433 ], [ 5275519.528296644799411, 3411152.969967352226377 ], [ 5277499.048582782968879, 3409706.976432754192501 ], [ 5280870.690233394503593, 3405678.956908400170505 ], [ 5281984.112443409860134, 3400491.803947805427015 ], [ 5282272.412023288197815, 3399524.588009441737086 ], [ 5283994.966616300866008, 3396966.772787207271904 ], [ 5287723.539068569429219, 3392503.346781830303371 ], [ 5289005.708224750123918, 3389999.192018230445683 ], [ 5290068.384542058221996, 3389767.032563940156251 ], [ 5291071.104397315531969, 3388719.590775087941438 ], [ 5291339.481409791857004, 3388152.970974299591035 ] ], [ [ 5291339.481409791857004, 3382928.314497035928071 ], [ 5290707.596469948999584, 3382726.283367906697094 ], [ 5290368.070701834745705, 3382426.867461659014225 ], [ 5290170.291945544071496, 3381892.145834111142904 ], [ 5288859.095674514770508, 3382608.628516498021781 ], [ 5288290.625331861898303, 3382774.409744429867715 ], [ 5287724.321580203250051, 3382693.484641809016466 ], [ 5287130.411394991911948, 3382236.05599632486701 ], [ 5286816.649643263779581, 3381620.298061769921333 ], [ 5286607.496708773076534, 3381049.491252367384732 ], [ 5285834.111916827969253, 3380222.829051281325519 ], [ 5285416.984384921379387, 3378468.979986794292927 ], [ 5284995.541019717231393, 3377972.68867354420945 ], [ 5277351.366574769839644, 3375708.071810233406723 ], [ 5276978.535807596519589, 3375391.999811518937349 ], [ 5276658.825688229873776, 3374811.506565701216459 ], [ 5276470.50845632981509, 3374143.491215228568763 ], [ 5276486.264774020761251, 3373563.161746238358319 ], [ 5276385.501192296855152, 3372745.257853702642024 ], [ 5275752.576898913830519, 3372297.797565325628966 ], [ 5274359.376970983110368, 3371750.185609898064286 ], [ 5273289.240153837017715, 3370378.301690655760467 ], [ 5272904.493234432302415, 3369010.554407685063779 ], [ 5273050.465922601521015, 3367507.835015100426972 ], [ 5273530.832944714464247, 3365713.572542419657111 ], [ 5273932.966893878765404, 3363443.458642046432942 ], [ 5273614.857562487944961, 3362087.40124680660665 ], [ 5271639.328643758781254, 3360135.858687624335289 ] ] ] } },
{ "type": "Feature", "properties": { "featurecla": "River", "scalerank": 5.0, "rivernum": 182.0, "name": "Daugava", "name_en": "Daugava", "strokeweig": 0.25 }, "geometry": { "type": "LineString", "coordinates": [ [ 5271639.328643758781254, 3360135.858687624335289 ], [ 5269162.906921508722007, 3356118.751362635288388 ], [ 5268040.698264235630631, 3355319.278881854377687 ], [ 5263022.722949110902846, 3353858.350618423894048 ], [ 5259451.758713714778423, 3351627.142616939730942 ], [ 5259073.034485248848796, 3350793.732327837496996 ], [ 5258731.078977984376252, 3349444.70298380497843 ], [ 5254970.123508988879621, 3346928.078458620700985 ], [ 5254670.109157986938953, 3346238.72379239089787 ], [ 5253634.893881122581661, 3344529.430259368382394 ], [ 5252406.545869095250964, 3343272.023656191304326 ], [ 5251458.78249791637063, 3343966.886375449132174 ], [ 5250568.609010817483068, 3345059.226571586914361 ], [ 5249142.191177006810904, 3345285.55664083128795 ], [ 5247622.019415998831391, 3344981.409772879909724 ], [ 5246479.413670923560858, 3344490.004868912044913 ], [ 5244074.20031866710633, 3342748.278389987535775 ], [ 5242168.845736579969525, 3340657.880182845983654 ], [ 5236553.889054631814361, 3331284.74018683237955 ], [ 5235873.756983615458012, 3331064.988025604747236 ], [ 5235674.152538113296032, 3330844.377378386445343 ], [ 5235187.063798015005887, 3328638.285954813472927 ], [ 5235176.410132612101734, 3328123.667500465642661 ], [ 5234639.147486472502351, 3327794.136807706207037 ], [ 5228271.808165081776679, 3319111.168990175705403 ], [ 5224979.294218687340617, 3318121.341329077724367 ], [ 5224142.570338105782866, 3316611.157923421822488 ], [ 5229933.250035330653191, 3313261.477008587215096 ], [ 5229999.269105777144432, 3311407.37087260838598 ], [ 5229209.070875423029065, 3310229.329817176330835 ], [ 5216527.695029588416219, 3306152.965601788368076 ], [ 5213543.126286219805479, 3306092.585271181538701 ], [ 5212080.002929484471679, 3306671.876220520120114 ], [ 5210000.682971853762865, 3309875.041539183352143 ], [ 5208734.849900767207146, 3309176.984232088085264 ], [ 5207231.867595228366554, 3306579.688350580167025 ], [ 5203314.586141793988645, 3304372.921576570253819 ], [ 5202850.027348779141903, 3303468.05401601921767 ], [ 5204265.071887815371156, 3299734.486238048411906 ], [ 5204662.867548540234566, 3297960.43169410713017 ], [ 5204251.232214469462633, 3296606.302129353862256 ], [ 5203246.342039038427174, 3296277.125266615767032 ], [ 5199596.795253598131239, 3297619.708539486862719 ], [ 5198451.532340036705136, 3297406.099666180554777 ], [ 5195921.120183371938765, 3295790.985995104536414 ], [ 5195350.713241002522409, 3294932.571102435700595 ], [ 5194508.97416643705219, 3291601.105930245947093 ], [ 5193767.762453177943826, 3290699.654600955080241 ], [ 5192682.470254778862, 3290005.281213832087815 ], [ 5191860.888416705653071, 3288785.44636387983337 ], [ 5190443.117728443816304, 3285922.239949438720942 ], [ 5188689.721054907888174, 3286739.046496859751642 ], [ 5188037.837435483001173, 3288021.712409960106015 ], [ 5187381.370795615017414, 3292410.469404985196888 ], [ 5186475.288439756259322, 3293919.193243756424636 ], [ 5185378.572764847427607, 3293525.987804027274251 ], [ 5184237.50162650924176, 3292390.772085736040026 ], [ 5183173.654875561594963, 3291652.791896861977875 ], [ 5181787.19012033380568, 3291779.687564585823566 ], [ 5180366.356240944005549, 3292420.928852517157793 ], [ 5179011.439445766620338, 3293366.2327227499336 ], [ 5176795.73367490246892, 3295504.058269211556762 ], [ 5175501.890036452561617, 3297114.788930951617658 ], [ 5174574.363782679662108, 3298978.739754624664783 ], [ 5174624.617753259837627, 3300798.52627797331661 ], [ 5174092.07138386182487, 3300879.82489751977846 ], [ 5172941.062531826086342, 3300804.461312930565327 ], [ 5172382.947323398664594, 3301028.968847956974059 ], [ 5170640.48907851614058, 3303550.770210619084537 ], [ 5169348.480483246035874, 3304383.874796286225319 ], [ 5168946.256079718470573, 3304445.820501146838069 ], [ 5168662.765190837904811, 3304201.572764050215483 ], [ 5168393.309827841818333, 3303857.569309768266976 ], [ 5167301.751541336998343, 3303199.986927587538958 ], [ 5166887.082026531919837, 3302640.546477308962494 ], [ 5166430.929275528527796, 3302225.419897625688463 ], [ 5165545.375442857854068, 3302197.693973693065345 ], [ 5164182.17177751287818, 3302964.17481788340956 ], [ 5163088.615160430781543, 3304194.411792375613004 ], [ 5161956.531746903434396, 3305243.063881846144795 ], [ 5160522.657583588734269, 3305436.144918608479202 ], [ 5159835.466274781152606, 3305861.989433271344751 ], [ 5158642.146263462491333, 3308207.479743614792824 ], [ 5155549.251605136319995, 3310286.99343329668045 ], [ 5154110.525813760235906, 3310744.428456518799067 ], [ 5153433.272159187123179, 3311138.167258571833372 ], [ 5152956.115783724933863, 3311892.160751260817051 ], [ 5152820.156246923841536, 3312964.480572449974716 ], [ 5153110.111169911921024, 3313748.522958988789469 ], [ 5153647.289970055222511, 3314251.848775441292673 ], [ 5154222.580523138865829, 3314503.910521441139281 ], [ 5155138.709090924821794, 3315262.415078452788293 ], [ 5154863.919697369448841, 3316388.171264857053757 ], [ 5153795.534994399175048, 3317386.705028297845274 ], [ 5152270.755469897761941, 3317802.519810147117823 ], [ 5149986.545208543539047, 3317692.76918359939009 ], [ 5149236.810000013560057, 3317836.451583710033447 ], [ 5147086.802333812229335, 3319238.694732457399368 ], [ 5146424.544278689660132, 3319381.15413006907329 ], [ 5145116.262115930207074, 3319439.207979215774685 ], [ 5142040.376035366207361, 3320560.642454623710364 ], [ 5136217.125946822576225, 3321087.239669799339026 ], [ 5134755.494268420152366, 3320838.952505179680884 ], [ 5133620.751753205433488, 3321285.11128769395873 ], [ 5130003.512737981043756, 3325009.943826449103653 ], [ 5126912.993375816382468, 3325777.001510518603027 ], [ 5123971.142035680823028, 3325732.888867318630219 ], [ 5123030.258379680104554, 3324955.619638214819133 ], [ 5121834.668767292052507, 3322139.405362559482455 ], [ 5121031.640988235361874, 3321180.694854171480983 ], [ 5119590.492865649983287, 3320907.260676456149668 ], [ 5117067.9220289606601, 3321948.532815222628415 ], [ 5115827.830132484436035, 3322061.854140657931566 ], [ 5110877.444250052794814, 3320116.057850826531649 ], [ 5108196.706987302750349, 3319776.827258595731109 ], [ 5097154.953993207775056, 3321723.491213392466307 ], [ 5095710.233524473384023, 3322605.415271064266562 ], [ 5094813.731282874010503, 3324075.485092157498002 ], [ 5094016.457176794297993, 3326010.348351932130754 ], [ 5092845.022955726832151, 3327379.329094288870692 ], [ 5091523.781152190640569, 3328244.088821762241423 ], [ 5090237.846292103640735, 3328661.80825764965266 ], [ 5087397.08088462613523, 3329102.807657135650516 ], [ 5086144.254206899553537, 3329613.920829001814127 ], [ 5084764.312855632975698, 3330688.232204185798764 ], [ 5084049.890733003616333, 3331059.285093979444355 ], [ 5082579.773099573329091, 3331178.015086255967617 ], [ 5081962.756886190734804, 3331540.900151698850095 ], [ 5081121.720508793368936, 3332586.64720559027046 ], [ 5080901.662860477343202, 3333129.299927257467061 ], [ 5080828.565564533695579, 3333833.175545670092106 ], [ 5080406.100083122029901, 3335330.011955555528402 ], [ 5080292.037498226389289, 3335320.787810313981026 ], [ 5079559.497265225276351, 3335831.706132683437318 ], [ 5079411.265857669524848, 3335849.335645992774516 ], [ 5079341.63441177457571, 3336415.662285942584276 ], [ 5079247.461860382929444, 3338083.340937445871532 ], [ 5078265.540387341752648, 3342053.193081343080848 ], [ 5077426.629008271731436, 3342850.101414277683944 ], [ 5075935.551903234794736, 3342861.771342059597373 ], [ 5073163.231417410075665, 3341961.239531981758773 ], [ 5069963.879768591374159, 3339188.828855306841433 ], [ 5057963.426612133160233, 3334608.990330785047263 ], [ 5050370.024936482310295, 3333499.886933219153434 ], [ 5048271.590209241956472, 3333619.060405283700675 ], [ 5046166.141875796020031, 3334279.407609215006232 ], [ 5044272.083976184949279, 3335641.417281865142286 ] ] } },
{ "type": "Feature", "properties": { "featurecla": "River", "scalerank": 5.0, "rivernum": 182.0, "name": "Daugava", "name_en": "Daugava", "strokeweig": 0.3 }, "geometry": { "type": "LineString", "coordinates": [ [ 5044272.083976184949279, 3335641.417281865142286 ], [ 5041625.179088429547846, 3337582.866171214263886 ], [ 5040194.721581090241671, 3338162.768203874584287 ], [ 5038748.527015192434192, 3338183.958058925811201 ], [ 5034777.559609761461616, 3336522.793435691855848 ], [ 5033284.091175927780569, 3336886.662984007038176 ], [ 5032602.331257692538202, 3337451.081280906219035 ], [ 5031331.255170728079975, 3338834.882576090283692 ], [ 5030575.851923826150596, 3339197.963769987225533 ], [ 5029910.560916504822671, 3338986.684500336647034 ], [ 5029391.349270512349904, 3338349.659231187775731 ], [ 5028989.830761551856995, 3337664.672262695152313 ], [ 5028677.850032837130129, 3337309.526892936322838 ], [ 5027921.771246294490993, 3337353.39267494995147 ], [ 5026516.103370961733162, 3338024.250819068402052 ], [ 5025615.953752623870969, 3338164.52592481020838 ], [ 5024947.332963736727834, 3338575.925820533186197 ], [ 5024562.734065586701035, 3338607.41352367401123 ], [ 5024267.980010417290032, 3338308.099229126237333 ], [ 5024071.007842326536775, 3337747.522501718718559 ], [ 5023871.658350474201143, 3336937.375425464473665 ], [ 5021592.087553570047021, 3335731.999433364719152 ], [ 5018980.131466146558523, 3335035.014975468628109 ], [ 5017652.50042184535414, 3335510.145627713762224 ], [ 5016803.435675216838717, 3338592.059744916856289 ], [ 5015738.81410551443696, 3338817.63253001216799 ], [ 5015187.454849581234157, 3338183.282328221481293 ], [ 5014812.806980673223734, 3336212.882517313584685 ], [ 5014403.706525523215532, 3335408.913357148878276 ], [ 5013735.131891133263707, 3335145.408645032905042 ], [ 5013011.684514057822526, 3335288.631224158219993 ], [ 5012023.679905756376684, 3335681.741850174032152 ], [ 5011367.119681419804692, 3335786.596751952543855 ], [ 5009969.761145917698741, 3336545.159486867021769 ], [ 5009218.322520881891251, 3336614.810818696860224 ], [ 5008759.569843725301325, 3336062.44183437526226 ], [ 5008390.852520038373768, 3333935.099603498820215 ], [ 5008060.648962989449501, 3333258.431409425567836 ], [ 5006667.574460821226239, 3333050.767099462449551 ], [ 5005708.154621071182191, 3334141.415370175149292 ], [ 5004872.587173715233803, 3335698.822465650271624 ], [ 5003830.79716170206666, 3336887.063030997756869 ], [ 5003085.462673172354698, 3336034.226051258854568 ], [ 5001412.1474295752123, 3334790.198916328139603 ], [ 5000705.710807669907808, 3333830.621874603908509 ], [ 5000268.526438066735864, 3332649.000345991458744 ], [ 5000058.597118992358446, 3331654.685487888753414 ], [ 4999758.601235277950764, 3330734.444674360565841 ], [ 4999056.782406138256192, 3329749.457707319408655 ], [ 4998189.08687294088304, 3328983.594600526615977 ], [ 4997129.895370452664793, 3328336.482147745788097 ], [ 4995971.41978813521564, 3327950.868618765380234 ], [ 4994782.970658702775836, 3327950.653533679433167 ], [ 4993923.399002664722502, 3328309.241989033762366 ], [ 4991731.262630683369935, 3330203.14390775654465 ], [ 4989270.890077873133123, 3331064.280166808515787 ], [ 4988382.882279050536454, 3331849.626290349289775 ], [ 4987725.929380591958761, 3332795.415071261115372 ], [ 4986623.187746278941631, 3334761.906627486459911 ], [ 4982783.256528723984957, 3339785.997500337660313 ], [ 4981561.54368912614882, 3342158.806488242931664 ], [ 4981429.904427018016577, 3343885.53057377319783 ], [ 4981282.203604318201542, 3344541.319903506431729 ], [ 4980262.751526820473373, 3345603.441758158616722 ], [ 4979332.716894123703241, 3347358.665770128369331 ], [ 4978531.50353751052171, 3349510.47982176579535 ], [ 4977429.575533797033131, 3353672.917076521087438 ], [ 4976825.750648502260447, 3355218.099550460465252 ], [ 4976017.976498861797154, 3356504.028931986540556 ], [ 4971122.373815981671214, 3360730.087907501496375 ], [ 4970119.240188639611006, 3361135.362735590897501 ], [ 4969493.95377613324672, 3361103.729002129752189 ], [ 4968227.87145146727562, 3361285.836115216836333 ], [ 4967545.288927879184484, 3361241.687974212225527 ], [ 4966604.628546588122845, 3361410.328276532702148 ], [ 4966143.060759332031012, 3362266.63870865246281 ], [ 4965730.391674280166626, 3364687.377521613612771 ], [ 4965688.521030568517745, 3365253.544476821087301 ], [ 4965707.348814696073532, 3365938.612641157116741 ], [ 4965684.281655195169151, 3366717.036631426773965 ], [ 4965504.762045689858496, 3367590.315766623709351 ], [ 4965423.454143838956952, 3367483.036576252430677 ], [ 4965108.388309868052602, 3367642.53142808470875 ], [ 4964753.237125711515546, 3367914.707751243375242 ], [ 4964542.448885693214834, 3368132.574942086823285 ], [ 4964359.125072380527854, 3368659.179216407239437 ], [ 4963967.112504304386675, 3370717.32096287002787 ], [ 4963656.199227016419172, 3371237.17265504039824 ], [ 4962441.694636781699955, 3372782.794027203693986 ], [ 4962132.141201785765588, 3373297.614676156081259 ], [ 4961586.153801002539694, 3375483.833520649932325 ], [ 4961261.205927735194564, 3376406.001987852156162 ], [ 4960843.753708555363119, 3377204.951871892903 ], [ 4959920.700764513574541, 3377986.217349178623408 ], [ 4956770.407986965030432, 3379625.017172324005514 ], [ 4955832.220218971371651, 3379871.322276945225894 ], [ 4955491.487113321200013, 3380193.131269643083215 ], [ 4954099.633885164745152, 3381979.389665402472019 ], [ 4953696.152634085156024, 3382830.484595117159188 ], [ 4953247.479814111255109, 3383398.750956032890826 ], [ 4952431.882601699791849, 3383745.602571339346468 ], [ 4941789.095956232398748, 3385745.778581091202796 ], [ 4938128.278786922805011, 3388472.264637976419181 ], [ 4936556.978141350671649, 3388190.186205366626382 ], [ 4935746.958278739824891, 3388305.982984551694244 ], [ 4934173.184910674579442, 3390597.263483020476997 ], [ 4932657.814506337046623, 3391619.086659476161003 ], [ 4932478.933465823531151, 3395913.975577301345766 ], [ 4931729.754775023087859, 3397393.503907570615411 ], [ 4929602.460324176587164, 3395305.498906497843564 ], [ 4928387.596988890320063, 3394489.984944548457861 ], [ 4926053.975564522668719, 3393501.744901675265282 ], [ 4923807.550801631063223, 3391089.738123696297407 ], [ 4922586.55929571390152, 3390531.379216899629682 ], [ 4918432.245269687846303, 3389941.185160604771227 ], [ 4917593.239929424598813, 3390105.192677652463317 ], [ 4917298.406500298529863, 3390832.971059077419341 ], [ 4917303.723871743306518, 3392304.568502242676914 ], [ 4916899.793435705825686, 3393265.482031884137541 ], [ 4916379.046595175750554, 3393335.459204797632992 ], [ 4915763.108993386849761, 3393069.586023893207312 ], [ 4915082.117056331597269, 3392997.738387681078166 ], [ 4912330.876740241423249, 3394005.922781583387405 ], [ 4910817.009226561523974, 3394063.209661438129842 ], [ 4909846.127101058140397, 3393056.903231090866029 ], [ 4909331.929457219317555, 3391942.274969693738967 ], [ 4907575.214844373986125, 3389719.198046686593443 ], [ 4906725.126724356785417, 3389036.066711539402604 ], [ 4902306.194174887612462, 3387292.393009749241173 ], [ 4901065.602489851415157, 3387391.660857701208442 ], [ 4897486.034464024938643, 3389297.959563876502216 ], [ 4894606.712548155337572, 3389966.48305788077414 ], [ 4889684.594084879383445, 3388220.527785801328719 ], [ 4887319.506876617670059, 3388018.960344885475934 ], [ 4883802.874838932417333, 3389263.666555855423212 ], [ 4882685.214231315068901, 3389255.64981721714139 ], [ 4881677.643358022905886, 3389871.153174417559057 ], [ 4878485.657744262367487, 3394491.183246379252523 ], [ 4876239.095670034177601, 3395509.681820606812835 ], [ 4871365.804729784838855, 3396109.810763666871935 ], [ 4869253.23485410772264, 3397142.383923137560487 ], [ 4867689.559638287872076, 3398658.081062901765108 ], [ 4867223.306581571698189, 3398989.569291450083256 ], [ 4864963.151057034730911, 3399240.105858622118831 ], [ 4864395.579051928594708, 3399591.866776438429952 ], [ 4863863.839541023597121, 3400104.365376616362482 ], [ 4862465.746497228741646, 3400927.755635510198772 ], [ 4862023.055634847842157, 3401027.475047613959759 ], [ 4860272.573082476854324, 3403054.359620549716055 ], [ 4859652.787728149443865, 3403568.473484642338008 ], [ 4858299.509390745311975, 3403763.785319440066814 ], [ 4855996.208281112834811, 3403067.526967464014888 ], [ 4854721.388315689750016, 3403271.471148751210421 ], [ 4852715.224038107320666, 3404380.378266010433435 ], [ 4851554.248790303245187, 3404728.859852401539683 ], [ 4847309.005968600511551, 3404414.459017174784094 ], [ 4841818.602324893698096, 3405313.053577047307044 ], [ 4839250.66778208501637, 3406236.578291514888406 ], [ 4830757.689309200271964, 3412399.439830524846911 ], [ 4829524.705343557521701, 3412693.398036467842758 ], [ 4828602.678320163860917, 3413402.803380359895527 ], [ 4827796.682872345671058, 3415323.686678084079176 ], [ 4826794.967934024520218, 3419340.116121103521436 ], [ 4826133.06868236605078, 3421248.780328429304063 ], [ 4825120.899663489311934, 3422648.785372708458453 ], [ 4823071.539594078436494, 3424917.232644679490477 ] ] } },
{ "type": "Feature", "properties": { "featurecla": "River", "scalerank": 5.0, "rivernum": 198.0, "name": "Tejo", "name_en": "Tagus", "strokeweig": 0.25 }, "geometry": { "type": "LineString", "coordinates": [ [ 2569510.263438167981803, 1637131.05371991218999 ], [ 2563947.464207856915891, 1637734.069036752916873 ], [ 2561420.924706226214767, 1638456.202854545786977 ], [ 2559900.823608204722404, 1639967.208278567530215 ], [ 2558386.188364128116518, 1639861.708531385986134 ], [ 2555146.700781322550029, 1640742.623030311893672 ], [ 2553531.581253010779619, 1640785.507395413937047 ], [ 2552048.568891460075974, 1640531.528943250188604 ], [ 2550856.859859235584736, 1640487.624157425248995 ], [ 2532688.051202468574047, 1645784.362100027501583 ], [ 2530909.143711231183261, 1645576.89358563371934 ], [ 2529269.865439293906093, 1644968.5691719497554 ], [ 2527935.367129160091281, 1644168.580587765900418 ], [ 2525740.594820344354957, 1643180.422531789867207 ], [ 2524417.127990828827024, 1643735.7470413595438 ], [ 2523212.071186605840921, 1644811.042667878326029 ], [ 2521373.057608237490058, 1645424.311429227003828 ], [ 2519783.07236554659903, 1644748.481027584522963 ], [ 2518329.131944427732378, 1643260.591490815859288 ], [ 2517171.179700276814401, 1641788.151101294206455 ], [ 2516450.039436429738998, 1641182.761267837835476 ], [ 2514696.035217982716858, 1640953.912676184438169 ], [ 2513022.142994466703385, 1639841.486485734349117 ], [ 2511430.705199672374874, 1638462.075137231964618 ], [ 2509929.315028911456466, 1637477.865808400791138 ], [ 2507913.511523535940796, 1636883.88958070310764 ], [ 2507280.620134072378278, 1636600.460142289055511 ], [ 2505202.55847294954583, 1635067.16933794063516 ], [ 2504769.25270218309015, 1634844.525345002301037 ], [ 2503622.499550367705524, 1634660.563015100313351 ], [ 2500385.738348964601755, 1633386.738106896169484 ], [ 2499288.616471367422491, 1633122.508290622616187 ], [ 2492258.328189809340984, 1634865.446409684140235 ], [ 2490761.321111619472504, 1634990.470807760721073 ], [ 2487226.930078157223761, 1634799.379941927967593 ], [ 2485424.79869989445433, 1635034.727981775533408 ], [ 2483843.386499845422804, 1635693.563853266881779 ], [ 2481662.662248089909554, 1637275.072437698254362 ], [ 2479874.557501778006554, 1637956.655286432011053 ], [ 2479030.503432238474488, 1638072.133621748071164 ], [ 2478267.714936613105237, 1638002.429644028889015 ], [ 2476851.377830860670656, 1637560.973619928583503 ] ] } },
{ "type": "Feature", "properties": { "featurecla": "River", "scalerank": 5.0, "rivernum": 198.0, "name": "Tejo", "name_en": "Tagus", "strokeweig": 0.3 }, "geometry": { "type": "LineString", "coordinates": [ [ 2476851.377830860670656, 1637560.973619928583503 ], [ 2475334.615163818001747, 1637145.013084111968055 ], [ 2474449.311119447462261, 1637114.762432493036613 ], [ 2473420.089570674113929, 1637274.80316529981792 ], [ 2472527.972573174163699, 1637590.175128508824855 ], [ 2471530.819875036366284, 1638317.063586886506528 ], [ 2470805.837415417190641, 1638703.322323190513998 ], [ 2462879.475588195957243, 1641038.120780345052481 ], [ 2457493.649216239340603, 1640956.997164369095117 ], [ 2455379.225600494071841, 1640491.379994258051738 ], [ 2454242.760863310657442, 1639438.465862584300339 ], [ 2453460.606319013051689, 1637651.375183075899258 ], [ 2452171.542504040990025, 1635894.466998408082873 ], [ 2450616.09732760861516, 1634400.969043883495033 ], [ 2449061.332772088237107, 1633380.813793363748118 ], [ 2437096.649171132128686, 1628685.535293778870255 ], [ 2435899.055771348997951, 1627823.3373273529578 ], [ 2433882.392490727361292, 1625395.672665048157796 ], [ 2432574.578269057907164, 1624143.396946827182546 ], [ 2431732.029152837581933, 1623616.928912915056571 ], [ 2430198.159179557580501, 1622902.58797699585557 ], [ 2429396.833811044227332, 1622263.709005396114662 ], [ 2428825.795690649189055, 1621438.606808592565358 ], [ 2427157.482963823713362, 1618218.640807025600225 ], [ 2418649.242649563588202, 1608789.995261914795265 ] ] } },
{ "type": "Feature", "properties": { "featurecla": "Lake Centerline", "scalerank": 4.0, "rivernum": 105.0, "name": "Rhein", "name_en": "Rhine", "strokeweig": 0.2 }, "geometry": { "type": "LineString", "coordinates": [ [ 3940655.959811200387776, 2335170.321018523536623 ], [ 3944338.539956903550774, 2333600.364743840880692 ], [ 3947151.949442469514906, 2332915.625380618963391 ], [ 3967179.21103457827121, 2320220.222037108149379 ], [ 3967389.666075142566115, 2319741.122839805204421 ], [ 3967448.310493750497699, 2318853.383900822140276 ], [ 3967408.769523954484612, 2318197.270340321585536 ], [ 3967530.81643161457032, 2317789.59251162968576 ] ] } },
{ "type": "Feature", "properties": { "featurecla": "Lake Centerline", "scalerank": 4.0, "rivernum": 105.0, "name": "Rhein", "name_en": "Rhine", "strokeweig": 0.2 }, "geometry": { "type": "LineString", "coordinates": [ [ 3936641.951381047256291, 2335216.212419227231294 ], [ 3933137.878925061319023, 2337193.52835631929338 ], [ 3931197.769116885494441, 2337953.124503469560295 ], [ 3929449.658499799203128, 2337910.203358386643231 ], [ 3926446.965123587753624, 2336081.350740188732743 ], [ 3924835.165054768323898, 2335439.487784860655665 ], [ 3923549.151161127723753, 2334788.198817151132971 ], [ 3922193.031813766807318, 2334216.986676774919033 ], [ 3920650.261288681067526, 2333759.131950772367418 ], [ 3919588.004287180025131, 2333895.707619186025113 ], [ 3918719.198067138902843, 2333919.29524021409452 ] ] } },
{ "type": "Feature", "properties": { "featurecla": "River", "scalerank": 4.0, "rivernum": 105.0, "name": "Rhein", "name_en": "Rhine", "strokeweig": 0.15 }, "geometry": { "type": "LineString", "coordinates": [ [ 3904364.891028658952564, 2222943.32259909901768 ], [ 3904706.897088878322393, 2225948.940921576227993 ], [ 3905873.889231442008168, 2227936.417863985523582 ], [ 3907249.141686106100678, 2228604.048275454901159 ], [ 3907478.08380289748311, 2228665.867395614273846 ], [ 3913290.862983706407249, 2229792.570750417653471 ], [ 3916228.21726067410782, 2232676.626827294938266 ], [ 3918035.702233655843884, 2233897.334763315971941 ], [ 3919926.717157376464456, 2234710.123845788184553 ], [ 3923420.555728973820806, 2235224.975344331003726 ], [ 3929416.519145139027387, 2237101.691777618601918 ] ] } },
{ "type": "Feature", "properties": { "featurecla": "River", "scalerank": 4.0, "rivernum": 105.0, "name": "Rhein", "name_en": "Rhine", "strokeweig": 0.2 }, "geometry": { "type": "LineString", "coordinates": [ [ 3956336.6532172113657, 2245087.950427681673318 ], [ 3962822.232985613401979, 2248108.239710039459169 ], [ 3965494.603985660243779, 2250712.343504565767944 ], [ 3967035.553225713316351, 2255362.803184841759503 ], [ 3966551.961757894139737, 2258657.054097928106785 ], [ 3966553.898741202428937, 2258972.245641008019447 ], [ 3966158.054867386817932, 2260091.031600599177182 ], [ 3962895.37208569701761, 2265685.973623791709542 ], [ 3962099.71252019610256, 2267485.38334412779659 ], [ 3961548.709893800783902, 2269288.400912567973137 ], [ 3961440.662038457114249, 2270754.728461861610413 ], [ 3962302.754364646971226, 2271904.301467391196638 ], [ 3963440.683481598738581, 2273052.132623419165611 ], [ 3964149.639827873557806, 2274484.023564254399389 ], [ 3964118.186181222554296, 2276777.008134890347719 ], [ 3963520.367401843890548, 2278498.58029325120151 ], [ 3962742.720447437372059, 2280061.229291883762926 ], [ 3962181.910078989807516, 2281837.802880574017763 ], [ 3962386.138195927720517, 2285460.466547349002212 ], [ 3963663.050714931916445, 2289075.719664481002837 ], [ 3967276.032343944068998, 2295092.35696129174903 ], [ 3969786.411528395023197, 2298084.341439120937139 ], [ 3970076.120899680070579, 2298817.955700989346951 ], [ 3970461.351905557326972, 2300714.274913361761719 ], [ 3970805.590977801475674, 2301676.053278591949493 ], [ 3973648.999253555200994, 2305240.25228605279699 ], [ 3974369.90583616681397, 2306869.928765095304698 ], [ 3974455.620812984649092, 2311417.023790174629539 ], [ 3972370.874461210798472, 2313280.923510150518268 ], [ 3969671.93313504755497, 2314534.672862732317299 ], [ 3967530.81643161457032, 2317789.59251162968576 ] ] } },
{ "type": "Feature", "properties": { "featurecla": "River", "scalerank": 4.0, "rivernum": 105.0, "name": "Rhein", "name_en": "Rhine", "strokeweig": 0.2 }, "geometry": { "type": "LineString", "coordinates": [ [ 3929416.519145139027387, 2237101.691777618601918 ], [ 3936113.549038400873542, 2240022.31652102060616 ], [ 3936962.89873009454459, 2240122.792666946537793 ], [ 3939603.302009455859661, 2239982.609103022143245 ], [ 3940653.069183595478535, 2240265.353430003859103 ], [ 3942810.413253335747868, 2241214.409963518381119 ], [ 3945658.919440576341003, 2241723.893241395708174 ], [ 3948631.09186044242233, 2243166.328013557009399 ], [ 3951738.135148150846362, 2243729.072970492765307 ], [ 3954921.134684266988188, 2244836.754741826560348 ], [ 3956841.421204392332584, 2245083.934458605479449 ] ] } },
{ "type": "Feature", "properties": { "featurecla": "River", "scalerank": 4.0, "rivernum": 105.0, "name": "Rhein", "name_en": "Rhine", "strokeweig": 0.2 }, "geometry": { "type": "LineString", "coordinates": [ [ 3936641.951381047256291, 2335216.212419227231294 ], [ 3940655.959811200387776, 2335170.321018523536623 ] ] } },
{ "type": "Feature", "properties": { "featurecla": "River", "scalerank": 4.0, "rivernum": 116.0, "name": "Dnipro", "name_en": "Dnieper", "strokeweig": 0.25 }, "geometry": { "type": "LineString", "coordinates": [ [ 5291339.481409791857004, 3271337.184274005703628 ], [ 5291129.209513073787093, 3271231.98605144303292 ], [ 5289612.730635332874954, 3270790.306539642158896 ], [ 5288863.41016985103488, 3270375.041485467925668 ], [ 5287400.849464455619454, 3268544.785202350001782 ], [ 5280636.112011450342834, 3264924.000283192843199 ], [ 5279317.713800420053303, 3262446.8978002355434 ], [ 5278610.571694469079375, 3259076.532233137171715 ], [ 5277927.512484430335462, 3257804.489919159561396 ], [ 5276637.2037857407704, 3257017.691048313863575 ], [ 5275883.005838236771524, 3256987.181936585810035 ], [ 5275259.819630852900445, 3257087.412155298050493 ], [ 5274726.622798268683255, 3256885.202318447642028 ], [ 5273636.433133939281106, 3254255.497018865775317 ], [ 5272455.816563323140144, 3252358.378527749329805 ], [ 5272290.180279018357396, 3251914.394056152552366 ], [ 5272016.468296353705227, 3251447.740183633752167 ], [ 5271426.726127449423075, 3250929.117586115375161 ], [ 5270076.44191109482199, 3250467.011981947813183 ], [ 5269307.964163667522371, 3250373.594187391456217 ], [ 5268905.116460077464581, 3250559.54204574925825 ], [ 5268067.405741312541068, 3252226.793230560142547 ], [ 5267138.702554171904922, 3252440.744290943257511 ], [ 5266286.762997443787754, 3251782.565774231683463 ], [ 5265676.526427566073835, 3250821.500659090932459 ], [ 5263489.815491415560246, 3244432.414680428337306 ], [ 5263538.825961478054523, 3243249.12695623934269 ], [ 5262793.766113540157676, 3241474.721277207136154 ], [ 5262806.425957684405148, 3240417.919260088354349 ], [ 5263324.096574394032359, 3239241.743356781080365 ], [ 5264389.321599910035729, 3237977.441981272771955 ], [ 5264779.475671725347638, 3236735.156949365045875 ], [ 5264819.060813951306045, 3234997.336232329718769 ], [ 5264470.910716954618692, 3233163.513502649962902 ], [ 5263865.608600582927465, 3231661.560487984679639 ], [ 5263079.088146566413343, 3230911.916438998188823 ], [ 5262715.274429109878838, 3230167.090287434402853 ], [ 5261365.754360037855804, 3225142.30489533720538 ], [ 5261204.480438710190356, 3222461.065735393669456 ], [ 5261304.173011525534093, 3220563.614327978342772 ], [ 5261696.259281445294619, 3219057.145213064271957 ], [ 5262422.97598612960428, 3218133.7815983123146 ], [ 5264762.872492863796651, 3215925.30028696777299 ], [ 5265438.028694307431579, 3215460.18402957636863 ], [ 5265637.865508926101029, 3214751.765542041510344 ], [ 5265068.328313222154975, 3214126.829240369610488 ], [ 5264779.120500420220196, 3213676.59503386169672 ], [ 5264681.387876720167696, 3213375.937718689441681 ], [ 5265072.769954288378358, 3212407.434514606837183 ], [ 5265394.325792730785906, 3212470.754596306011081 ], [ 5265731.155329132452607, 3212797.872933467850089 ], [ 5266235.224768470972776, 3212634.135995315853506 ], [ 5267248.514902382157743, 3211483.363267050124705 ], [ 5267928.254250660538673, 3210528.059502576477826 ], [ 5269306.458337814547122, 3208076.598376735113561 ], [ 5271627.551644185557961, 3205198.100158804561943 ], [ 5272168.971255063079298, 3204305.048384628258646 ], [ 5272539.450921735726297, 3202688.969743038993329 ], [ 5272663.325784697197378, 3201535.809893375262618 ], [ 5273053.41881693340838, 3200758.421137163415551 ], [ 5274164.486980998888612, 3200294.334216265939176 ], [ 5274347.116759833879769, 3197491.60401395149529 ], [ 5276931.586832987144589, 3191599.50743313273415 ], [ 5277385.756977535784245, 3188914.847841803450137 ], [ 5278760.177063736133277, 3189009.142665807157755 ], [ 5280130.72768866084516, 3188436.223126541823149 ], [ 5281371.707638938911259, 3187299.600599517580122 ], [ 5282378.276788260787725, 3185741.462735619861633 ], [ 5283018.138938716612756, 3183942.669787995051593 ], [ 5282754.866720030084252, 3183029.289524543564767 ], [ 5275669.853591869585216, 3180789.064920694567263 ], [ 5275335.781427058391273, 3180429.965626154560596 ], [ 5274388.523905794136226, 3178893.359477921389043 ], [ 5274119.789848287589848, 3178129.684893119614571 ], [ 5274004.444670806638896, 3176969.745235063135624 ], [ 5274117.718318644911051, 3176223.633633370976895 ], [ 5274653.972617106512189, 3174777.686798655427992 ], [ 5275323.175967246294022, 3172550.279148682951927 ], [ 5275595.487543716095388, 3171376.746102979872376 ], [ 5275526.223386874422431, 3170819.497436030302197 ], [ 5275641.523227019235492, 3170237.78862122585997 ], [ 5275477.311594900675118, 3167685.869937741197646 ], [ 5275348.704881528392434, 3167338.540396448224783 ], [ 5276127.036468917503953, 3165870.740932831540704 ], [ 5278553.984694920480251, 3162847.39580261008814 ], [ 5279296.906884784810245, 3161509.058505131863058 ], [ 5280979.466211329214275, 3154122.368188362102956 ], [ 5281267.675945131108165, 3150172.538004557136446 ], [ 5280218.637615386396646, 3148409.231094717979431 ], [ 5281029.343412301503122, 3147523.880820787511766 ], [ 5281595.214682434685528, 3146586.08328306209296 ], [ 5281779.641061576083302, 3145491.861329996492714 ], [ 5281428.84001225605607, 3144105.229406009428203 ], [ 5281955.762710026465356, 3143017.316445991396904 ], [ 5282367.525318729691207, 3141067.534876905847341 ], [ 5283026.13246144913137, 3140043.986961498390883 ], [ 5283584.965153419412673, 3139791.906966564711183 ], [ 5285802.842344583012164, 3139229.446559220552444 ], [ 5286212.029196847230196, 3138990.015982750803232 ], [ 5286916.228661166504025, 3138397.153609936591238 ], [ 5287408.052501117810607, 3137749.897331024520099 ], [ 5287224.725837933830917, 3137337.946639328729361 ], [ 5287351.138664674945176, 3137005.176124929916114 ], [ 5289116.253303984180093, 3134755.008149752859026 ], [ 5289370.346262155100703, 3133358.452500841580331 ], [ 5289443.471828420646489, 3131632.489917632192373 ], [ 5289741.362647825852036, 3130264.722345229238272 ], [ 5290706.9759626602754, 3129928.688370313495398 ], [ 5291339.481409791857004, 3129550.46511753089726 ] ] } },
{ "type": "Feature", "properties": { "featurecla": "River", "scalerank": 4.0, "rivernum": 116.0, "name": "Dnipro", "name_en": "Dnieper", "strokeweig": 0.3 }, "geometry": { "type": "MultiLineString", "coordinates": [ [ [ 5291339.481409791857004, 3112296.192338708788157 ], [ 5290646.97316847089678, 3111822.033311465755105 ], [ 5290401.944690173491836, 3110702.938069857656956 ], [ 5290730.064287360757589, 3107298.282032406423241 ], [ 5291339.481409791857004, 3106339.385599068365991 ] ], [ [ 5291339.481409791857004, 3094623.757186595816165 ], [ 5288489.141840349882841, 3095481.059586387593299 ], [ 5285441.450302148237824, 3097042.123945799656212 ], [ 5285213.312057549133897, 3095697.195821721106768 ], [ 5283377.34235780313611, 3094599.245670683681965 ], [ 5283337.041564115323126, 3091562.642770123668015 ], [ 5281527.367752252146602, 3087148.790010785218328 ], [ 5281657.665839845314622, 3084964.208187261130661 ], [ 5282727.069960708729923, 3083917.844740222208202 ], [ 5284002.659647249616683, 3083443.965884956065565 ], [ 5284768.67688062787056, 3082994.808377631939948 ], [ 5284613.451338215731084, 3082760.872784701175988 ], [ 5284331.722854122519493, 3082047.591021007392555 ], [ 5284121.134367450140417, 3081125.236873011104763 ], [ 5284149.729512254707515, 3080253.041852208785713 ], [ 5284569.054583734832704, 3079655.657605024985969 ], [ 5285270.911360247060657, 3079237.665333491750062 ], [ 5286378.404670028947294, 3078864.48114049108699 ], [ 5286556.477125564590096, 3078224.584195768460631 ], [ 5286424.689486957155168, 3077787.32761157816276 ], [ 5286309.864229630678892, 3077087.753738531377167 ], [ 5286281.621037727221847, 3076289.65891473274678 ], [ 5286390.366895123384893, 3075507.874430944211781 ], [ 5286840.192007294856012, 3074660.180877295788378 ], [ 5288011.88677579537034, 3073882.5689477622509 ], [ 5288469.734198626130819, 3073007.198026744648814 ], [ 5289383.617052711546421, 3070067.883041438646615 ], [ 5289989.270770715549588, 3068887.636024769861251 ], [ 5290813.968168153427541, 3067904.68547186255455 ], [ 5289527.972587081603706, 3067546.622456184122711 ], [ 5289723.62375211622566, 3066843.557053055614233 ], [ 5291339.481409791857004, 3066187.544987174216658 ] ] ] } },
{ "type": "Feature", "properties": { "featurecla": "River", "scalerank": 4.0, "rivernum": 129.0, "name": "Seine", "name_en": "Seine", "strokeweig": 0.2 }, "geometry": { "type": "LineString", "coordinates": [ [ 3615115.085229963529855, 2331625.023352629039437 ], [ 3614604.488895715214312, 2333206.696434237528592 ], [ 3614474.610217662528157, 2334724.211666465736926 ], [ 3614862.634216826409101, 2336157.141633705701679 ], [ 3615038.2441192176193, 2338008.009044144768268 ], [ 3615255.325791753828526, 2338650.430222226772457 ], [ 3615082.132184236310422, 2339462.982216848060489 ], [ 3614616.94280224526301, 2340175.450344391632825 ], [ 3614165.456200888380408, 2341076.481409958563745 ], [ 3614035.172401492018253, 2342480.809606470167637 ], [ 3614204.08336594235152, 2344974.254810808692127 ], [ 3614145.850026082247496, 2345894.355922576505691 ], [ 3613561.583267962560058, 2349626.405657798983157 ], [ 3613164.580116715282202, 2350281.474125006236136 ], [ 3612167.163165764883161, 2351085.340333646163344 ], [ 3610050.351365401409566, 2351934.04344357829541 ], [ 3609175.85888832109049, 2352611.114717490039766 ], [ 3608894.161726489197463, 2353860.841997968032956 ], [ 3608694.416410764213651, 2356712.707918379455805 ], [ 3607825.523058504331857, 2359145.150372745934874 ], [ 3606517.064523726701736, 2361136.381001935806125 ], [ 3605025.092033402062953, 2362646.744098291732371 ], [ 3605369.38854612223804, 2363945.160906862001866 ], [ 3606830.137025006115437, 2366924.552336210850626 ], [ 3607466.607587137725204, 2368830.488840805832297 ], [ 3607957.415714534930885, 2369868.148133252747357 ], [ 3608626.605198570527136, 2370540.079884323291481 ], [ 3607285.33486204687506, 2370601.87566474173218 ], [ 3606385.864861886948347, 2371370.908506699837744 ], [ 3605798.585321196820587, 2372527.570407939143479 ], [ 3605391.686323461122811, 2373726.213574881199747 ], [ 3605847.170815757941455, 2373997.78440754301846 ], [ 3606072.990574595984071, 2374323.213007407262921 ], [ 3606242.236667693592608, 2374697.570115147158504 ], [ 3606485.335376098286361, 2375113.844704961869866 ], [ 3605517.202368733473122, 2376232.907582426909357 ], [ 3603647.129484002478421, 2380482.657600273378193 ] ] } },
{ "type": "Feature", "properties": { "featurecla": "River", "scalerank": 4.0, "rivernum": 129.0, "name": "Seine", "name_en": "Seine", "strokeweig": 0.2 }, "geometry": { "type": "LineString", "coordinates": [ [ 3603647.129484002478421, 2380482.657600273378193 ], [ 3603692.706342746969312, 2381426.701228989753872 ], [ 3602849.336184004321694, 2383529.227108597289771 ], [ 3601815.847514945082366, 2385535.617176746949553 ], [ 3601291.947846914641559, 2386180.199149622581899 ], [ 3600434.039508436340839, 2388157.950469318777323 ], [ 3596337.623874465934932, 2392239.150116586126387 ], [ 3595583.499154888559133, 2395539.056662917137146 ], [ 3595753.425379679072648, 2397768.461556193884462 ], [ 3595636.672631164081395, 2398872.213206596672535 ], [ 3594971.766214568167925, 2399533.553373570553958 ], [ 3593501.981760192662477, 2400448.774276019074023 ], [ 3592892.145675777457654, 2400995.640975489746779 ], [ 3592560.594290847890079, 2401494.865576500538737 ], [ 3592157.016631120815873, 2401881.219660139176995 ], [ 3591380.194860004354268, 2402085.818369270302355 ], [ 3589278.128483861684799, 2402098.296272878535092 ], [ 3588666.398661767598242, 2402295.772197052370757 ], [ 3582537.047494616359472, 2409540.066374698653817 ], [ 3580869.864809742197394, 2409592.881400885991752 ], [ 3580508.654375566635281, 2411161.403020543511957 ], [ 3580059.418497509788722, 2412592.168075148016214 ], [ 3579385.242878070101142, 2413843.447762936353683 ], [ 3578832.392627937253565, 2414848.255438898690045 ], [ 3577992.128299608826637, 2416652.614457506220788 ], [ 3576463.586089900694788, 2422131.770549022592604 ], [ 3575308.697676272597164, 2423356.473946626763791 ], [ 3573682.056219869758934, 2424295.769557423889637 ], [ 3571248.402918057981879, 2428036.30126697383821 ], [ 3569393.176574364770204, 2429930.223775995429605 ], [ 3567227.531234429683536, 2435794.016258801333606 ], [ 3565534.516923195216805, 2438921.481710129417479 ], [ 3564987.234988174866885, 2440559.440550800412893 ], [ 3565240.87675689952448, 2441849.516191392671317 ], [ 3563094.245530235115439, 2444441.573776330333203 ], [ 3560187.701369328424335, 2445447.455311530269682 ], [ 3557095.552278610877693, 2445983.574597196187824 ], [ 3554387.933867124840617, 2447173.518653612118214 ], [ 3554089.540899229235947, 2447654.349044807255268 ], [ 3553359.508767733816057, 2449472.610314500983804 ], [ 3553067.193195096217096, 2449734.45334183704108 ], [ 3552696.801975850015879, 2450187.279634702485055 ], [ 3552366.520543706603348, 2450412.905077513307333 ], [ 3552178.977071008179337, 2449976.003756040707231 ], [ 3552011.380068283062428, 2449732.254159715492278 ], [ 3551633.558644410222769, 2449401.126390153542161 ], [ 3551197.23960283305496, 2449122.415924830827862 ], [ 3550883.66990083316341, 2449012.29517958406359 ], [ 3549420.587279644794762, 2448992.77656809752807 ], [ 3547852.977787494659424, 2448653.496554794255644 ], [ 3546405.731999383307993, 2447969.830883546732366 ], [ 3545287.278543198946863, 2446886.74839432630688 ], [ 3544281.809907443355769, 2446183.814128957688808 ], [ 3542886.958336306270212, 2446036.337140024639666 ], [ 3540119.36366624943912, 2446198.786935883574188 ], [ 3539699.408296458423138, 2446477.852204601746053 ], [ 3539252.23355628317222, 2446964.769198934547603 ], [ 3538843.67568838596344, 2447013.779005645308644 ], [ 3538589.851029296871275, 2445995.740481197368354 ], [ 3538252.1918118391186, 2445538.153562578838319 ], [ 3536733.873164069838822, 2444512.882696641609073 ], [ 3536262.235827290453017, 2444325.322340146172792 ], [ 3535569.121615758165717, 2444286.421780978795141 ], [ 3534606.915500006638467, 2443897.408037260174751 ], [ 3533991.535280724056065, 2443788.612198234070092 ], [ 3533570.468429275788367, 2443857.558028608560562 ], [ 3533179.761610286310315, 2443992.326286787632853 ], [ 3532703.132042387500405, 2444066.277364014647901 ], [ 3532046.023602033033967, 2443961.41483062133193 ], [ 3531952.580107758753002, 2443698.425837481860071 ], [ 3530355.526915334165096, 2441970.609610945452005 ], [ 3529663.192506072111428, 2441671.59646872850135 ], [ 3529108.739426624029875, 2441739.645573974121362 ], [ 3528663.218370053451508, 2441576.716678854078054 ], [ 3528313.97886050818488, 2440612.281679900828749 ], [ 3527785.586082380264997, 2440659.684336867183447 ], [ 3526849.881979101337492, 2441555.124590745661408 ], [ 3525400.497446958906949, 2441801.617163189686835 ], [ 3524013.357601462863386, 2441302.609310504049063 ], [ 3523313.193551667965949, 2439956.571240371558815 ], [ 3522595.568953955546021, 2439078.480593445245177 ], [ 3521043.546099975239486, 2438397.518969092983752 ], [ 3518176.837671706452966, 2437842.421331707388163 ], [ 3515103.325175193604082, 2439125.924590361304581 ], [ 3513491.981568125076592, 2439524.970945468172431 ], [ 3512110.614635821431875, 2438809.670534412376583 ], [ 3510979.512317467015237, 2437847.452927467413247 ], [ 3507871.612056741025299, 2436313.545401838608086 ], [ 3506669.998329056892544, 2435962.186558991204947 ], [ 3505074.636237425729632, 2435980.134098209440708 ], [ 3500703.010451202280819, 2437262.616152441129088 ], [ 3489848.490980834700167, 2435920.407135678920895 ], [ 3489051.046953605953604, 2436569.773452195338905 ], [ 3488800.983668575063348, 2437068.556134748738259 ], [ 3487475.888482419773936, 2438317.790128806605935 ], [ 3487016.826659133657813, 2438578.685027203056961 ], [ 3486651.411635729018599, 2438503.593377570156008 ], [ 3485931.254183721728623, 2438067.720801267772913 ], [ 3485495.202006293460727, 2437989.0577402706258 ], [ 3485255.331164444796741, 2438336.778369936626405 ], [ 3485360.338284404017031, 2439051.495147467590868 ], [ 3485530.472182248719037, 2439786.204125276766717 ], [ 3485483.644934786949307, 2440204.681200831662863 ], [ 3484531.499494319781661, 2440445.51747175399214 ], [ 3483495.718606683891267, 2440441.650322486180812 ], [ 3482597.512895916588604, 2440587.911966626532376 ], [ 3482061.297939455602318, 2441273.426037377677858 ], [ 3482075.940631376579404, 2442669.301766962744296 ], [ 3482678.57232689904049, 2443730.457958852406591 ], [ 3483460.122859773691744, 2444615.888937314972281 ], [ 3483951.887882518582046, 2445516.669067331589758 ], [ 3483705.431004738435149, 2447576.118945376481861 ], [ 3482147.861145286355168, 2448132.782859011553228 ], [ 3480120.617929033469409, 2448261.831616660580039 ], [ 3478459.421007129829377, 2449006.544086457230151 ] ] } },
{ "type": "Feature", "properties": { "featurecla": "River", "scalerank": 4.0, "rivernum": 129.0, "name": "Seine", "name_en": "Seine", "strokeweig": 0.25 }, "geometry": { "type": "LineString", "coordinates": [ [ 3478459.421007129829377, 2449006.544086457230151 ], [ 3477944.674805715680122, 2450104.409732737578452 ], [ 3477982.482513376977295, 2451189.560794301796705 ], [ 3478123.668132677674294, 2452327.705713500734419 ], [ 3477842.980341165792197, 2453555.261201993562281 ], [ 3477095.713784345425665, 2454315.184377817902714 ], [ 3476311.203283424023539, 2454103.393959106411785 ], [ 3474892.896742202341557, 2453053.339293049648404 ], [ 3473642.437069491948932, 2452809.449868166819215 ], [ 3472995.798526279628277, 2452998.268952642101794 ], [ 3471539.023030743934214, 2454186.322690286673605 ], [ 3469081.747240932658315, 2455344.149701641406864 ], [ 3468282.721604094840586, 2455926.113237391225994 ], [ 3468363.421106670517474, 2456722.229281482752413 ], [ 3469369.936670070979744, 2457327.010047113057226 ], [ 3469129.77265914157033, 2457963.097589146345854 ], [ 3467182.696078261360526, 2459057.200404669158161 ], [ 3465511.951248405035585, 2459319.579358423128724 ], [ 3465362.672868478111923, 2460086.394490573555231 ], [ 3465574.317350788973272, 2462504.169040407985449 ], [ 3464964.625178386922926, 2465164.0016985591501 ], [ 3463197.731564016081393, 2467810.655737151857466 ], [ 3459632.661817203275859, 2471698.47441834025085 ], [ 3462381.900627615861595, 2474658.936686639674008 ], [ 3463617.484971761703491, 2476325.260477881878614 ], [ 3463898.193803092464805, 2477530.630561720114201 ], [ 3462963.01913049351424, 2479121.965511210262775 ], [ 3462635.274676422588527, 2479902.00309699960053 ], [ 3462548.102337981574237, 2480681.033276027068496 ], [ 3462823.422175912186503, 2482915.383646904025227 ], [ 3462729.956613337621093, 2483462.986295810900629 ], [ 3462431.116899478249252, 2484688.403861581813544 ], [ 3461209.001361195463687, 2487628.403030625544488 ], [ 3459184.644784381147474, 2490166.748427485581487 ], [ 3456753.212759807240218, 2491651.335299949161708 ], [ 3454328.172997068613768, 2491424.739392139948905 ], [ 3451660.249215401243418, 2489125.173137206118554 ], [ 3450236.638866249006242, 2488768.678392633795738 ], [ 3449848.154728409834206, 2490861.884171925485134 ], [ 3450479.325473344884813, 2492554.674431896302849 ], [ 3451749.766470272094011, 2494275.102655393071473 ], [ 3453196.928155654110014, 2495731.879337510559708 ], [ 3454389.070324262604117, 2496653.899083569645882 ], [ 3457143.684997236356139, 2497729.402795981615782 ], [ 3457802.384727660100907, 2498446.658935976214707 ], [ 3458176.855472488794476, 2500306.523465192411095 ], [ 3457512.988881215918809, 2501435.940695775672793 ], [ 3455796.589392139110714, 2501464.955760173033923 ], [ 3452845.982857928611338, 2500495.361474913079292 ], [ 3450871.689765644259751, 2498909.796211610548198 ], [ 3449703.833041033707559, 2498220.759712111670524 ], [ 3448430.973793989978731, 2498020.5288041154854 ], [ 3447493.320119857788086, 2497605.615516962017864 ], [ 3445766.689707702491432, 2495367.539113054983318 ], [ 3444888.708314163610339, 2494638.009002219885588 ], [ 3443044.414539883844554, 2495191.1168890632689 ], [ 3443101.340683902613819, 2497836.368473956361413 ], [ 3444440.214682877063751, 2500700.649226587731391 ], [ 3446748.021945360116661, 2502137.639597458764911 ], [ 3447220.54742457671091, 2502725.752625246997923 ], [ 3447642.466320057399571, 2503525.027767148800194 ], [ 3447868.532137459609658, 2504345.125468876678497 ], [ 3447864.517892929725349, 2505353.213923289906234 ], [ 3447603.414047797210515, 2505771.37031634291634 ], [ 3447166.883032694458961, 2505976.074015256017447 ], [ 3445744.476293423213065, 2506897.912109254859388 ], [ 3442123.476304315961897, 2507610.043494377750903 ], [ 3440624.475847608409822, 2507230.432399172335863 ], [ 3439653.235329227987677, 2506015.96882501989603 ], [ 3437943.715163399465382, 2502828.752873113844544 ], [ 3436620.540153180249035, 2502003.657441882882267 ], [ 3435531.220235568936914, 2502536.057031892705709 ], [ 3435117.438202927820385, 2504005.824850239325315 ], [ 3435866.033729746937752, 2506003.669437387958169 ], [ 3434879.506087115965784, 2508525.170370622072369 ], [ 3434126.597005151677877, 2509485.815389289520681 ], [ 3432907.645369445905089, 2510085.858656981959939 ], [ 3431584.113687577657402, 2510204.222346386872232 ], [ 3422264.786597112193704, 2507736.087332469411194 ], [ 3421184.521976933348924, 2507645.220929254312068 ], [ 3418779.274117831140757, 2507887.440814017318189 ], [ 3417866.654812446795404, 2508332.793297464028001 ], [ 3416749.041267084423453, 2509302.863909226376563 ], [ 3415833.778723959811032, 2510493.28965935530141 ], [ 3415507.640286712441593, 2511606.979215682018548 ], [ 3414932.087315043434501, 2512046.666641314513981 ], [ 3410992.659696344286203, 2512526.644639218226075 ], [ 3409064.060329992324114, 2513432.333432561717927 ], [ 3410483.95765597326681, 2514926.034612567629665 ], [ 3415257.534617021679878, 2518009.917202310170978 ], [ 3413633.465862728655338, 2518985.308392612729222 ], [ 3412166.007924243807793, 2519349.541061829309911 ], [ 3410678.974679403938353, 2519022.137636361643672 ], [ 3407278.281800147145987, 2516585.06325453100726 ], [ 3406409.625265721231699, 2516182.809186039492488 ], [ 3405299.138454201631248, 2516125.238804784137756 ], [ 3404311.921682110521942, 2516808.859803889412433 ], [ 3403596.968091486021876, 2518137.288941477425396 ], [ 3403059.893844461068511, 2519440.081639789044857 ], [ 3402364.676439128350466, 2520391.544940303545445 ], [ 3402240.572514328174293, 2521871.283732870128006 ], [ 3402134.944421245716512, 2522398.353909905999899 ], [ 3401784.08354914188385, 2522663.305307039059699 ], [ 3400664.034835448488593, 2523083.26260145381093 ], [ 3400261.964963692706078, 2523354.257233563344926 ], [ 3398986.876142819412053, 2526050.266401340253651 ], [ 3398469.550437196623534, 2526519.664669135585427 ], [ 3397806.455643401481211, 2526926.867574063595384 ], [ 3397411.959973603487015, 2527764.996019299142063 ], [ 3397096.980954135768116, 2528778.748800753615797 ], [ 3396681.535121304448694, 2529672.218037521466613 ], [ 3394690.866422140970826, 2531753.415327080525458 ], [ 3394553.329084943048656, 2532205.260128995403647 ], [ 3392822.827045477926731, 2532949.633394712582231 ], [ 3392137.440021581482142, 2534569.891220386140049 ], [ 3392614.499551706016064, 2536124.771895593963563 ], [ 3394356.063247646205127, 2536664.999272093176842 ], [ 3395537.215720540378243, 2537297.735975426156074 ], [ 3395704.029276496265084, 2538870.596302129793912 ], [ 3394868.379708279855549, 2540296.812038306612521 ], [ 3393071.128532621078193, 2540507.853518991265446 ], [ 3391817.291070041246712, 2539696.777285732794553 ], [ 3388838.923623214010149, 2537177.611864720005542 ], [ 3387580.980333270970732, 2536724.431292994879186 ] ] } },
{ "type": "Feature", "properties": { "featurecla": "River", "scalerank": 4.0, "rivernum": 129.0, "name": "Seine", "name_en": "Seine", "strokeweig": 0.3 }, "geometry": { "type": "LineString", "coordinates": [ [ 3387580.980333270970732, 2536724.431292994879186 ], [ 3386871.393018489703536, 2536927.480735992547125 ], [ 3385244.798970104195178, 2537741.578947537578642 ], [ 3384523.658588360063732, 2538281.812909603118896 ], [ 3384813.120755245443434, 2539258.981844232417643 ], [ 3385461.236661841161549, 2540198.719415152445436 ], [ 3385830.173056549392641, 2540624.966854305937886 ], [ 3386408.239550966303796, 2541618.019879170693457 ], [ 3386799.341803758405149, 2541999.417264641262591 ], [ 3387045.634442290756851, 2542559.158736195415258 ], [ 3387298.703090080991387, 2545328.84693481400609 ], [ 3387307.926816477905959, 2546278.609357833862305 ], [ 3387045.32897663814947, 2546917.322699326556176 ], [ 3375621.059909906238317, 2549213.395549300592393 ], [ 3371641.609606393612921, 2547829.147518627811223 ], [ 3369622.753101627342403, 2547769.186143794562668 ], [ 3368903.470288569573313, 2549318.471174963284284 ], [ 3369742.702047049999237, 2550444.437941342126578 ], [ 3371461.123733576387167, 2551164.541211682837456 ], [ 3373369.555519564077258, 2551521.190321792848408 ], [ 3376180.438126404769719, 2551549.819864387623966 ], [ 3377381.199255142360926, 2552057.055705304723233 ], [ 3378290.158424356020987, 2553294.56639678357169 ], [ 3378872.791470270603895, 2555490.898823828902096 ], [ 3378703.057209185324609, 2559368.42970536602661 ], [ 3377326.224761844612658, 2562573.1579779391177 ], [ 3375119.25351192150265, 2563919.009438305627555 ], [ 3372454.263712440617383, 2562182.936937741469592 ], [ 3370242.155667710117996, 2556077.575482440181077 ], [ 3369378.785425252281129, 2555171.285523450002074 ], [ 3366669.047533380798995, 2554806.425660712178797 ], [ 3365342.435801830142736, 2555107.266556891612709 ], [ 3364444.617951091844589, 2556586.985781081486493 ], [ 3364400.783041103277355, 2558606.14171071536839 ], [ 3365040.752915837336332, 2560575.154906732030213 ], [ 3365888.612436363007873, 2562611.023323532193899 ], [ 3366472.568479992449284, 2564830.11775963800028 ], [ 3366587.813819680828601, 2567439.986577473115176 ], [ 3366135.406862246338278, 2568936.046822772361338 ], [ 3365142.359927864279598, 2569481.614596095867455 ], [ 3362896.649462891742587, 2569059.576694088056684 ], [ 3362353.343592049088329, 2568844.263572755735368 ], [ 3361885.197579483501613, 2568347.440045149065554 ], [ 3361428.306228179018945, 2567304.8080801111646 ], [ 3361400.025165009777993, 2566523.381302053108811 ], [ 3361690.482520942110568, 2563508.73194706114009 ], [ 3362017.262012734077871, 2562892.0005914834328 ], [ 3361559.717142235022038, 2561706.669412430375814 ], [ 3360892.545966717414558, 2560639.911851469427347 ], [ 3360563.987187479622662, 2560355.686181521508843 ], [ 3360119.517316746059805, 2559750.24305394757539 ], [ 3359365.731037773191929, 2560346.283175229560584 ], [ 3357715.936290223151445, 2562825.231743553187698 ], [ 3357621.690099952276796, 2563505.728301535360515 ], [ 3357749.460773997940123, 2564803.394926927983761 ], [ 3358795.793288913555443, 2566557.188174474053085 ], [ 3359272.423330383375287, 2567753.139767750166357 ], [ 3358958.000761882867664, 2568352.722911897115409 ], [ 3358606.730429591145366, 2568629.195574040990323 ], [ 3357765.501269171945751, 2569751.997502068057656 ], [ 3356463.269117830321193, 2570435.858334369491786 ], [ 3356395.326318223029375, 2571184.487367237918079 ], [ 3356530.779919146560133, 2572126.989604523405433 ], [ 3356378.836847797967494, 2573110.837570211850107 ], [ 3355477.372514339163899, 2574154.498716857749969 ], [ 3354158.67121753282845, 2574751.31137373438105 ], [ 3351090.851604111492634, 2575257.679813905619085 ], [ 3349996.120923403184861, 2574576.842164422385395 ], [ 3349096.11141627561301, 2572774.333130569197237 ], [ 3347683.930612366646528, 2569032.996499304194003 ], [ 3346766.6667240858078, 2567782.787714171223342 ], [ 3345691.624651479534805, 2567002.254419178236276 ], [ 3344382.388239347841591, 2566658.973680494818836 ], [ 3342732.805114602204412, 2566703.28601441020146 ], [ 3341453.392176465131342, 2567483.318019111640751 ], [ 3339579.980781067628413, 2570878.661458692047745 ], [ 3338385.47591317165643, 2572439.393129216041416 ], [ 3337609.328665436245501, 2573179.534261980559677 ], [ 3337200.147800100035965, 2573399.006313615944237 ], [ 3336596.992282575927675, 2573477.000615184661001 ] ] } },
{ "type": "Feature", "properties": { "featurecla": "River", "scalerank": 4.0, "rivernum": 130.0, "name": "Oder", "name_en": "Oder", "strokeweig": 0.2 }, "geometry": { "type": "LineString", "coordinates": [ [ 4529399.840986855328083, 2584457.566391108557582 ], [ 4531869.803154087625444, 2585354.426462805829942 ], [ 4533427.630825689062476, 2585424.332016411237419 ], [ 4534205.273091012611985, 2584587.862228321377188 ], [ 4534967.662117280997336, 2583997.753127002622932 ], [ 4539603.617963380180299, 2583316.275028493255377 ], [ 4541842.534196545369923, 2581548.530308109242469 ], [ 4546285.071211884729564, 2576943.526701211929321 ], [ 4548622.253295741043985, 2575426.035013853572309 ], [ 4551846.582406311295927, 2574532.405161971226335 ], [ 4553380.704787457361817, 2574829.659110229928046 ], [ 4554254.666331988759339, 2577680.673662147019058 ], [ 4555369.214836345985532, 2578711.457700727973133 ], [ 4557728.807947471737862, 2580160.237202620133758 ] ] } },
{ "type": "Feature", "properties": { "featurecla": "River", "scalerank": 4.0, "rivernum": 130.0, "name": "Oder", "name_en": "Oder", "strokeweig": 0.2 }, "geometry": { "type": "LineString", "coordinates": [ [ 4557728.807947471737862, 2580160.237202620133758 ], [ 4568437.845994788222015, 2589718.379277505911887 ], [ 4569140.910749055445194, 2591081.68884012568742 ], [ 4569293.247864436358213, 2592874.553046844433993 ], [ 4569538.913329135626554, 2593276.644423111807555 ], [ 4570129.381640626117587, 2593865.001964569091797 ], [ 4570698.085416512563825, 2594738.646321188192815 ], [ 4570847.072428001090884, 2596003.486218024976552 ], [ 4570334.30702237971127, 2597627.1259207688272 ], [ 4570323.412471348419785, 2598549.506946296896785 ], [ 4570945.472103545442224, 2599397.542945436667651 ], [ 4570400.042970555834472, 2600001.529090389609337 ], [ 4571377.051149894483387, 2601182.267319484613836 ], [ 4573842.339394345879555, 2602929.017277442384511 ], [ 4575171.690446341410279, 2604300.740334873553365 ], [ 4575896.444234043359756, 2605976.651864645071328 ], [ 4576709.752191985957325, 2609394.102147066965699 ], [ 4577456.155155492946506, 2609724.148829702287912 ], [ 4577578.336620256304741, 2610089.036070113070309 ], [ 4577651.401253170333803, 2610406.125906976405531 ], [ 4577721.195658348500729, 2611232.23722517862916 ], [ 4575968.055073681287467, 2612274.004389874171466 ], [ 4570814.720685512758791, 2619707.89898397307843 ], [ 4569241.54799422249198, 2621457.817029029130936 ], [ 4568703.613320454955101, 2622315.888272741343826 ], [ 4568246.238511457107961, 2623518.142944813240319 ], [ 4568009.128307498991489, 2625636.981567082926631 ], [ 4567667.212100394070148, 2626659.534885098226368 ], [ 4566859.71456079557538, 2627049.529215550050139 ], [ 4566778.193915978074074, 2627779.279187357984483 ], [ 4567085.620639322325587, 2627913.905450556892902 ], [ 4567269.286495389416814, 2628092.766044638119638 ], [ 4567676.066189574077725, 2628613.255330483429134 ], [ 4567206.776070698164403, 2628560.761051306966692 ], [ 4568652.518812268972397, 2636845.182159731164575 ], [ 4568563.564928592182696, 2637637.429593468084931 ], [ 4568037.999818494543433, 2637731.50279844366014 ], [ 4567733.716575284488499, 2637876.822082991711795 ], [ 4567477.88648939691484, 2638043.420900042168796 ], [ 4567076.45579369738698, 2638209.55452188802883 ], [ 4567001.732441373169422, 2638876.730825399048626 ], [ 4567668.935219559818506, 2639964.835657125338912 ], [ 4568099.14139237627387, 2640356.163664078805596 ], [ 4568704.606321221217513, 2640603.612233609892428 ], [ 4568629.928967940621078, 2641268.154571944382042 ], [ 4568100.983925623819232, 2641908.058888894505799 ], [ 4567800.931670324876904, 2642771.608306954614818 ], [ 4567695.413708929903805, 2643802.137460930272937 ], [ 4567744.838564720004797, 2644929.228825854603201 ], [ 4566796.126463128253818, 2644941.546475410461426 ], [ 4565932.156705194152892, 2645557.259267772547901 ], [ 4565178.520756473764777, 2646488.89058094471693 ], [ 4564124.121402842923999, 2648117.955105118919164 ], [ 4562243.213999651372433, 2650528.504726310726255 ], [ 4561876.085957423783839, 2650548.339577142614871 ], [ 4561466.177093664184213, 2650679.5432911477983 ], [ 4556308.833408975973725, 2656915.785042935051024 ], [ 4555892.413312801159918, 2658030.746776640415192 ], [ 4554870.805355690419674, 2659957.643905282020569 ], [ 4549193.74211383331567, 2662863.034900044091046 ], [ 4546915.196790033951402, 2665851.874700361397117 ], [ 4546513.218614035286009, 2665895.281527874059975 ], [ 4546003.98393480014056, 2666710.527448805049062 ], [ 4543945.056971079669893, 2668320.893234985880554 ], [ 4543285.418250663205981, 2669600.155330459121615 ], [ 4543949.815994062460959, 2670299.720681614708155 ], [ 4543986.113905179314315, 2670897.141915578395128 ], [ 4543727.58692136593163, 2671515.441829099319875 ], [ 4543514.332206498831511, 2672244.151613482739776 ], [ 4543515.937251973897219, 2673317.891044969204813 ], [ 4543714.06365951616317, 2673972.376973059028387 ], [ 4543950.453966712579131, 2674427.90779962670058 ], [ 4544082.352612030692399, 2674916.986013965215534 ], [ 4543904.141343760304153, 2676625.458350883796811 ], [ 4543502.871566478163004, 2678098.769359330646694 ], [ 4543211.183456615544856, 2679615.59971064934507 ], [ 4543372.011665972881019, 2681479.46701822290197 ], [ 4542128.491338443011045, 2682117.882090803235769 ], [ 4540812.663491304032505, 2684270.726549067068845 ], [ 4538865.429554363712668, 2688439.643862660508603 ], [ 4538132.084232818335295, 2689402.71721462206915 ], [ 4536241.489807920530438, 2691104.362955175340176 ], [ 4535534.037303020246327, 2692083.686217025388032 ], [ 4534611.48290626052767, 2693826.074557818472385 ], [ 4533998.608240202069283, 2694551.905989816877991 ], [ 4533281.476127984002233, 2694844.706514395773411 ], [ 4530678.780465699732304, 2694937.374445141293108 ], [ 4529853.862812720239162, 2695303.600735234562308 ], [ 4527642.599906134419143, 2696765.695161535404623 ], [ 4524018.853805714286864, 2697940.737610193900764 ], [ 4522368.008720112964511, 2698770.109230913687497 ], [ 4520671.887059156782925, 2700457.467933890409768 ], [ 4520129.562708521261811, 2699987.069521625526249 ], [ 4519612.972025639377534, 2699814.722233679145575 ], [ 4519037.041090175509453, 2699892.02869148273021 ], [ 4518358.624703044071794, 2700217.164897051174194 ], [ 4517611.135297923348844, 2700920.17528428370133 ], [ 4517233.458944382146001, 2701730.071618961635977 ], [ 4517003.311946576461196, 2702502.510674944147468 ], [ 4516662.404652465134859, 2703055.216475553810596 ], [ 4515283.789010394364595, 2703637.939931348897517 ], [ 4513920.751803552731872, 2703423.775573623366654 ], [ 4511162.82368219550699, 2702489.802595608402044 ], [ 4509978.728147955611348, 2702645.665936250239611 ], [ 4508715.760494835674763, 2703249.823493378702551 ], [ 4507546.431007026694715, 2704085.207684826105833 ], [ 4506664.586727530695498, 2704984.238895082846284 ], [ 4506263.034344752319157, 2705655.263485783245414 ], [ 4505589.567654418759048, 2707102.763523544650525 ], [ 4504982.901581917889416, 2707826.909061119426042 ], [ 4504153.716704117134213, 2708280.859168248251081 ], [ 4502557.529961321502924, 2708575.955736869480461 ], [ 4501783.379208051599562, 2709315.201295684557408 ], [ 4495607.228760150261223, 2711789.732050810009241 ], [ 4495188.208888040855527, 2712992.097288267686963 ], [ 4495149.742769486270845, 2716830.909360702615231 ], [ 4494442.044717838056386, 2718096.878336819354445 ], [ 4491729.958415522240102, 2719633.790446679107845 ], [ 4491035.653194178827107, 2720843.473546484019607 ], [ 4490365.737096408382058, 2721673.4979412057437 ], [ 4489015.403559953905642, 2721891.208530387375504 ], [ 4487635.615193041972816, 2721563.526913869660348 ], [ 4486856.280537035316229, 2720767.867570518050343 ], [ 4486395.516031540930271, 2720722.849574285559356 ], [ 4486089.497026356868446, 2721815.549894685856998 ], [ 4485517.967612669803202, 2722226.211017264984548 ], [ 4484767.275465280748904, 2722192.595072125084698 ], [ 4483916.654360570944846, 2721957.020652793813497 ], [ 4484406.008898449130356, 2723857.06758274231106 ], [ 4483882.62148969527334, 2725142.144468828104436 ], [ 4481605.737484257668257, 2726958.109370531514287 ], [ 4479750.674499452114105, 2726515.369984036311507 ], [ 4477203.883567449636757, 2726778.939902405720204 ], [ 4474836.564769374206662, 2727669.511107560247183 ], [ 4473481.195145684294403, 2729121.06261010793969 ] ] } },
{ "type": "Feature", "properties": { "featurecla": "River", "scalerank": 4.0, "rivernum": 130.0, "name": "Oder", "name_en": "Oder", "strokeweig": 0.2 }, "geometry": { "type": "LineString", "coordinates": [ [ 4286454.476154066622257, 2945743.513434782158583 ], [ 4286640.986732533201575, 2947096.491089112590998 ], [ 4286987.471428011544049, 2948564.393064139410853 ], [ 4287429.49717126134783, 2949959.202356843277812 ], [ 4287898.904138593003154, 2951053.178138290066272 ], [ 4288983.277218618430197, 2952389.82832232862711 ], [ 4289347.550570270046592, 2952614.603522403165698 ], [ 4289670.458432266488671, 2952897.401286378502846 ], [ 4289747.682267173193395, 2953541.477752471808344 ], [ 4289759.832836800254881, 2954271.047675491310656 ], [ 4289872.526147428900003, 2954848.89150775084272 ], [ 4291716.193916621617973, 2957377.349727620836347 ], [ 4292270.977920542471111, 2958740.321856177411973 ], [ 4293002.888318061828613, 2962166.861601452808827 ], [ 4293352.643072017468512, 2963220.042987544089556 ], [ 4293665.468877819366753, 2963497.310045581776649 ], [ 4294099.706895981915295, 2963590.033400397747755 ], [ 4294473.865875915624201, 2963789.58825518656522 ], [ 4294601.115215882658958, 2964371.181413231883198 ], [ 4294662.560021602548659, 2965151.321868043858558 ], [ 4296526.676772204227746, 2970749.57074751984328 ], [ 4296741.069975919090211, 2972334.220988395158201 ], [ 4296465.95063189137727, 2974619.860371836461127 ], [ 4294569.596340814605355, 2978128.051578583661467 ], [ 4293968.318367649801075, 2980991.01229551108554 ] ] } },
{ "type": "Feature", "properties": { "featurecla": "River", "scalerank": 4.0, "rivernum": 130.0, "name": "Oder", "name_en": "Oder", "strokeweig": 0.25 }, "geometry": { "type": "LineString", "coordinates": [ [ 4473481.195145684294403, 2729121.06261010793969 ], [ 4472553.036800391972065, 2729712.485335527919233 ], [ 4470444.348616554401815, 2731783.427957051433623 ], [ 4468146.219619173556566, 2733036.400122587569058 ], [ 4467529.135943765752017, 2733715.916070214938372 ], [ 4465145.467723193578422, 2737772.853014439810067 ], [ 4463739.712807290256023, 2739361.478195394854993 ], [ 4462026.211587165482342, 2739897.058208827860653 ], [ 4461561.131196158006787, 2740204.11322367284447 ], [ 4459946.126530990004539, 2741573.994154743850231 ], [ 4459078.952889894135296, 2741836.080846986733377 ], [ 4455365.713337890803814, 2741493.77030692063272 ], [ 4453561.677403678186238, 2740801.71825868729502 ], [ 4452050.263206217437983, 2739723.527476505376399 ], [ 4450764.549435645341873, 2739211.512214761227369 ], [ 4449679.75137940980494, 2740237.62839230755344 ], [ 4448765.151554289273918, 2739496.42939467728138 ], [ 4447879.828239640221, 2739490.17662908276543 ], [ 4446977.996263145469129, 2739777.540448213927448 ], [ 4446017.773977630771697, 2739907.070540423505008 ], [ 4442368.299782316200435, 2738843.046357257291675 ], [ 4438994.026480407454073, 2736747.669141362421215 ], [ 4437270.63055775500834, 2736232.232101066503674 ], [ 4435972.124209112487733, 2737539.820709534920752 ], [ 4436345.31879903934896, 2739047.062724532093853 ], [ 4435715.418353675864637, 2739333.996057176962495 ], [ 4435225.094083656556904, 2739838.611029728315771 ], [ 4434316.831965098157525, 2741080.728210044559091 ], [ 4432291.221853790804744, 2743175.898162501398474 ], [ 4432233.129173956811428, 2743842.202743649482727 ], [ 4433383.066972655244172, 2744771.953920196741819 ], [ 4433980.948381609283388, 2745859.003770262002945 ], [ 4434169.549921019934118, 2747170.932265897747129 ], [ 4434103.309374609030783, 2748792.295584050472826 ], [ 4435170.341080605052412, 2751734.881370382383466 ], [ 4434770.963146042078733, 2752529.191855525132269 ], [ 4433359.189333522692323, 2754651.308983776718378 ], [ 4432619.019691472873092, 2756334.822451204992831 ], [ 4432531.64758724719286, 2758349.32453582668677 ], [ 4432912.363809839822352, 2762379.634186670649797 ], [ 4432645.523145384155214, 2763435.814448340795934 ], [ 4432536.432354271411896, 2764305.708123506978154 ], [ 4432656.532532659359276, 2765298.37899837968871 ], [ 4433052.873599184677005, 2766025.648718828801066 ], [ 4433991.102342006750405, 2766829.555881086271256 ], [ 4434241.739811803214252, 2767715.29795700032264 ], [ 4433089.69698029756546, 2768114.337112493813038 ], [ 4432658.16604658216238, 2769213.995174321811646 ], [ 4432557.923234118148685, 2771180.080819221679121 ], [ 4431772.369387005455792, 2772277.710554462391883 ], [ 4429978.94335909280926, 2772708.120230823755264 ], [ 4428960.068231442011893, 2773480.346082313451916 ], [ 4427799.325858888216317, 2775512.185447142459452 ], [ 4427197.891734536737204, 2776320.982587242498994 ], [ 4426376.962026097811759, 2776600.030714259017259 ], [ 4425236.175747966393828, 2776712.031923054717481 ], [ 4424121.847499933093786, 2777203.071970026008785 ], [ 4423449.060640498064458, 2778050.875321329105645 ], [ 4423602.503781570121646, 2779238.340564247220755 ], [ 4423533.453068340197206, 2780040.696719334926456 ], [ 4422561.661609598435462, 2779912.402557759080082 ], [ 4421833.464931685477495, 2780381.764096958562732 ], [ 4421132.642642515711486, 2781374.860719634685665 ], [ 4417747.752201919443905, 2783442.544872115831822 ], [ 4416027.025034111924469, 2783973.26667310949415 ], [ 4414065.005262756720185, 2783644.452626752667129 ], [ 4409879.529570153914392, 2781366.974402627907693 ], [ 4407607.579041565768421, 2780814.985796444583684 ], [ 4404677.37021541967988, 2782410.335408185143024 ], [ 4402431.023371044546366, 2782389.233639040961862 ], [ 4401435.039196832105517, 2782965.845183779951185 ], [ 4400509.996597013436258, 2783758.972893338184804 ], [ 4399385.481705375015736, 2784233.377103152684867 ], [ 4398222.831353300251067, 2784454.9051454635337 ], [ 4395361.034730671904981, 2784337.132380550261587 ], [ 4394859.036003187298775, 2784683.657332471571863 ], [ 4394569.195224638096988, 2785239.365978024434298 ], [ 4393952.580529340542853, 2786813.67623562226072 ], [ 4393773.127277030609548, 2787136.1533542284742 ], [ 4393190.78339770808816, 2786857.937618215102702 ], [ 4392717.793804336339235, 2786314.840337774250656 ], [ 4392351.885723245330155, 2785780.343773555010557 ], [ 4392087.645699726417661, 2785527.677526442799717 ], [ 4391429.22290828358382, 2785790.997670391574502 ], [ 4391058.213431210257113, 2786345.679807209875435 ], [ 4390681.878671292215586, 2786639.43546078260988 ], [ 4389966.805661294609308, 2786095.810581155121326 ], [ 4387195.385146653279662, 2789618.638930675107986 ], [ 4386439.326023694127798, 2790303.79730796162039 ], [ 4385247.520054541528225, 2790428.570127665065229 ], [ 4384373.524874707683921, 2790123.263870527502149 ], [ 4383590.509127442725003, 2790198.874754724558443 ], [ 4382691.038432844914496, 2791475.933801955543458 ], [ 4382849.030565481632948, 2791877.686888061463833 ], [ 4383093.622173685580492, 2792173.057267129886895 ], [ 4382048.039830558001995, 2793362.499366918113083 ], [ 4381612.16637641005218, 2793596.982815460767597 ], [ 4382104.404236872680485, 2795445.642444926779717 ], [ 4383651.842181321233511, 2798803.082127552013844 ], [ 4383829.275166312232614, 2799659.043212298769504 ], [ 4384188.638733488507569, 2800271.39003939088434 ], [ 4385008.016580776311457, 2802698.829377732239664 ], [ 4384523.624293479137123, 2803060.780658863019198 ], [ 4382628.239771845750511, 2803978.115530153736472 ], [ 4383211.190024794079363, 2804642.104893327225 ], [ 4383871.181905294768512, 2805899.059201620519161 ], [ 4384383.718573783524334, 2807247.187383321113884 ], [ 4384574.288877764716744, 2808217.443275354336947 ], [ 4382879.110171241685748, 2811295.060831133276224 ], [ 4382907.645638857968152, 2811428.876534889452159 ], [ 4382716.058726096525788, 2811924.413456602487713 ], [ 4382751.713862287811935, 2812382.477135544177145 ], [ 4382687.76220481377095, 2812701.162359527312219 ], [ 4382168.358112628571689, 2812776.322531287558377 ], [ 4380343.1770050060004, 2812633.982262601610273 ], [ 4376986.179498092271388, 2811705.595109673216939 ], [ 4376934.953746177256107, 2812370.020631843712181 ], [ 4377387.240396145731211, 2812404.911986592691392 ], [ 4376422.724785070866346, 2813662.039703163318336 ], [ 4374859.259817047975957, 2814349.705902055371553 ], [ 4373658.563360129483044, 2815481.314877563156188 ], [ 4373768.051546419039369, 2818081.564597181044519 ], [ 4362793.440427822992206, 2818727.297930238302797 ], [ 4361213.43711354304105, 2818465.459261936601251 ], [ 4360525.221332588233054, 2818559.294591184239835 ], [ 4359819.297937857918441, 2818893.956001811195165 ], [ 4358814.122264297679067, 2819682.885415818076581 ], [ 4358126.835472164675593, 2819856.033929368946701 ], [ 4357538.386604350060225, 2819610.330776758026332 ], [ 4356064.380462633445859, 2818476.630871611647308 ], [ 4355533.57544800825417, 2818193.302292986307293 ], [ 4354725.724946497939527, 2818239.777238905895501 ], [ 4347642.19177033379674, 2820150.318833882920444 ], [ 4345136.313069120049477, 2820288.133264159783721 ], [ 4342014.958801995962858, 2817648.680956591852009 ], [ 4337638.719965618103743, 2816923.382935055531561 ], [ 4336265.085397559218109, 2817091.617465632036328 ], [ 4334975.264121399261057, 2817694.649279884062707 ], [ 4332680.380240368656814, 2819589.044921512715518 ], [ 4330448.935133054852486, 2817843.867522157728672 ], [ 4328386.604404109530151, 2817081.529417405370623 ], [ 4323534.617971871979535, 2816770.885862105060369 ], [ 4322488.951851239427924, 2817043.565388357266784 ], [ 4320469.224200157448649, 2818430.414676926564425 ], [ 4315969.596644958481193, 2818962.768828741274774 ], [ 4315042.470076148398221, 2818419.083140431903303 ] ] } },
{ "type": "Feature", "properties": { "featurecla": "River", "scalerank": 4.0, "rivernum": 130.0, "name": "Oder", "name_en": "Oder", "strokeweig": 0.3 }, "geometry": { "type": "LineString", "coordinates": [ [ 4315042.470076148398221, 2818419.083140431903303 ], [ 4310536.29917289596051, 2821364.205611603334546 ], [ 4309777.634384905919433, 2822859.263335563708097 ], [ 4310003.617750933393836, 2825668.384714548010379 ], [ 4310587.766596988774836, 2827669.565297613851726 ], [ 4310757.36432230565697, 2829218.472376313060522 ], [ 4309696.937408248893917, 2830644.345238549169153 ], [ 4309654.979312251321971, 2831304.243353167083114 ], [ 4310832.704230994917452, 2833101.453840645030141 ], [ 4310715.270033165812492, 2835294.696663337759674 ], [ 4309576.292869579978287, 2837109.950776274316013 ], [ 4307676.701263054274023, 2837804.502696904819459 ], [ 4305775.850590517744422, 2838118.446889614220709 ], [ 4303480.072992933914065, 2839131.473098532762378 ], [ 4301899.623070834204555, 2840689.434964063111693 ], [ 4302170.130293591879308, 2842664.970783464144915 ], [ 4300596.286079092882574, 2845701.30091365147382 ], [ 4298751.687778511084616, 2850288.403813856188208 ], [ 4298120.762032949365675, 2854529.962486980017275 ], [ 4301329.21602551266551, 2857736.400934064295143 ], [ 4302755.778051380999386, 2860357.562419902067631 ], [ 4303679.188057268969715, 2862939.790032513905317 ], [ 4303310.076124999672174, 2864065.770369430538267 ], [ 4302019.004930939525366, 2865110.447973935864866 ], [ 4302374.667525199241936, 2867630.809461310505867 ], [ 4303952.971958364360034, 2871595.506527951918542 ], [ 4301821.547888750210404, 2873144.860170927364379 ], [ 4297375.98407412879169, 2877562.900625190231949 ], [ 4293369.93309729732573, 2878882.194604413118213 ], [ 4291334.898366090841591, 2881330.507056533824652 ], [ 4290064.078609621152282, 2881837.617607954423875 ], [ 4289333.347722482867539, 2882456.330262791365385 ], [ 4286848.407587830908597, 2886725.297333131078631 ], [ 4285769.398628647439182, 2887852.296778492163867 ], [ 4278546.192992167547345, 2892542.962322125211358 ], [ 4276721.168665335513651, 2893397.306329317390919 ], [ 4274448.808068392798305, 2895791.191554046235979 ], [ 4273114.515371861867607, 2896285.732648213859648 ], [ 4271663.424681995995343, 2896316.533222564961761 ], [ 4270274.506231153383851, 2896658.884915441274643 ], [ 4269097.479845255613327, 2897486.746571559458971 ], [ 4268273.65641013905406, 2898952.457431194838136 ], [ 4269902.999958378262818, 2900547.699078833684325 ], [ 4270505.145337152294815, 2901890.993506563827395 ], [ 4270660.120550142601132, 2903937.489339640364051 ], [ 4270432.581847351044416, 2905265.649341633543372 ], [ 4269426.153508508577943, 2909029.555058877915144 ], [ 4268978.887616893276572, 2910093.027284120675176 ], [ 4268941.658212777227163, 2910756.19534031348303 ], [ 4271949.397384012117982, 2913266.340956560336053 ], [ 4275769.120001159608364, 2915562.336582588031888 ], [ 4279411.176390935666859, 2918832.216849296353757 ], [ 4281279.987071297131479, 2921024.77585596172139 ], [ 4282024.711666923947632, 2923014.9542545103468 ], [ 4282154.907281219959259, 2923922.159265280235559 ], [ 4283734.780703572556376, 2930118.035536887124181 ], [ 4283506.822236735373735, 2931664.304765222594142 ], [ 4283023.075598243623972, 2933153.321633805986494 ], [ 4282692.369955575093627, 2934890.835192939266562 ], [ 4282787.12101835757494, 2936330.06568802241236 ], [ 4283175.221255453303456, 2937668.375027986243367 ], [ 4283754.079639635980129, 2938662.977621423080564 ], [ 4284408.804001030512154, 2939070.314722162205726 ], [ 4284838.502080808393657, 2939806.267077333759516 ], [ 4286322.2887720791623, 2943223.13533096248284 ], [ 4286951.545954862609506, 2944300.211028950288892 ], [ 4286598.658741138875484, 2944397.324264010880142 ], [ 4286516.843898762017488, 2944708.09325043251738 ], [ 4286536.355870782397687, 2945169.662436478771269 ], [ 4286454.476154066622257, 2945743.513434782158583 ] ] } },
{ "type": "Feature", "properties": { "featurecla": "River", "scalerank": 4.0, "rivernum": 140.0, "name": "Rhin", "name_en": "Rhine", "strokeweig": 0.25 }, "geometry": { "type": "LineString", "coordinates": [ [ 3852263.859066636767238, 2447401.304996618069708 ], [ 3853119.066248725168407, 2447915.334899678360671 ], [ 3854099.432677449192852, 2448814.431864216458052 ], [ 3854884.12586432415992, 2449808.330935462377965 ], [ 3855226.883884406648576, 2450651.790886082686484 ], [ 3855370.132374196778983, 2452700.086479300633073 ], [ 3855770.870994841214269, 2453641.691336338408291 ], [ 3856582.755129209253937, 2453889.744728631805629 ], [ 3858577.573305681813508, 2453872.344903340563178 ], [ 3859130.229713462293148, 2454035.930581180844456 ], [ 3859538.459764325991273, 2454379.263362272176892 ], [ 3859710.260767994914204, 2454965.125692524015903 ], [ 3859893.584039584733546, 2455983.68414646666497 ], [ 3860237.890402057208121, 2456538.709860404487699 ], [ 3860575.503618203569204, 2456844.631556843873113 ], [ 3860738.626339963637292, 2457110.592469775583595 ], [ 3861363.089334700722247, 2457120.289333233609796 ], [ 3863998.667245477437973, 2458460.458310074638575 ], [ 3864441.22206745762378, 2458816.379048584960401 ], [ 3865362.67062259465456, 2460275.270145581569523 ], [ 3868795.099696720018983, 2469044.355079971253872 ], [ 3871111.021653376985341, 2473171.992321162018925 ], [ 3872638.241288106888533, 2474845.350014952477068 ], [ 3874796.360669671557844, 2475496.402313590049744 ] ] } },
{ "type": "Feature", "properties": { "featurecla": "River", "scalerank": 4.0, "rivernum": 140.0, "name": "Rhin", "name_en": "Rhine", "strokeweig": 0.25 }, "geometry": { "type": "LineString", "coordinates": [ [ 3918719.198067138902843, 2333919.29524021409452 ], [ 3916633.334514785557985, 2335526.516066216863692 ], [ 3914014.625196300446987, 2336993.418725256808102 ], [ 3911188.477215179707855, 2338050.232331457082182 ], [ 3901270.351892843842506, 2338499.31091787898913 ], [ 3900656.489614109043032, 2337893.664851526264101 ], [ 3900131.694638922344893, 2336937.235857121180743 ], [ 3898861.965573670342565, 2335795.299291339237243 ], [ 3899587.152474955189973, 2335314.337441339157522 ], [ 3900086.742500109598041, 2334522.606689099688083 ], [ 3900087.522470656316727, 2333611.530724021606147 ], [ 3899309.020840746816248, 2332778.021569971460849 ], [ 3898787.265781310386956, 2334279.150461423676461 ], [ 3898460.248129358515143, 2333308.619781696237624 ], [ 3898201.220780743751675, 2329564.163120641838759 ], [ 3897778.941673996392637, 2328272.482831017579883 ], [ 3895809.42479004804045, 2325613.707499605603516 ], [ 3895164.179116100072861, 2324050.797335830517113 ], [ 3893706.26996790478006, 2324924.918814443051815 ], [ 3892535.418194974772632, 2325914.478593809530139 ], [ 3891254.951658835634589, 2326733.21181373577565 ], [ 3889443.321607127320021, 2327098.393672273494303 ], [ 3884870.918812692631036, 2326440.787416848354042 ], [ 3880218.609299237374216, 2326560.832883454859257 ], [ 3877482.851522766519338, 2327357.751093567349017 ], [ 3876776.359241271391511, 2327846.56666699424386 ], [ 3876285.365950555540621, 2328895.076660782564431 ], [ 3875918.619871384464204, 2329932.879086019005626 ], [ 3875546.107480013743043, 2330408.901852136477828 ], [ 3874707.113910022657365, 2330520.313673294615 ], [ 3872829.160378644708544, 2331142.146928311791271 ], [ 3871515.860620377585292, 2331160.277701158076525 ], [ 3867589.153256703633815, 2330599.173066217452288 ], [ 3867192.795881134457886, 2330367.370581155177206 ], [ 3866824.869953068438917, 2329851.285311502404511 ], [ 3866321.982278037816286, 2329338.578189382329583 ], [ 3864973.813414734788239, 2328978.392402976751328 ], [ 3863379.393932159524411, 2328162.609817041549832 ], [ 3862763.931692169513553, 2327713.479585635475814 ], [ 3862142.106282062828541, 2327020.352254636585712 ], [ 3861826.277023045346141, 2326484.859338279813528 ], [ 3861494.587877317797393, 2326025.947413346264511 ], [ 3860771.818608509376645, 2325566.662649159319699 ], [ 3857477.140726033132523, 2324917.668211509473622 ], [ 3848016.436473984736949, 2325176.787032869644463 ], [ 3847833.970487477257848, 2325638.928189126774669 ], [ 3847720.579241417814046, 2326655.894156215712428 ], [ 3847511.217877423856407, 2327670.326269485987723 ], [ 3847080.273985571227968, 2328136.919570744037628 ], [ 3842401.998995159752667, 2328560.996021303813905 ], [ 3841394.614460766781121, 2329102.777845173608512 ], [ 3840019.579107809811831, 2327073.957005896605551 ], [ 3838806.184169037733227, 2325726.082253719680011 ], [ 3837415.183490419760346, 2324993.162000986747444 ], [ 3831318.453348816372454, 2323920.227267508860677 ], [ 3829726.247495588846505, 2324185.790545311290771 ], [ 3826024.254415044095367, 2326295.299579376354814 ], [ 3824534.642875127494335, 2326627.39960582787171 ], [ 3824187.454699294641614, 2327208.730038028676063 ], [ 3824362.11285482859239, 2328419.153004879131913 ], [ 3824708.843248746357858, 2329568.792227244004607 ], [ 3824892.057314451318234, 2329956.805946016684175 ], [ 3824765.723214346449822, 2330985.293297385796905 ], [ 3824411.553377871401608, 2331561.574792859144509 ], [ 3823952.786148891784251, 2331978.461204468272626 ], [ 3823527.130155691411346, 2332536.134176367428154 ], [ 3822014.368727002292871, 2335861.392135629430413 ], [ 3821074.491284594405442, 2337266.329096311237663 ], [ 3820012.152620337437838, 2337861.321194503922015 ], [ 3819745.372477525379509, 2338369.320729355793446 ], [ 3819546.784793596714735, 2339531.66647725366056 ], [ 3819419.250298787374049, 2341852.522646095138043 ], [ 3819699.408563136123121, 2342486.572585162706673 ], [ 3820953.174646857194602, 2343723.603009114973247 ], [ 3821401.889933049678802, 2344425.632155282888561 ], [ 3821488.537962464615703, 2346174.534064614679664 ], [ 3820719.194817788433284, 2349963.774872076231986 ], [ 3820963.725458499509841, 2351452.572093245107681 ], [ 3822115.189466787967831, 2354893.911955098621547 ], [ 3822528.120573253370821, 2355400.173965795896947 ], [ 3823528.11080275522545, 2355910.686074909288436 ], [ 3823726.431112207006663, 2357099.03741117939353 ], [ 3823421.69727526884526, 2359110.20126267708838 ], [ 3823444.623981936834753, 2359590.019778053741902 ], [ 3823400.783047578763217, 2359867.208859927486628 ], [ 3823367.275699095334858, 2360136.177973804995418 ], [ 3823470.252061928156763, 2360579.207667687442154 ], [ 3823697.850213611032814, 2361052.260826703626662 ], [ 3824178.602164293173701, 2361490.719038700684905 ], [ 3824496.120246227830648, 2362015.986649132333696 ], [ 3824989.876596074551344, 2363071.19671573722735 ], [ 3825129.238240044098347, 2363552.440972571261227 ], [ 3825098.234577466268092, 2365299.739363456144929 ], [ 3825550.737887323834002, 2366723.950675833038986 ], [ 3827537.849144472740591, 2368699.66207808163017 ], [ 3828266.648132533300668, 2369970.690199323929846 ], [ 3828216.112858691718429, 2373325.492702963761985 ], [ 3825280.237765691708773, 2378908.880153610371053 ], [ 3825197.588435079902411, 2383356.946606982499361 ], [ 3825716.18798568053171, 2385440.459790269378573 ], [ 3826261.306623908225447, 2387055.758554730564356 ], [ 3826808.727603765204549, 2387996.235418098513037 ], [ 3827321.587580958381295, 2388635.939211117103696 ], [ 3827717.680217820219696, 2389471.137660926673561 ], [ 3827918.502949087880552, 2391005.822990486398339 ], [ 3828424.334686272777617, 2392310.090391633100808 ], [ 3833160.772856104187667, 2398530.949031873606145 ], [ 3833970.035727106500417, 2400067.613776862155646 ], [ 3834482.120762767270207, 2401868.29879233147949 ], [ 3834700.873608849011362, 2404048.308571252040565 ], [ 3835268.10639410559088, 2406288.324704742524773 ], [ 3836451.935575409792364, 2407196.691507122479379 ], [ 3837785.768005747813731, 2407872.319631198421121 ], [ 3838830.761972940061241, 2409420.718454495538026 ], [ 3838963.847407813649625, 2410918.218811579048634 ], [ 3838640.624211871996522, 2412366.608872006181628 ], [ 3838210.53433538461104, 2413744.780989000573754 ], [ 3838023.198901510797441, 2415049.915853562764823 ], [ 3838153.495988490525633, 2416450.316198174841702 ], [ 3838764.191358529496938, 2419279.767586921341717 ], [ 3839167.821146856993437, 2420488.06944051804021 ], [ 3839687.417732044588774, 2421495.996977020520717 ], [ 3840179.461010690312833, 2422176.684317864477634 ], [ 3840577.196773257572204, 2423206.745574977248907 ], [ 3840778.279385335277766, 2425242.834344728849828 ], [ 3841173.728240998927504, 2426207.362611426506191 ], [ 3842053.903377803973854, 2427055.005240952596068 ], [ 3843884.002166061196476, 2428425.781029704492539 ], [ 3843905.742211530916393, 2429160.075471725314856 ], [ 3843137.296431600581855, 2431458.560006477870047 ], [ 3843255.487749717198312, 2435195.290049727540463 ], [ 3843961.538265657611191, 2438686.146711858455092 ], [ 3847095.718354542739689, 2443292.167743030935526 ], [ 3847946.440075546037406, 2443850.147427405696362 ], [ 3849131.616629507392645, 2444196.560849425382912 ], [ 3850253.172010900918394, 2445122.437888967804611 ], [ 3852263.859066636767238, 2447401.304996618069708 ] ] } },
{ "type": "Feature", "properties": { "featurecla": "River", "scalerank": 4.0, "rivernum": 141.0, "name": "Nederrijn", "name_en": "Nederrijn", "strokeweig": 0.25 }, "geometry": { "type": "LineString", "coordinates": [ [ 3736166.351493063848466, 2794160.342034854926169 ], [ 3736030.285990886390209, 2795257.981609697453678 ], [ 3735834.956961175426841, 2795977.866051733959466 ], [ 3735470.000423198565841, 2796444.17730429302901 ], [ 3734867.009839784819633, 2797015.339659103192389 ], [ 3733072.813692152965814, 2798268.722404124215245 ], [ 3732197.374061325099319, 2799196.654244531411678 ], [ 3731876.442999778315425, 2800456.99049670714885 ], [ 3731321.350754866376519, 2802003.461346899624914 ], [ 3729926.71241474756971, 2803682.958272590301931 ], [ 3727196.876693253871053, 2806251.716274603735656 ], [ 3725487.910320480819792, 2804823.167147709522396 ], [ 3721660.705983058549464, 2805047.111180449370295 ], [ 3720243.021534131839871, 2803640.529689173214138 ], [ 3717563.904309272766113, 2804761.38068231055513 ], [ 3715069.78975335881114, 2804301.429194318130612 ], [ 3712533.92249605897814, 2803306.409230026882142 ], [ 3709714.00440717022866, 2802855.100752424448729 ], [ 3706820.499851970002055, 2803737.058720344211906 ], [ 3701901.137153046671301, 2807122.453023450449109 ], [ 3699076.04934962419793, 2807899.912958601955324 ], [ 3698247.465340695343912, 2807727.504998332355171 ], [ 3696869.744263555854559, 2806866.340010593179613 ], [ 3696237.035451204050332, 2806611.156561424024403 ], [ 3695495.073537549003959, 2806688.801986511331052 ], [ 3693797.87538110697642, 2807430.836735037155449 ], [ 3692295.364794496446848, 2807183.332646815571934 ], [ 3690260.196221504360437, 2805808.008451644331217 ] ] } },
{ "type": "Feature", "properties": { "featurecla": "River", "scalerank": 4.0, "rivernum": 142.0, "name": "Lek", "name_en": "Lek", "strokeweig": 0.25 }, "geometry": { "type": "LineString", "coordinates": [ [ 3690260.196221504360437, 2805808.008451644331217 ], [ 3688862.38506177905947, 2805533.860893931705505 ], [ 3685276.09064313583076, 2807855.790891274344176 ], [ 3684269.3576241703704, 2807702.42913447227329 ], [ 3683019.168244518339634, 2806849.917245905846357 ], [ 3681414.792482544668019, 2806651.731304986402392 ], [ 3679805.694626901764423, 2806980.210540918633342 ], [ 3678604.900599115528166, 2807737.262023159768432 ], [ 3678031.965068591292948, 2808555.821292786393315 ], [ 3677215.045367992483079, 2810200.39200217043981 ], [ 3676448.947661153972149, 2810887.318207524716854 ], [ 3675557.649598536081612, 2811151.461200078949332 ], [ 3674922.798018908593804, 2810878.089152455329895 ], [ 3674304.662156413774937, 2810466.950425589922816 ], [ 3672764.482842342928052, 2810154.295526263304055 ], [ 3672145.540335841476917, 2809735.577937779948115 ], [ 3671099.596870234701782, 2808569.907794642727822 ], [ 3670410.415307688992471, 2808319.144065795000643 ], [ 3667711.291921509429812, 2809132.816901103127748 ], [ 3667564.132597331423312, 2808974.515799753833562 ], [ 3665352.803397639654577, 2807889.299732502549887 ], [ 3663361.578441361896694, 2806098.246101200580597 ], [ 3662679.51640817290172, 2805869.069214300718158 ], [ 3658357.558626264333725, 2806444.929324650671333 ], [ 3656986.275678486563265, 2806264.67982878908515 ], [ 3653195.883923380170017, 2803922.669172779656947 ], [ 3650762.323358919005841, 2803411.752664605155587 ], [ 3646698.19413643470034, 2801775.194447076879442 ], [ 3641000.20308457640931, 2802189.393926536664367 ], [ 3639481.61085628438741, 2802650.778270355891436 ], [ 3636696.508122771512717, 2804374.469921251758933 ], [ 3635466.305964941624552, 2804807.894692974630743 ], [ 3632190.358206393197179, 2803645.339272204786539 ], [ 3624131.238092446699739, 2803183.686963851097971 ], [ 3622033.035092728212476, 2803629.326663212385029 ], [ 3620039.041309405118227, 2805288.774804763030261 ], [ 3617520.769606399349868, 2806176.945855482015759 ], [ 3610742.539027800783515, 2813554.132938690949231 ], [ 3608864.31602490786463, 2814454.19648531684652 ] ] } },
{ "type": "Feature", "properties": { "featurecla": "River", "scalerank": 4.0, "rivernum": 150.0, "name": "Rhine", "name_en": "Rhine", "strokeweig": 0.3 }, "geometry": { "type": "LineString", "coordinates": [ [ 3874796.360669671557844, 2475496.402313590049744 ], [ 3877143.843122870661318, 2477907.081619716715068 ], [ 3878688.573794494383037, 2480179.907421441748738 ], [ 3884119.03408409608528, 2490761.113337479997426 ], [ 3884452.764014320913702, 2491829.383142792154104 ], [ 3886029.935349728446454, 2502031.734375534579158 ], [ 3886533.99865321489051, 2503865.029766514897346 ], [ 3887313.343612233642489, 2504627.248515587300062 ], [ 3888216.334778017830104, 2505079.970667777583003 ], [ 3893192.835752908140421, 2510702.165075707715005 ], [ 3893470.946383746806532, 2512047.482821745797992 ], [ 3891827.006193996407092, 2512671.750120558775961 ], [ 3891982.989234436769038, 2513573.562832440715283 ], [ 3894618.347635132726282, 2519211.965500735212117 ], [ 3894633.469639712944627, 2520292.456920486874878 ], [ 3894214.43875498464331, 2522079.588773706462234 ], [ 3894163.942954365164042, 2522959.421291846316308 ], [ 3894298.256103460211307, 2523166.540509581100196 ], [ 3895000.3329011737369, 2524870.497895759530365 ], [ 3895216.55088215181604, 2525070.731052292510867 ], [ 3894489.388228252064437, 2526328.929093378596008 ], [ 3893379.433596642222255, 2526753.038563250098377 ], [ 3892100.292356751859188, 2526929.079704066272825 ], [ 3890913.510007667355239, 2527426.155776754487306 ], [ 3890928.989492208231241, 2528160.350636664777994 ], [ 3892421.02689953846857, 2528863.623951707035303 ], [ 3892436.296749692875892, 2529597.82080495217815 ], [ 3891538.299375510308892, 2531610.258883250877261 ], [ 3890065.096132039558142, 2536258.324472051113844 ], [ 3888765.515704345423728, 2538542.153902132064104 ], [ 3889411.517318619880825, 2541133.156915995758027 ], [ 3888307.070571841672063, 2544480.591187015641481 ], [ 3886665.566537228412926, 2547816.447401464916766 ], [ 3885682.65314999083057, 2550351.223770908080041 ], [ 3885864.679543800652027, 2553185.52236222429201 ], [ 3887084.360862797126174, 2555257.192212574649602 ], [ 3889016.491451421286911, 2556505.76482163136825 ], [ 3891296.811209958977997, 2556897.769800956826657 ], [ 3892848.083262016065419, 2558714.53222356364131 ], [ 3893785.750144565012306, 2560164.024694015271962 ], [ 3894005.122760947793722, 2561242.840651458594948 ], [ 3893034.933088222984225, 2561648.536320886574686 ], [ 3891611.767048663459718, 2561350.460032672155648 ], [ 3890326.214569776318967, 2561299.034869000315666 ], [ 3889800.040638304315507, 2562432.996378323063254 ], [ 3889670.010837339330465, 2563180.760155381634831 ], [ 3889332.031211320776492, 2564048.42110399203375 ], [ 3888077.929934628773481, 2566502.00990170519799 ], [ 3887860.457411940209568, 2567424.858557883184403 ], [ 3887727.694918473251164, 2568337.994212490040809 ], [ 3887480.488251014612615, 2569445.131308631040156 ], [ 3886828.789610512088984, 2570970.399409111589193 ], [ 3885294.81284250644967, 2573357.448648940306157 ], [ 3884799.808630966581404, 2574714.230808147694916 ], [ 3885932.709567973390222, 2578405.903127296827734 ], [ 3884643.991588744800538, 2582088.81705973111093 ], [ 3877414.408744306303561, 2590695.768802923616022 ], [ 3876383.679563899990171, 2591389.521409249864519 ], [ 3875544.498912963084877, 2591614.504210202023387 ], [ 3873676.004686005879194, 2591607.890072710812092 ], [ 3864937.673600320704281, 2588885.330158959608525 ], [ 3862196.63265501242131, 2586904.333303659688681 ], [ 3858836.755232472904027, 2585259.221998334396631 ], [ 3855816.936922304332256, 2584351.743550145067275 ], [ 3853007.691538341809064, 2584334.599175208248198 ], [ 3851826.442344006150961, 2586197.304632613435388 ], [ 3851662.873047670349479, 2587555.813667806331068 ], [ 3851164.433817881159484, 2588441.327250636182725 ], [ 3846809.521111376583576, 2592631.363071202300489 ], [ 3845492.037678233347833, 2594316.078202557284385 ], [ 3845008.431409169454128, 2596744.511005729436874 ], [ 3844703.571493098046631, 2597488.405841512605548 ], [ 3843236.29011854948476, 2599724.049707393161952 ], [ 3842771.297742324415594, 2600840.314999457448721 ], [ 3842935.277478478848934, 2603096.8931500823237 ], [ 3842677.626497305929661, 2604581.982702057342976 ], [ 3841745.260291417129338, 2605279.895411137957126 ], [ 3840853.678540126420557, 2605549.043965396471322 ], [ 3838015.503715236671269, 2606924.124285469762981 ], [ 3837463.291566831991076, 2607571.421464313287288 ], [ 3836275.12480686372146, 2610752.794049056712538 ], [ 3835543.364854610990733, 2612075.172222225926816 ], [ 3833880.45710166124627, 2613729.726559910457581 ], [ 3833300.375869375187904, 2614719.527624157723039 ], [ 3833953.130513047799468, 2615131.112541757524014 ], [ 3836244.902669989969581, 2615043.693191962782294 ], [ 3837259.670035094022751, 2615213.156265710480511 ], [ 3838060.124097396619618, 2615733.353808548301458 ], [ 3838083.493605714756995, 2616467.267980806529522 ], [ 3835949.318299390375614, 2618603.24001348298043 ], [ 3834972.342223253566772, 2620096.341483694966882 ], [ 3834403.550337464082986, 2621723.262475288007408 ], [ 3834411.920271451119334, 2623525.571335738059133 ], [ 3834876.274621490389109, 2625202.826501944102347 ], [ 3835537.136833290103823, 2626944.586297788191587 ], [ 3836090.256530372891575, 2628999.510367987211794 ], [ 3833974.741087173577398, 2632022.781719672493637 ], [ 3831445.049222076777369, 2632793.726288739591837 ], [ 3828688.429365872871131, 2632880.899032974150032 ], [ 3825930.700550864450634, 2633814.540649571921676 ], [ 3821609.782791346311569, 2636594.141513349488378 ], [ 3820837.707469462417066, 2636555.791410653386265 ], [ 3817235.09083996899426, 2640725.740825759712607 ], [ 3813222.413336629513651, 2649479.842381986323744 ], [ 3811494.337842128239572, 2651276.074753151275218 ], [ 3810167.950586460530758, 2651994.96642729267478 ], [ 3809510.843063834123313, 2652733.53843420278281 ], [ 3809302.904891065321863, 2654127.053240877576172 ], [ 3809371.355911266524345, 2656822.320585173554718 ], [ 3809201.452883020509034, 2658684.181816534139216 ], [ 3808667.263365250546485, 2660698.965334055013955 ], [ 3807970.579475095961243, 2662549.429835692979395 ], [ 3807315.620617683511227, 2663907.647787768859416 ], [ 3806279.852920596022159, 2665146.752878616563976 ], [ 3803761.741195525974035, 2667238.879277668893337 ], [ 3802784.408798751421273, 2668484.364250759128481 ], [ 3801704.505494955461472, 2671085.760753415059298 ], [ 3801270.780163194518536, 2671483.443090265616775 ], [ 3800542.267645481508225, 2671748.493916560895741 ], [ 3798694.750315076671541, 2672995.31894156569615 ], [ 3798331.135701305232942, 2673471.82968005631119 ], [ 3797763.352395987603813, 2675736.113737363368273 ], [ 3796364.609307512640953, 2677335.930674291681498 ], [ 3794967.008088494185358, 2678534.541969498619437 ], [ 3794344.510830566287041, 2679570.529372069519013 ], [ 3795135.822899085935205, 2681204.911930682137609 ], [ 3798570.491811553481966, 2683165.689335970208049 ], [ 3799716.203135181684047, 2684825.879804936703295 ], [ 3795295.593719554133713, 2686177.601315843872726 ], [ 3794645.840112701524049, 2686928.611384101212025 ], [ 3794550.377815290819854, 2688000.821791438385844 ], [ 3794013.063731477130204, 2689702.764362332876772 ], [ 3793918.639522938989103, 2690633.216441682074219 ], [ 3794211.856749560218304, 2691715.725888648070395 ], [ 3795445.649483760818839, 2692696.752405512612313 ], [ 3795854.799510478042066, 2693787.734487566631287 ], [ 3795682.257788472808897, 2694595.345035208389163 ], [ 3795117.269693557173014, 2695203.773977781645954 ], [ 3794491.565859762951732, 2695701.896106965374202 ], [ 3794147.331396129913628, 2696193.767646620981395 ], [ 3794189.362696062773466, 2697215.741852457635105 ], [ 3794685.149952087085694, 2699368.774995498824865 ], [ 3794526.547562739811838, 2699779.520555602852255 ], [ 3793502.229295198339969, 2700388.687522092368454 ], [ 3789853.164732906036079, 2704378.458670367952436 ], [ 3787552.793790795840323, 2704890.491337909828871 ], [ 3787080.565897538792342, 2705296.480307075195014 ], [ 3787029.229963148012757, 2706419.583755149506032 ], [ 3787585.863878428004682, 2707067.904375359416008 ], [ 3788263.017656507901847, 2707443.412290060892701 ], [ 3788608.877093784511089, 2707804.14568798802793 ], [ 3788960.954715198837221, 2709251.418325178325176 ], [ 3788826.835754342842847, 2709986.862581278197467 ], [ 3787083.897899993229657, 2710801.191644311882555 ], [ 3787026.124588291160762, 2711769.705887419171631 ], [ 3787424.179157123435289, 2713359.313589108176529 ], [ 3786983.858459803741425, 2714260.149644604884088 ], [ 3786834.236174152232707, 2714389.925233734771609 ], [ 3786519.354259967803955, 2714206.506983012426645 ], [ 3785609.942444851621985, 2714172.012748069595546 ], [ 3784604.501506036147475, 2713443.525193555280566 ], [ 3784004.290659019723535, 2713461.6045982693322 ], [ 3783779.009084012359381, 2714587.086342559196055 ], [ 3783545.873815477825701, 2716973.046822348143905 ], [ 3782648.117361883167177, 2717195.882994244806468 ], [ 3781285.628471915144473, 2716827.56011659046635 ], [ 3779711.674049303866923, 2717429.815789009444416 ], [ 3779217.031035093124956, 2718554.354673615191132 ], [ 3778979.803024697583169, 2720271.36676161410287 ], [ 3779108.789023757912219, 2721840.877585603389889 ], [ 3779721.688890354242176, 2722504.203022916801274 ], [ 3780248.016894510015845, 2722255.162988860160112 ], [ 3780813.425227737985551, 2721844.31387622654438 ], [ 3781398.230919129680842, 2721647.959687097929418 ], [ 3782010.03795929485932, 2722067.445922449696809 ], [ 3782258.058982707094401, 2722838.94140097592026 ], [ 3782002.180045736487955, 2723393.584010971244425 ], [ 3781594.101177783217281, 2723857.781122756190598 ], [ 3781394.101430435199291, 2724331.249453342054039 ], [ 3780669.432022094260901, 2724935.464623937383294 ], [ 3779151.22197995474562, 2725619.58336738217622 ], [ 3777943.560127878561616, 2726610.619658109266311 ], [ 3778112.673355248756707, 2728186.228119153063744 ], [ 3779503.126035900786519, 2729988.451987644191831 ], [ 3779809.065737572032958, 2730801.908741394523531 ], [ 3779958.873210813850164, 2732475.567244003992528 ], [ 3778763.108287192415446, 2733697.010267519857734 ], [ 3776433.955358625389636, 2734930.278046716935933 ], [ 3775001.658649144694209, 2736341.896861682180315 ], [ 3776486.378667273558676, 2738139.00474805245176 ], [ 3777599.402724501211196, 2738409.326191298663616 ], [ 3778814.927460992708802, 2738402.265480941161513 ], [ 3779900.140499016735703, 2738569.312684199772775 ], [ 3780683.365512028336525, 2739414.183746682479978 ], [ 3780971.121243357192725, 2741094.92882780265063 ], [ 3780574.273458451032639, 2742517.129770507570356 ], [ 3779079.058631630148739, 2744697.115522295236588 ], [ 3779108.489953436888754, 2745357.455244571436197 ], [ 3779718.411244912538677, 2746159.996267012320459 ], [ 3779984.941203042864799, 2747138.00490507343784 ], [ 3779776.342180230654776, 2747979.59143463242799 ], [ 3779013.228539568837732, 2748370.663644954562187 ], [ 3777918.719594664871693, 2748608.665498655289412 ], [ 3777669.432347981259227, 2749118.727402943186462 ], [ 3777946.592631574720144, 2749815.223575440235436 ], [ 3778424.078657855279744, 2750594.662621601484716 ], [ 3779099.892301804851741, 2751194.620754170231521 ], [ 3779789.476387004368007, 2751444.840980301611125 ], [ 3780104.812638301867992, 2751903.43851578515023 ], [ 3779684.948162717744708, 2753145.668654483277351 ], [ 3779082.917057070415467, 2753970.718845423310995 ], [ 3778417.193692713510245, 2754612.280579214915633 ], [ 3777780.057887648232281, 2755376.066062708385289 ], [ 3777317.362444113008678, 2756591.594006412662566 ], [ 3778137.389551486819983, 2758229.961478572804481 ], [ 3776179.31451675016433, 2759079.717988348100334 ], [ 3771930.652236885856837, 2759772.879164929501712 ], [ 3771961.127962649799883, 2760433.205725778825581 ], [ 3772147.928992683533579, 2761645.64549933001399 ], [ 3771922.688674532808363, 2763638.634874272160232 ], [ 3771835.517303803004324, 2765501.853699420578778 ], [ 3772486.148876917548478, 2766285.873503501992673 ] ] } },
{ "type": "Feature", "properties": { "featurecla": "River", "scalerank": 4.0, "rivernum": 150.0, "name": "Rhine", "name_en": "Rhine", "strokeweig": 0.35 }, "geometry": { "type": "LineString", "coordinates": [ [ 3772486.148876917548478, 2766285.873503501992673 ], [ 3772818.639466059859842, 2766622.437174157705158 ], [ 3772619.602842505089939, 2767408.895877562928945 ], [ 3772206.460703245829791, 2768226.257972898893058 ], [ 3771925.702657543122768, 2768654.141083625145257 ], [ 3771305.122194526717067, 2768866.696338163688779 ], [ 3769145.370664552319795, 2768783.479454279411584 ], [ 3766919.666927280370146, 2769381.864795982837677 ], [ 3765689.471505068708211, 2769957.51413265382871 ], [ 3764886.359642060939223, 2770717.946730272844434 ], [ 3763197.849604620598257, 2773839.980357856024057 ], [ 3762217.779242265503854, 2774969.223624674137682 ], [ 3760769.695122065022588, 2775722.188374789897352 ], [ 3761301.439167848788202, 2777941.945628094021231 ], [ 3760512.098147341050208, 2779346.016835096292198 ], [ 3759048.950684521812946, 2780092.428923526778817 ], [ 3757594.61433097999543, 2780347.70558807393536 ], [ 3756227.916706347372383, 2780856.478848366998136 ], [ 3755502.26352818030864, 2781995.647842273581773 ], [ 3755027.668013853486627, 2783458.642242365982383 ], [ 3754383.673591552302241, 2784914.406252171844244 ], [ 3752234.61846235813573, 2786992.284028771799058 ], [ 3739505.653045353945345, 2791210.296568088233471 ], [ 3738505.476423752028495, 2791980.677598103415221 ], [ 3737683.334494268521667, 2793033.384341253433377 ], [ 3736439.867808670736849, 2794106.235412426758558 ], [ 3735057.475818996317685, 2794824.365917176939547 ], [ 3733837.102468455210328, 2794806.339832143858075 ], [ 3733507.691049510613084, 2794309.259152572602034 ], [ 3732834.387167654465884, 2792514.604092439170927 ], [ 3732321.891831330489367, 2791946.113950863480568 ], [ 3731704.364698308054358, 2791958.803256572689861 ], [ 3730967.523689765948802, 2792288.139172855764627 ], [ 3730358.276212406810373, 2792747.206432278268039 ], [ 3729404.529846029356122, 2794213.260835061781108 ], [ 3727655.27178567647934, 2793579.583935145754367 ], [ 3724612.692440969869494, 2791707.736047213897109 ], [ 3723581.312153338920325, 2792002.179354094900191 ], [ 3721625.015249921474606, 2793544.798721041996032 ], [ 3720603.12130450643599, 2793997.024733687285334 ], [ 3720149.134542468003929, 2794022.892872773576528 ], [ 3718477.643665879499167, 2795963.210447686724365 ], [ 3715523.846065479330719, 2796903.596435652580112 ], [ 3703897.136581718921661, 2798248.879989695269614 ], [ 3698445.93851829553023, 2797653.273262416943908 ], [ 3696322.826484430581331, 2795933.822248456533998 ], [ 3692115.848410996142775, 2790076.697000312618911 ], [ 3689654.066252427175641, 2789377.336448954418302 ], [ 3689054.145106472074986, 2789835.860402616206557 ], [ 3688189.587721278890967, 2791205.015655931551009 ], [ 3687566.4909184044227, 2791652.07552274921909 ], [ 3686812.237990327645093, 2791726.418169409502298 ], [ 3685749.46183907520026, 2791255.427051292266697 ], [ 3679263.050897391047329, 2790715.275242822710425 ], [ 3677493.485285105649382, 2791062.529467794112861 ], [ 3674850.778060554526746, 2792246.410111988894641 ], [ 3673461.493683190084994, 2792569.994994658511132 ], [ 3666345.17463311413303, 2792378.042300353292376 ] ] } },
{ "type": "Feature", "properties": { "featurecla": "River", "scalerank": 4.0, "rivernum": 151.0, "name": "Waal", "name_en": "Waal", "strokeweig": 0.35 }, "geometry": { "type": "LineString", "coordinates": [ [ 3666345.17463311413303, 2792378.042300353292376 ], [ 3663018.918902616947889, 2793296.833793793804944 ], [ 3661307.407265414483845, 2793380.456760183908045 ], [ 3658573.653633973561227, 2791229.400562797207385 ], [ 3656881.806916808243841, 2790813.488180432002991 ], [ 3653220.862782090436667, 2791012.802082246635109 ], [ 3651209.291004690341651, 2789687.744196144398302 ], [ 3649653.051228809170425, 2788220.489398988429457 ], [ 3648581.586057314649224, 2786424.421500414609909 ], [ 3644959.170654030982405, 2782642.23988750949502 ] ] } },
{ "type": "Feature", "properties": { "featurecla": "River", "scalerank": 2.0, "rivernum": 25.0, "name": "Danube", "name_en": "Danube", "strokeweig": 0.35 }, "geometry": { "type": "LineString", "coordinates": [ [ 4518456.730337843298912, 2402117.29259668244049 ], [ 4521280.478577359579504, 2400258.334318639244884 ], [ 4522393.748828168958426, 2398938.623535828199238 ], [ 4522966.925270259380341, 2396964.531047443859279 ], [ 4523759.975399711169302, 2396639.288431640714407 ], [ 4528509.646806445904076, 2396398.282757010310888 ], [ 4530968.507262934930623, 2394752.688195074908435 ], [ 4539323.494448218494654, 2385615.563925736118108 ], [ 4540110.693711340427399, 2385028.037000862881541 ], [ 4540879.501673843711615, 2384797.530071233864874 ], [ 4542727.397978681139648, 2384603.295227241702378 ], [ 4543440.286067394539714, 2384227.596415128093213 ], [ 4546239.315727221779525, 2380825.7879663486965 ], [ 4547211.422259770333767, 2380010.092045026365668 ], [ 4547957.706363399513066, 2380113.273090557195246 ], [ 4548647.876994666643441, 2380553.799981801770627 ], [ 4549444.950396649539471, 2380749.512407096102834 ], [ 4550565.076631074771285, 2380329.635674581862986 ], [ 4552178.307991211302578, 2379406.95787098351866 ], [ 4553639.848001753911376, 2378273.638939857017249 ], [ 4554323.83610815089196, 2377236.448156034573913 ], [ 4555150.556903124786913, 2376470.176342570688576 ], [ 4560132.705944677814841, 2374421.246512843295932 ], [ 4566343.976950611919165, 2373415.028597871772945 ], [ 4586887.582633162848651, 2376985.59176162397489 ], [ 4595862.163129560649395, 2377058.031039888504893 ], [ 4598508.415584235452116, 2377603.138912829570472 ], [ 4603652.535454507917166, 2380402.985326678492129 ], [ 4618188.606455984525383, 2383824.151277299970388 ], [ 4621449.53215442225337, 2383958.489200139418244 ], [ 4624202.41798229329288, 2383112.80116268619895 ], [ 4626395.201331059448421, 2382947.745811662636697 ], [ 4628478.524078388698399, 2383410.262585164513439 ], [ 4630099.994504344649613, 2384701.707430789247155 ], [ 4632154.667214041575789, 2387705.218108062632382 ], [ 4633289.916529607959092, 2388786.715480700600892 ], [ 4634870.888091897591949, 2389411.579329158179462 ], [ 4641523.538851058110595, 2390139.521432379260659 ], [ 4642691.902357820421457, 2390048.109579381998628 ], [ 4643683.292573205195367, 2389713.403043917380273 ], [ 4644029.968894030898809, 2389350.895262237638235 ], [ 4644695.070819712243974, 2388360.739244606345892 ], [ 4645104.8309958409518, 2388066.747395364567637 ], [ 4646582.645177105441689, 2388278.1102639217861 ], [ 4650941.381568412296474, 2391613.435370862483978 ], [ 4652736.105372534133494, 2391992.43287515733391 ], [ 4654524.756292936392128, 2391784.206161201000214 ], [ 4656278.53283061273396, 2390995.692719902377576 ], [ 4657970.116280041635036, 2389649.847124761901796 ], [ 4659498.085077127441764, 2386871.689990773331374 ], [ 4660394.855301440693438, 2382750.958936008159071 ], [ 4660654.575085003860295, 2378127.803442941047251 ], [ 4660305.561579009518027, 2373825.815186321735382 ], [ 4657652.926277922466397, 2361176.947519470471889 ], [ 4657820.316733475774527, 2357489.019465881865472 ], [ 4658174.341935215517879, 2356506.260602049529552 ], [ 4658940.794927850365639, 2355378.57238369807601 ], [ 4659176.865925603546202, 2354627.305965607520193 ], [ 4659164.012597534805536, 2353567.589262746740133 ], [ 4658664.214170338585973, 2351945.272405007388443 ], [ 4658586.94090991280973, 2351261.200536392629147 ], [ 4658607.144749695435166, 2348851.13169315084815 ], [ 4658024.48331880941987, 2347369.506463585887104 ], [ 4655752.992688192985952, 2345331.754165285732597 ], [ 4653962.145037213340402, 2343287.659861398860812 ], [ 4652671.419457757845521, 2340696.806430679745972 ], [ 4651766.102417185902596, 2337497.222495856694877 ], [ 4651148.103493324480951, 2333607.964117115363479 ], [ 4650958.072474149987102, 2327540.781299077905715 ], [ 4649834.048488259315491, 2324230.581997860688716 ], [ 4649664.731775561347604, 2322199.79947324283421 ], [ 4649753.002574311569333, 2319975.267962073441595 ], [ 4650025.774162690155208, 2317865.558725572191179 ], [ 4651256.147820572368801, 2313808.124264033511281 ], [ 4652078.879614050500095, 2311725.130530435126275 ], [ 4652643.244359048083425, 2310854.279974684119225 ], [ 4653881.107527036219835, 2310184.154636071994901 ], [ 4658010.702506913803518, 2306262.679734488483518 ], [ 4658037.803188903257251, 2305239.359407301992178 ], [ 4657784.219311189837754, 2304499.329941809177399 ], [ 4657480.90442412532866, 2303869.681102366186678 ], [ 4657375.374920719303191, 2303160.946022656746209 ], [ 4657566.372036254033446, 2302038.506131513044238 ], [ 4658183.464688855223358, 2300242.955727097112685 ], [ 4659200.269160568714142, 2295855.297033177688718 ], [ 4659413.341161952354014, 2293870.171095206402242 ], [ 4658895.387120759114623, 2292912.621179763693362 ], [ 4658293.707450244575739, 2292283.658954039216042 ], [ 4657725.664389641955495, 2290899.419769039843231 ], [ 4657324.827735520899296, 2289270.953383323736489 ], [ 4657232.784820968285203, 2287936.688628803472966 ], [ 4657511.02851480897516, 2284747.370352547150105 ], [ 4657723.520736607722938, 2283894.604611505754292 ], [ 4658220.739007759839296, 2283240.487157487310469 ], [ 4659677.044476218521595, 2281962.069735758472234 ], [ 4659999.789268138818443, 2281609.6891795177944 ], [ 4660331.988351418636739, 2281359.039813294075429 ], [ 4661794.390879089944065, 2279711.258454961702228 ], [ 4662079.799739578738809, 2279309.410618099849671 ], [ 4662594.805358888581395, 2278903.86152280215174 ], [ 4662877.885094305500388, 2277837.43355765985325 ], [ 4663082.093124864622951, 2276613.13963604811579 ], [ 4663304.402683664113283, 2275687.483028721064329 ], [ 4664319.449996409006417, 2273429.503296724520624 ], [ 4664716.09210754558444, 2271884.621343055739999 ], [ 4664499.481475229375064, 2270381.122110462281853 ], [ 4663657.768746061250567, 2268266.553113362751901 ], [ 4661808.685110531747341, 2265857.367820858489722 ], [ 4657103.297722667455673, 2263023.686203713994473 ], [ 4655372.11032406706363, 2260596.992293150629848 ], [ 4657079.690709783695638, 2258235.666256474331021 ], [ 4660088.939427649602294, 2252162.399911863729358 ], [ 4661441.550756741315126, 2248752.801082329824567 ], [ 4662023.459517472423613, 2245554.099898248910904 ], [ 4660966.597353832796216, 2239535.825197328347713 ], [ 4660936.570170177146792, 2235635.29332474572584 ], [ 4661379.298552591353655, 2234005.080545104574412 ], [ 4662714.200161388143897, 2232003.67736141430214 ], [ 4663116.065208737738431, 2230715.342439450789243 ], [ 4664989.569469806738198, 2216260.222885708324611 ], [ 4664432.59264537319541, 2213783.012505678925663 ], [ 4661977.328635156154633, 2214616.947971391491592 ], [ 4659016.2808992350474, 2209714.282961274497211 ], [ 4658335.164790636859834, 2207964.474305684212595 ], [ 4657022.085599626414478, 2206782.591982730198652 ], [ 4656769.029053129255772, 2206188.365563430357724 ], [ 4656414.709917103871703, 2206225.462649949360639 ], [ 4655788.677041090093553, 2205144.583926628343761 ], [ 4655044.374212265014648, 2203353.352211564779282 ], [ 4650960.289165459573269, 2198261.578509976621717 ], [ 4650645.316361531615257, 2195372.849620105698705 ], [ 4653301.298000545240939, 2192046.573618251830339 ], [ 4660391.604933967813849, 2186239.270552044734359 ], [ 4662639.925207016989589, 2183463.047821347601712 ], [ 4662770.235181272961199, 2182993.993089654482901 ], [ 4662779.963243177160621, 2181742.334748223423958 ], [ 4662902.682570083066821, 2181275.006524334196001 ], [ 4663203.940713543444872, 2181139.024537001270801 ], [ 4663653.627961208112538, 2181246.043594846036285 ], [ 4664119.950506602413952, 2181214.716361545026302 ], [ 4664523.298325231298804, 2180722.897485149092972 ], [ 4664784.272717061452568, 2179784.836521526332945 ], [ 4665010.45076222345233, 2176675.754963919986039 ], [ 4664928.885154413990676, 2176030.187746895942837 ], [ 4664709.389705296605825, 2175545.508172535337508 ], [ 4664637.174372483044863, 2175067.954976016189903 ], [ 4664989.597981670871377, 2174448.10141192143783 ], [ 4666282.582342652603984, 2173403.78222883073613 ], [ 4666922.483431862667203, 2172553.740091176237911 ], [ 4669420.751838864758611, 2170134.786140374373645 ], [ 4669963.375055649317801, 2168563.133401510771364 ], [ 4670667.974858103320003, 2165349.824833013582975 ], [ 4671456.094589492306113, 2164054.297386941965669 ], [ 4672581.457112326286733, 2163348.258582144510001 ], [ 4673961.254198576323688, 2162782.00111881038174 ], [ 4675158.655364873819053, 2161947.364287751726806 ], [ 4675792.163104156963527, 2160469.067485964857042 ], [ 4675483.449654152616858, 2159495.971973153762519 ], [ 4673761.795268387533724, 2156384.696175542194396 ], [ 4673010.257608730345964, 2155683.940547398291528 ], [ 4672223.206802858039737, 2154661.007828949950635 ], [ 4672155.258323102258146, 2152612.300469095353037 ], [ 4672306.531462522223592, 2150595.406965526752174 ], [ 4672161.082175589166582, 2149644.972560707479715 ], [ 4672859.039668474346399, 2149199.496677571441978 ], [ 4674657.627162897959352, 2146958.318523993249983 ], [ 4675476.479747884906828, 2146350.196778521873057 ], [ 4676851.391292461194098, 2146530.805955430027097 ], [ 4677738.377659813500941, 2147412.894684074446559 ], [ 4678379.70277457870543, 2148413.562712848186493 ], [ 4679608.609563059173524, 2149266.223438570741564 ], [ 4680194.65429996047169, 2149801.837820019572973 ], [ 4680838.287328568287194, 2150079.529211040586233 ], [ 4681579.424682785756886, 2149653.600798821542412 ], [ 4682142.250716376118362, 2148861.252540188841522 ], [ 4682448.13182320818305, 2148342.186629828065634 ], [ 4682837.134057311341166, 2147904.917511633597314 ], [ 4683687.159852658398449, 2147354.744843338616192 ], [ 4685020.041961655952036, 2146909.268538522999734 ], [ 4686139.154713580384851, 2146808.809697265736759 ], [ 4687161.284521074965596, 2146378.440207824576646 ], [ 4688196.344287862069905, 2144942.392030301503837 ], [ 4686268.657311019487679, 2142530.081546049099416 ], [ 4681096.424567949026823, 2142654.771943701431155 ], [ 4680429.61842693015933, 2139877.252289314754307 ], [ 4681167.808503469452262, 2137960.884517820551991 ], [ 4683599.388910477049649, 2135936.773154793307185 ], [ 4684186.462185313925147, 2134744.299820370040834 ], [ 4683664.792406311258674, 2133579.966252732090652 ], [ 4679915.900197839364409, 2131251.969038515817374 ], [ 4681097.228666378185153, 2129686.319841586984694 ], [ 4682391.259022326208651, 2128426.243245733436197 ], [ 4683815.520021323114634, 2127633.078435463830829 ], [ 4685342.17626142129302, 2127470.59421416092664 ], [ 4688461.743024374358356, 2127855.045292270369828 ], [ 4689250.970031840726733, 2127520.361966487020254 ], [ 4689634.795069506391883, 2126533.657400293275714 ], [ 4689858.724994, 2125328.280985646415502 ], [ 4690176.833804928697646, 2124359.947111551649868 ], [ 4692425.840539522469044, 2122278.433174557052553 ], [ 4695413.75928652100265, 2121223.167272520717233 ], [ 4711104.192063694819808, 2119202.482765072025359 ], [ 4714424.560977817513049, 2119679.52994046267122 ], [ 4720567.750392453745008, 2122133.227974317967892 ], [ 4723451.663171431049705, 2122787.770723022520542 ], [ 4725725.017944315448403, 2121880.716452812310308 ], [ 4727054.400230369530618, 2119964.855626635253429 ], [ 4727799.256586667150259, 2119430.190112223848701 ], [ 4729204.899423601105809, 2119295.104877735953778 ], [ 4733612.140038819983602, 2120589.384860453661531 ], [ 4736488.878531488589942, 2122301.054544859100133 ], [ 4739793.025183192454278, 2122560.332816590555012 ], [ 4743144.705906664952636, 2122182.662302126176655 ], [ 4745236.242990505881608, 2121412.735897603444755 ], [ 4745653.114854885265231, 2121887.998309090733528 ], [ 4746666.986562508158386, 2122724.655726996716112 ], [ 4747096.628817318938673, 2123215.035997069906443 ], [ 4747613.660695984959602, 2124200.486292058601975 ], [ 4748087.194014506414533, 2125844.058072439860553 ], [ 4748491.963224054314196, 2126740.201423655729741 ], [ 4749744.545722018927336, 2127938.911890704184771 ], [ 4751123.596443778835237, 2127805.909472606610507 ], [ 4752460.185845968313515, 2126849.505268717184663 ], [ 4753644.064491379074752, 2125583.198764933738858 ], [ 4755831.721314651891589, 2121841.984090577345341 ], [ 4757347.739899328909814, 2119856.090716539416462 ], [ 4758987.554574267938733, 2119122.507518769241869 ], [ 4763452.777617409825325, 2118424.290342041291296 ], [ 4765171.939865799620748, 2118412.554519581142813 ], [ 4774116.34619397111237, 2120682.146348039153963 ], [ 4777086.271737601608038, 2120058.413755497895181 ], [ 4779976.718757824972272, 2118422.975816873833537 ], [ 4782796.421922435052693, 2116151.472911409568042 ], [ 4787949.849097423255444, 2110428.944642368704081 ], [ 4789369.616533719003201, 2106428.176242385990918 ], [ 4787936.12541419826448, 2103620.4125419203192 ], [ 4785965.540685115382075, 2101535.397135930135846 ], [ 4785768.389752632938325, 2099713.006047830916941 ], [ 4785205.750725158490241, 2099634.111764579080045 ], [ 4786499.221541567705572, 2097329.444985160604119 ], [ 4787988.416054244153202, 2095331.574289926793426 ], [ 4794963.873174102045596, 2088709.647748160175979 ], [ 4795956.73025194555521, 2088031.109070055419579 ], [ 4799754.06060157995671, 2086743.305109440814704 ], [ 4804295.332021445035934, 2087019.561411509523168 ], [ 4806661.763751379214227, 2087678.360165974358097 ], [ 4809006.2954305941239, 2089931.555977011332288 ], [ 4810109.274680020287633, 2090157.204835230018944 ], [ 4812341.50676653906703, 2090112.706630559870973 ], [ 4813385.635000016540289, 2089699.804666077950969 ], [ 4813739.54253969155252, 2088433.83154911804013 ], [ 4813703.406401917338371, 2083114.046285063493997 ], [ 4813863.410693608224392, 2081878.39453426329419 ], [ 4814455.067350846715271, 2080673.313086341368034 ], [ 4815447.453576618805528, 2079792.505213337484747 ], [ 4817718.922594618052244, 2078831.520513175055385 ], [ 4818865.924933981150389, 2077859.181919473456219 ], [ 4822152.582224586978555, 2074273.638342157937586 ], [ 4824062.034892933443189, 2072697.277932212222368 ], [ 4825886.522853468544781, 2071785.185533507494256 ], [ 4830783.726251266896725, 2071693.610851915087551 ], [ 4834924.347055220976472, 2073584.53444910608232 ], [ 4842313.627533299848437, 2079501.576389874331653 ], [ 4848873.379974167793989, 2081545.928967149928212 ], [ 4850545.979337722063065, 2083344.002271793084219 ], [ 4851195.373090985231102, 2083895.254693676717579 ], [ 4852203.120646836236119, 2084135.964029928669333 ], [ 4854147.038793932646513, 2084263.369589692912996 ], [ 4855069.193188304081559, 2084816.649597743991762 ], [ 4855564.467783756554127, 2085877.900162791833282 ], [ 4855928.119472435675561, 2087153.610027898335829 ], [ 4856478.437572989612818, 2088348.593033241573721 ], [ 4858725.621637776494026, 2090703.658449484733865 ], [ 4862017.68559318035841, 2093060.474689879454672 ], [ 4865598.764697961509228, 2094856.588133429642767 ], [ 4868684.00790563877672, 2095509.688091275049374 ] ] } },
{ "type": "Feature", "properties": { "featurecla": "River", "scalerank": 2.0, "rivernum": 25.0, "name": "Danube", "name_en": "Danube", "strokeweig": 0.4 }, "geometry": { "type": "LineString", "coordinates": [ [ 4868684.00790563877672, 2095509.688091275049374 ], [ 4870197.63389709033072, 2094678.341779773589224 ], [ 4871950.972421586513519, 2092064.073776006232947 ], [ 4873281.793246227316558, 2091684.676286455942318 ], [ 4879845.414449460804462, 2091963.879105713218451 ], [ 4884436.66507388278842, 2093077.911284569650888 ], [ 4885996.703932609409094, 2092892.169304291717708 ], [ 4887517.311763339675963, 2091852.580840626033023 ], [ 4888444.854674397967756, 2090265.985507813515142 ], [ 4889214.138924749568105, 2088408.993349095806479 ], [ 4890230.680179282091558, 2086601.84918075427413 ], [ 4893450.632754571735859, 2084245.915483097080141 ], [ 4897351.211366765201092, 2083701.932330431649461 ], [ 4901274.248042427003384, 2084356.667288779746741 ], [ 4904574.891859157010913, 2085613.026470717508346 ], [ 4907163.792123612947762, 2087263.464989206753671 ], [ 4908412.377742672339082, 2087828.27701704017818 ], [ 4909709.535246101208031, 2087763.475507409311831 ], [ 4917157.242287014611065, 2085291.928660400211811 ], [ 4919653.045697691850364, 2085291.651577825658023 ], [ 4920537.36906919348985, 2084662.358907739399001 ], [ 4923495.03864723443985, 2079882.897684457246214 ], [ 4924541.926572359167039, 2077157.954722333699465 ], [ 4925085.417449407279491, 2076406.222545034950599 ], [ 4926007.799066479317844, 2075788.961052345111966 ], [ 4926959.601124403998256, 2075411.645939856767654 ], [ 4927769.241403048858047, 2074832.100775324273854 ], [ 4929095.627164322882891, 2071886.327863367274404 ], [ 4930630.16186398640275, 2070809.760624365415424 ], [ 4932456.43103751167655, 2070353.365562685532495 ], [ 4934132.530484861694276, 2070436.180665699299425 ], [ 4935876.647578062489629, 2071214.624918487854302 ], [ 4936689.520245730876923, 2072418.307654480682686 ], [ 4942746.412659402005374, 2089463.953425130806863 ], [ 4942918.503850928507745, 2091207.834466040832922 ], [ 4943898.371738268993795, 2092248.80892415298149 ], [ 4946916.997004005126655, 2093492.290048019960523 ], [ 4948240.265869900584221, 2094637.605874821543694 ], [ 4950395.81520907022059, 2097994.966453647240996 ], [ 4951094.364956011064351, 2098749.375375316478312 ], [ 4952968.878485661931336, 2098993.096629199106246 ], [ 4954407.978535070084035, 2098930.791632092092186 ], [ 4955638.030753243714571, 2098464.41955374320969 ], [ 4961912.838091648183763, 2093540.60786523995921 ], [ 4964869.735385673120618, 2091875.375048821792006 ], [ 4967645.337960815988481, 2091051.56870931899175 ], [ 4973758.178877890110016, 2091360.615888427942991 ], [ 4975020.329364906065166, 2090756.238796090241522 ], [ 4979604.548120680265129, 2087141.936766963452101 ], [ 4979485.473210516385734, 2085128.627511351834983 ], [ 4978378.425123493187129, 2083536.909768882906064 ], [ 4976827.859498712234199, 2082446.0537004112266 ], [ 4975396.481947935186327, 2081921.952511287294328 ], [ 4973696.009101951494813, 2082022.834111731499434 ], [ 4970599.136266306973994, 2083412.286009748000652 ], [ 4968898.269833077676594, 2083787.121983472723514 ], [ 4967300.658893832936883, 2083586.668103748233989 ], [ 4965865.502277061343193, 2082863.874225219711661 ], [ 4964927.062634703703225, 2081606.545353692956269 ], [ 4964794.158132086507976, 2079752.443161526694894 ], [ 4964869.063777336850762, 2077867.140864950371906 ], [ 4964414.125543940812349, 2076727.737905273912475 ], [ 4963506.13541570212692, 2076109.628660811576992 ], [ 4960860.798655552789569, 2075536.879950811387971 ], [ 4960183.205534752458334, 2075180.610098321223632 ], [ 4959735.915247680619359, 2074617.78414169838652 ], [ 4959578.351247367449105, 2073567.101387669332325 ], [ 4959617.366242846474051, 2072103.51035185251385 ], [ 4959846.838609513826668, 2070712.456220268737525 ], [ 4960224.577963795512915, 2069889.329214076511562 ], [ 4962077.5795016316697, 2068681.716957567725331 ], [ 4962538.17158523760736, 2068003.794233348686248 ], [ 4962748.007382330484688, 2067224.210010043345392 ], [ 4962850.333223178051412, 2065503.842462312895805 ], [ 4963081.921983757987618, 2064709.225975472480059 ], [ 4964950.837240351364017, 2061852.295317459851503 ], [ 4967450.036620089784265, 2059424.47807936440222 ], [ 4970387.262507413513958, 2057677.011912475340068 ], [ 4973543.132379397749901, 2056856.402713235933334 ], [ 4976784.561839254572988, 2056948.287287584505975 ], [ 4978357.53973457030952, 2056517.136823266744614 ], [ 4979212.694926291704178, 2055175.263703769305721 ], [ 4979773.835326431319118, 2050009.98216924071312 ], [ 4980456.273935757577419, 2048514.944548137951642 ], [ 4998953.070804851129651, 2040121.280568304471672 ], [ 5001942.36664129793644, 2039404.406842103693634 ], [ 5005506.97417554166168, 2039540.907049793750048 ], [ 5009062.826449480839074, 2038646.857911383965984 ], [ 5010337.420407104305923, 2035504.466926322784275 ], [ 5009609.553348926827312, 2031999.660555888433009 ], [ 5007194.61136276461184, 2030038.043275073636323 ], [ 5005559.908936243504286, 2029512.278268855065107 ], [ 5002688.024785481393337, 2027980.822904155123979 ], [ 5001135.926311093382537, 2027465.709690805990249 ], [ 4999787.465418239124119, 2026188.902153282426298 ], [ 4999345.531896903179586, 2023647.338302774587646 ], [ 4998891.222522398456931, 2015334.961159089580178 ], [ 4999352.362623032182455, 2012930.54389791097492 ], [ 5000664.951627633534372, 2011085.488887331914157 ], [ 5002906.431936890818179, 2009738.959029679885134 ], [ 5005386.634866055101156, 2009595.211208512540907 ] ] } },
{ "type": "Feature", "properties": { "featurecla": "River", "scalerank": 2.0, "rivernum": 25.0, "name": "Danube", "name_en": "Danube", "strokeweig": 0.6 }, "geometry": { "type": "MultiLineString", "coordinates": [ [ [ 5005386.634866055101156, 2009595.211208512540907 ], [ 5021469.863415906205773, 2013965.865184531547129 ], [ 5023601.133369442075491, 2015381.017423089593649 ], [ 5026195.645229096524417, 2016438.429092769976705 ], [ 5028797.20429411996156, 2018503.732412188081071 ], [ 5035592.010314743965864, 2020763.31505873776041 ] ], [ [ 5035592.010314743965864, 2020763.31505873776041 ], [ 5035727.985065694898367, 2020808.532859906088561 ], [ 5035202.464636476710439, 2020712.741473225411028 ], [ 5035592.010314743965864, 2020763.31505873776041 ] ], [ [ 5035592.010314743965864, 2020763.31505873776041 ], [ 5047972.088392198085785, 2022370.584686486283317 ], [ 5057116.914575758390129, 2019324.336036081891507 ], [ 5060562.939326784573495, 2019386.853662656852975 ], [ 5066803.785257910378277, 2022058.428714837878942 ], [ 5068554.473609428852797, 2022046.642050353577361 ], [ 5073442.643313344568014, 2020302.473589588422328 ], [ 5102407.9998520584777, 2018638.501207512104884 ], [ 5117547.099214465357363, 2022376.11917013139464 ], [ 5118791.677580452524126, 2023043.376284046564251 ], [ 5122434.027652507647872, 2027097.177099701948464 ] ] ] } },
{ "type": "Feature", "properties": { "featurecla": "River", "scalerank": 2.0, "rivernum": 25.0, "name": "Danube", "name_en": "Danube", "strokeweig": 0.8 }, "geometry": { "type": "LineString", "coordinates": [ [ 5122434.027652507647872, 2027097.177099701948464 ], [ 5124959.077947841957211, 2028511.721639821771532 ], [ 5127625.958123075775802, 2028718.438147744862363 ], [ 5144583.191254643723369, 2025965.28847262263298 ], [ 5148299.131079096347094, 2026177.550188448280096 ], [ 5164267.974632317200303, 2030622.562897209543735 ], [ 5173988.201761161908507, 2029239.847758605377749 ], [ 5184094.040855433791876, 2030559.150108107831329 ], [ 5187412.312945591285825, 2030457.72255045408383 ], [ 5190547.087603180669248, 2029389.368824874516577 ], [ 5193600.844464801251888, 2027895.454412926919758 ], [ 5196757.163833047263324, 2026853.187736686784774 ], [ 5200198.267688324674964, 2027121.444561110576615 ], [ 5201853.525770143605769, 2027943.881162516307086 ], [ 5204739.469145574606955, 2030034.406493572052568 ], [ 5206318.267460846342146, 2030677.578852091450244 ], [ 5209813.677272497676313, 2031222.596827552421018 ], [ 5211521.029244245961308, 2031776.046616741921753 ], [ 5212787.843498921953142, 2032813.298594099003822 ], [ 5214151.00076593272388, 2033472.14239292871207 ], [ 5215724.503581379540265, 2034592.110847009345889 ], [ 5217154.793595615774393, 2035957.153229653835297 ], [ 5218108.62958730570972, 2037349.748531726654619 ], [ 5219263.642504682764411, 2038623.949499474838376 ], [ 5224446.836935240775347, 2039917.911618625978008 ], [ 5227327.356810128316283, 2041986.144654348026961 ], [ 5228481.119911740534008, 2045328.006957924226299 ], [ 5228533.715659484267235, 2045752.529276591492817 ], [ 5230492.000309729017317, 2048910.824841582681984 ], [ 5232497.396312981843948, 2050730.313915095757693 ], [ 5235107.912237443029881, 2056107.26195170567371 ], [ 5235392.848671183921397, 2057752.088823317084461 ], [ 5235843.359786806628108, 2059138.858846292132512 ] ] } },
{ "type": "Feature", "properties": { "featurecla": "River", "scalerank": 2.0, "rivernum": 25.0, "name": "Danube", "name_en": "Danube", "strokeweig": 1.0 }, "geometry": { "type": "LineString", "coordinates": [ [ 5235843.359786806628108, 2059138.858846292132512 ], [ 5243529.568469169549644, 2067913.148529639467597 ], [ 5243735.915075524710119, 2069665.818819847423583 ], [ 5244638.067462181672454, 2071993.667056433390826 ], [ 5246749.073241661302745, 2075761.87362561840564 ], [ 5249050.605515152215958, 2077779.895536061841995 ], [ 5254837.928541568107903, 2080735.646542918402702 ], [ 5260261.079499522224069, 2084724.781434703618288 ], [ 5282557.798100585117936, 2093352.971774063305929 ], [ 5284899.116005824878812, 2094827.669003599556163 ], [ 5286376.744738297536969, 2095355.890918881632388 ], [ 5287057.529769727960229, 2095736.704009188571945 ], [ 5288351.977616397663951, 2097027.027493983739987 ], [ 5289173.176996225491166, 2097440.44335946533829 ], [ 5291339.481409791857004, 2097939.486534408759326 ] ] } },
{ "type": "Feature", "properties": { "featurecla": "River", "scalerank": 2.0, "rivernum": 38.0, "name": "Donau", "name_en": "Danube", "strokeweig": 0.15 }, "geometry": { "type": "LineString", "coordinates": [ [ 3868896.524608628824353, 2381916.513541071210057 ], [ 3869993.033346438780427, 2380010.048426800407469 ], [ 3871166.433503676205873, 2377902.438106413930655 ], [ 3872479.16928091365844, 2376868.042610853444785 ], [ 3875722.065851389896125, 2377045.996224458795041 ], [ 3876865.268193273805082, 2376704.428532109130174 ], [ 3877881.754512660671026, 2375743.875139062292874 ], [ 3878435.889892674982548, 2374568.294397183228284 ], [ 3878874.396692440379411, 2373253.641428885981441 ], [ 3879484.152326674666256, 2371866.891295647714287 ], [ 3879961.876046332530677, 2371488.595913167577237 ], [ 3880628.992744439747185, 2371381.734793914481997 ], [ 3881958.835811551660299, 2371443.995632703881711 ], [ 3882546.888313523493707, 2371265.624836242292076 ], [ 3882879.48208596277982, 2370846.169068653602153 ], [ 3883178.815263983793557, 2370353.960525507573038 ], [ 3883652.723595359828323, 2369944.583948366343975 ], [ 3885922.2651421809569, 2369270.773469586391002 ], [ 3887070.440551223699003, 2368558.565259851049632 ], [ 3887537.342813936527818, 2367293.911497433669865 ], [ 3887746.537696445826441, 2365504.437038562726229 ], [ 3888417.115261731203645, 2364340.570759274996817 ], [ 3889499.850919160991907, 2363808.770560231991112 ], [ 3890913.4574109823443, 2363916.198731135111302 ] ] } },
{ "type": "Feature", "properties": { "featurecla": "River", "scalerank": 2.0, "rivernum": 38.0, "name": "Donau", "name_en": "Danube", "strokeweig": 0.2 }, "geometry": { "type": "LineString", "coordinates": [ [ 4143614.827200505882502, 2482648.212158869486302 ], [ 4149473.529756215400994, 2482699.891019301023334 ], [ 4152406.376755698118359, 2482136.547875047661364 ], [ 4154813.525794961489737, 2480698.470227849669755 ], [ 4156865.932239059358835, 2482145.337358960881829 ], [ 4160023.737810792401433, 2482508.879068808164448 ], [ 4163381.478863079566509, 2481878.100656005553901 ], [ 4166018.657120426185429, 2480373.558239554520696 ], [ 4165693.376424158923328, 2479523.417573057115078 ], [ 4164947.462113262619823, 2478205.975445703137666 ], [ 4164674.624367802869529, 2477326.065266979392618 ], [ 4170668.743970976676792, 2477366.234022438060492 ], [ 4172917.132225094828755, 2476778.787934540770948 ], [ 4173885.641042185481638, 2476963.156584931537509 ], [ 4174347.241075911559165, 2476905.052514113951474 ], [ 4174781.576132000889629, 2476525.878058606758714 ], [ 4174911.7451460682787, 2476044.685973314102739 ], [ 4175080.914163812994957, 2475638.290602399967611 ], [ 4175628.871056570205837, 2475483.453937693499029 ], [ 4177072.319262032397091, 2475532.163712338544428 ], [ 4177342.84224791964516, 2475404.856104597449303 ], [ 4177708.33667586511001, 2475128.561254481784999 ], [ 4178190.400095124728978, 2474882.509784530848265 ], [ 4178806.940277991816401, 2474851.072859895415604 ], [ 4178834.295108823105693, 2474051.484892551787198 ], [ 4178165.848360365722328, 2474081.152550291735679 ], [ 4177849.029074687510729, 2473737.032521876040846 ], [ 4177439.990930066909641, 2472542.037577974610031 ] ] } },
{ "type": "Feature", "properties": { "featurecla": "River", "scalerank": 2.0, "rivernum": 38.0, "name": "Donau", "name_en": "Danube", "strokeweig": 0.2 }, "geometry": { "type": "LineString", "coordinates": [ [ 3890913.4574109823443, 2363916.198731135111302 ], [ 3892253.555110383778811, 2364755.257065849844366 ], [ 3893094.557090766262263, 2365704.366966743953526 ], [ 3893908.305707246530801, 2365829.877418141812086 ], [ 3895164.263493500649929, 2364230.024611000437289 ], [ 3896159.905802689027041, 2363360.042400086298585 ], [ 3898640.906125780194998, 2363007.851903858128935 ], [ 3899862.169417458586395, 2362270.793108097277582 ], [ 3901674.822547659743577, 2363344.86214435659349 ], [ 3910749.085602216422558, 2364348.273589578457177 ], [ 3910759.734762873034924, 2366461.136240708641708 ], [ 3912060.205705367960036, 2367914.709908070974052 ], [ 3916657.735289494041353, 2371111.363534018397331 ], [ 3920330.114764865487814, 2375207.473977929912508 ], [ 3922064.210346708539873, 2374630.640677453484386 ], [ 3922636.417604681570083, 2374031.751694425009191 ], [ 3921723.134964639786631, 2372982.098523580469191 ], [ 3921711.377383029088378, 2372181.740331255830824 ], [ 3923720.611534114461392, 2372782.525579438079149 ], [ 3924773.605850270483643, 2373279.365143917966634 ], [ 3925241.54414591146633, 2374002.431426705792546 ], [ 3925139.110130594111979, 2374730.89459769288078 ], [ 3924974.853134063072503, 2375066.533702225424349 ], [ 3925032.559592533390969, 2375414.796311134472489 ], [ 3925564.429916512221098, 2376194.720121571794152 ], [ 3926085.525837373454124, 2376463.044829424005002 ], [ 3927453.204507487826049, 2376622.708028595428914 ], [ 3927738.96355461422354, 2376933.772237146273255 ], [ 3928953.866878900211304, 2379106.300999066792428 ], [ 3931591.798207008745521, 2380457.482674352824688 ], [ 3934302.133666829206049, 2380664.780153080821037 ], [ 3935686.431881976313889, 2379403.864526035264134 ], [ 3936220.975134171545506, 2379397.431719120591879 ], [ 3936889.964175129309297, 2380050.824726029764861 ], [ 3937961.519878587219864, 2379959.490282267797738 ], [ 3940405.907934369519353, 2379348.925164158921689 ], [ 3941005.125730611383915, 2379465.598639847710729 ], [ 3942577.332421060185879, 2380122.884494494646788 ], [ 3943167.166727415286005, 2380032.57029950292781 ], [ 3943428.65869706030935, 2379819.82908665202558 ], [ 3943626.316952460445464, 2379555.287681185640395 ], [ 3944045.774498719722033, 2379309.412446291185915 ], [ 3952929.805973182898015, 2377693.393313340377063 ], [ 3955126.635361565742642, 2378291.159405664075166 ], [ 3956975.166458900086582, 2379811.162873954512179 ], [ 3961343.116099054925144, 2385648.225818056147546 ], [ 3964928.656479072291404, 2392409.55039850063622 ], [ 3965414.007044640835375, 2393133.25476390728727 ], [ 3965853.468681700993329, 2394376.871398689225316 ], [ 3966280.208810722455382, 2395305.70284430263564 ], [ 3966898.463846354745328, 2396049.678013099357486 ], [ 3967891.20990909030661, 2396725.839054712094367 ], [ 3968997.29200327116996, 2397047.268694849219173 ], [ 3970199.53221909282729, 2397040.378154255449772 ], [ 3971852.188983998727053, 2396703.342500376980752 ], [ 3973524.423191565554589, 2396033.467341814655811 ], [ 3974162.084895331412554, 2395951.601323027163744 ], [ 3976329.335769318509847, 2396091.061229803133756 ], [ 3977292.876658434048295, 2395963.518633787054569 ], [ 3978222.255328935571015, 2396043.59238450974226 ], [ 3979206.329902234487236, 2396669.41783503908664 ], [ 3981607.156206612940878, 2399599.460321860853583 ], [ 3982653.981508447788656, 2400456.603358394932002 ], [ 3983706.093725953251123, 2400865.230985004920512 ], [ 3987058.676209079101682, 2401118.383176957257092 ], [ 3988093.057908018585294, 2401640.752739652059972 ], [ 3989612.680897396989167, 2403290.647524861153215 ], [ 3990496.260966739617288, 2404036.810743017122149 ], [ 3993518.784190337173641, 2405365.20160635560751 ], [ 3993963.385741558391601, 2405501.119443122763187 ], [ 3995924.632857877295464, 2407493.405999307520688 ], [ 4002601.544325266033411, 2416820.142074134666473 ], [ 4003299.642303184606135, 2417305.925712047610432 ], [ 4004863.409630874637514, 2417858.119915809947997 ], [ 4012566.559667585417628, 2418789.135306079871953 ], [ 4014048.817560861818492, 2419278.260082294233143 ], [ 4016749.175852570682764, 2420763.289613427128643 ], [ 4022432.071117050945759, 2421917.819003509357572 ], [ 4026434.377365672495216, 2423856.895977406296879 ], [ 4027666.431247506290674, 2424999.269599393941462 ], [ 4028191.566063090227544, 2426557.88939175568521 ], [ 4028516.157599033322185, 2429057.350930934306234 ], [ 4029388.592335597146302, 2430675.673642390873283 ], [ 4030636.85035307193175, 2431640.401640333235264 ], [ 4040682.055095197632909, 2434982.659902359824628 ], [ 4043358.762107464019209, 2436622.782306188251823 ], [ 4046722.163100122008473, 2439865.456901938188821 ], [ 4049466.760425120592117, 2440848.151467426680028 ], [ 4050480.634733894374222, 2442064.62643186468631 ], [ 4051369.99366022227332, 2443529.314746549353004 ], [ 4052514.504739445168525, 2444786.808542093727738 ], [ 4057279.06243437808007, 2447486.357263322919607 ], [ 4062835.835083446465433, 2449412.605660346336663 ], [ 4098075.764648200012743, 2451492.654145263601094 ], [ 4099169.370914699975401, 2451835.927149371244013 ], [ 4099718.908320963848382, 2452134.956830498296767 ], [ 4101622.751550329849124, 2454165.57289564749226 ], [ 4102303.912039429880679, 2454454.309697844553739 ], [ 4107890.641681604553014, 2453831.528972612693906 ], [ 4114006.375991446897388, 2454643.058233895339072 ], [ 4117027.150998862925917, 2455596.466025618370622 ], [ 4119510.562055866699666, 2456956.574025507550687 ] ] } },
{ "type": "Feature", "properties": { "featurecla": "River", "scalerank": 2.0, "rivernum": 38.0, "name": "Donau", "name_en": "Danube", "strokeweig": 0.25 }, "geometry": { "type": "LineString", "coordinates": [ [ 4119510.562055866699666, 2456956.574025507550687 ], [ 4124078.90107845980674, 2461418.515599037520587 ], [ 4124674.295435075182468, 2462167.363970647100359 ], [ 4125225.282094947993755, 2463028.05140247521922 ], [ 4125764.809762810822576, 2464358.214948338922113 ], [ 4126478.047660484910011, 2467083.327856360003352 ], [ 4127040.704641425982118, 2468141.288959583733231 ], [ 4127413.539893388748169, 2468176.592604071367532 ], [ 4128491.259573972318321, 2467546.949434208218008 ], [ 4128972.991389266215265, 2467658.509430769365281 ], [ 4129960.197923818603158, 2469013.291568241547793 ], [ 4131617.768998666666448, 2470235.522719153668731 ], [ 4133200.303503785748035, 2470572.092259937431663 ], [ 4138688.872004790231586, 2470594.029033201746643 ], [ 4139152.495565934106708, 2470719.177722016815096 ], [ 4139487.434550698846579, 2471129.584403711836785 ], [ 4140057.557997267693281, 2472441.119853712618351 ], [ 4140505.620026537682861, 2472880.86643412290141 ], [ 4141530.321186005137861, 2472960.985501087736338 ], [ 4142345.306899080984294, 2472615.734617076348513 ], [ 4143060.877514176536351, 2472622.143204024992883 ], [ 4143859.079286501277238, 2473772.418172948993742 ], [ 4142625.35986158484593, 2474643.928357668686658 ], [ 4141616.296193456277251, 2474892.019729650579393 ], [ 4141356.14477485511452, 2475310.077519837766886 ], [ 4143661.922092644497752, 2478175.484625878278166 ], [ 4144179.911916920449585, 2479055.704951587598771 ], [ 4144095.584562341216952, 2480234.210636459756643 ], [ 4143614.827200505882502, 2482648.212158869486302 ] ] } },
{ "type": "Feature", "properties": { "featurecla": "River", "scalerank": 2.0, "rivernum": 38.0, "name": "Donau", "name_en": "Danube", "strokeweig": 0.3 }, "geometry": { "type": "LineString", "coordinates": [ [ 4248501.171402194537222, 2438648.102646953891963 ], [ 4250878.479986468330026, 2439081.330788255669177 ], [ 4258358.267469664104283, 2437376.024714620318264 ], [ 4259626.311024324968457, 2436763.334365627728403 ], [ 4260844.725935150869191, 2435961.96998871024698 ], [ 4262013.704541532322764, 2434338.827630769461393 ], [ 4265903.968822557479143, 2432821.010941641405225 ], [ 4267379.40035286359489, 2431739.795032552909106 ], [ 4271534.637662200257182, 2427522.888332868460566 ], [ 4273199.003182968124747, 2426894.238316789735109 ], [ 4276611.176409838721156, 2426804.094979858957231 ], [ 4278288.420630197972059, 2426148.77433730987832 ], [ 4281768.098041482269764, 2423698.124722396023571 ], [ 4283018.154678512364626, 2423344.606032769661397 ], [ 4285030.059556329622865, 2423526.444431319832802 ], [ 4285985.611760210245848, 2423320.628877281211317 ], [ 4286829.134130604565144, 2422409.938019065652043 ], [ 4287470.082372520118952, 2420597.54271775437519 ], [ 4288367.525797999463975, 2416336.976135704200715 ], [ 4289159.740457000210881, 2414532.916863411664963 ], [ 4290042.309070507064462, 2413582.681603482924402 ], [ 4291022.446670458652079, 2413158.260224153287709 ], [ 4293493.67627611476928, 2412966.341673886403441 ], [ 4294919.12655437272042, 2413177.042301395907998 ], [ 4297385.136997868306935, 2414392.647394101135433 ], [ 4298530.215113989077508, 2414719.987941110972315 ], [ 4303819.936054245568812, 2412931.894619450438768 ], [ 4306531.817746390588582, 2412602.146648602560163 ], [ 4308560.422729022800922, 2414494.269922566134483 ], [ 4309425.547785055823624, 2413787.852646125480533 ], [ 4310596.397247621789575, 2411879.903425334952772 ], [ 4311273.727731393650174, 2410978.719743092544377 ], [ 4313536.838683580979705, 2409787.560751426499337 ], [ 4315259.960138089954853, 2408252.297244909685105 ], [ 4318730.076168276369572, 2406585.808855909854174 ], [ 4319931.625381326302886, 2406284.982925451360643 ], [ 4327508.471664505079389, 2406603.618943888694048 ], [ 4328766.855440344661474, 2406247.805865080561489 ], [ 4329891.033454115502536, 2405568.420815436635166 ], [ 4330890.820813401602209, 2404579.124585914425552 ], [ 4333021.588763655163348, 2401873.05525485612452 ], [ 4334317.77039663027972, 2400831.941166968084872 ], [ 4335842.058653936721385, 2400473.416386625729501 ], [ 4345952.711198097094893, 2403621.874808152206242 ], [ 4346886.751340534538031, 2404498.161270875949413 ], [ 4347836.170042779296637, 2406098.811822733376175 ], [ 4348836.100909216329455, 2407190.188876728527248 ], [ 4350092.737243357114494, 2407846.428821733221412 ], [ 4353624.347582279704511, 2408257.378987730946392 ], [ 4354432.337968564592302, 2408101.027999401092529 ], [ 4355342.450449422933161, 2407628.167055699508637 ], [ 4358062.794882610440254, 2404813.20234272768721 ], [ 4359246.886531884782016, 2404462.042794985696673 ], [ 4360961.731009162962437, 2404478.677844685968012 ], [ 4362672.260180872865021, 2404148.378477132879198 ], [ 4363372.163258672691882, 2403788.650806262157857 ], [ 4364759.674130998551846, 2402792.41801678435877 ], [ 4365411.925804972648621, 2402516.455632982309908 ], [ 4366575.244176380336285, 2402991.366301711648703 ], [ 4368498.414813071489334, 2405839.394114539958537 ], [ 4369981.848010935820639, 2406600.448519645724446 ], [ 4376065.204547876492143, 2407831.400302872061729 ], [ 4381868.484394911676645, 2410238.44173073861748 ], [ 4384098.307728963904083, 2411959.983756190631539 ], [ 4385898.677144096232951, 2414493.10470883641392 ], [ 4386683.96282509341836, 2417344.573145950678736 ], [ 4387235.406698547303677, 2423799.185025746002793 ], [ 4388283.792691519483924, 2426228.263407150283456 ], [ 4390785.851995168253779, 2429117.687270648777485 ], [ 4392299.661958868615329, 2430335.142679719720036 ], [ 4393667.646475730463862, 2430542.376203905791044 ], [ 4393966.814369976520538, 2430288.464730941690505 ], [ 4394513.692848205566406, 2429626.86036393744871 ], [ 4394889.851072041317821, 2429515.57369320653379 ], [ 4400756.566367999650538, 2431379.226705041248351 ], [ 4402990.895543206483126, 2431383.83147737197578 ], [ 4405483.183999354951084, 2430951.334577460773289 ], [ 4408087.973898461088538, 2430928.69314737431705 ], [ 4409084.4366235435009, 2430729.617668219842017 ], [ 4411129.472558281384408, 2429757.087456899695098 ], [ 4411991.279288069345057, 2429626.984742522239685 ], [ 4415370.94929670356214, 2430550.177874344866723 ], [ 4416999.528499365784228, 2430652.451400509104133 ], [ 4418632.052651215344667, 2430308.094133963808417 ], [ 4420174.565042803063989, 2429425.356822020374238 ], [ 4422859.940536708571017, 2427197.341998387593776 ], [ 4425359.683279732242227, 2426429.644156394526362 ], [ 4435991.308033679611981, 2426858.053933520335704 ], [ 4444086.714824902825058, 2428665.720127858687192 ], [ 4444888.191656458191574, 2429022.932514986488968 ], [ 4446431.370876950211823, 2430067.10371781187132 ], [ 4447242.278501132503152, 2430433.40008757635951 ], [ 4449224.254011128097773, 2430846.845910951495171 ], [ 4450260.586302493698895, 2430829.942617145366967 ], [ 4451242.254758098162711, 2430550.485158108174801 ], [ 4452042.952821134589612, 2429886.991993215400726 ], [ 4454672.514610740356147, 2425230.440615377388895 ], [ 4456519.023214716464281, 2420122.417596820276231 ], [ 4458350.87309885956347, 2417041.43770475499332 ], [ 4460385.15526856854558, 2414689.660998838488013 ], [ 4465677.900662646628916, 2410548.575212869793177 ], [ 4470434.337219865992665, 2407776.355566069018096 ], [ 4473188.080618834123015, 2406749.262120065744966 ], [ 4485022.968894939869642, 2406278.699594771955162 ], [ 4493183.338684795424342, 2407889.074624399654567 ], [ 4496537.99811250064522, 2410192.656253831461072 ], [ 4497153.841890793293715, 2410395.449573736172169 ], [ 4498521.448105568066239, 2410405.519714557100087 ], [ 4498884.459456041455269, 2410558.346973586827517 ], [ 4499106.001320766285062, 2411014.151713468134403 ], [ 4499656.036350532434881, 2412845.260622913949192 ], [ 4501576.316530916839838, 2413045.488810039125383 ], [ 4503311.604027222841978, 2412039.97357183881104 ], [ 4505009.058930019848049, 2410699.193377505987883 ], [ 4506842.141765708103776, 2409904.363501412793994 ], [ 4512301.870503796264529, 2410556.711013226304203 ], [ 4513761.858753070235252, 2409767.582633546553552 ], [ 4513645.412614389322698, 2406711.055484421085566 ], [ 4514716.563692134805024, 2404410.464830585289747 ], [ 4516481.624197227880359, 2402868.390019023325294 ], [ 4518456.730337843298912, 2402117.29259668244049 ] ] } },
{ "type": "Feature", "properties": { "featurecla": "River", "scalerank": 2.0, "rivernum": 38.0, "name": "Donau", "name_en": "Danube", "strokeweig": 0.25 }, "geometry": { "type": "LineString", "coordinates": [ [ 4248501.171402194537222, 2438648.102646953891963 ], [ 4244084.555473915301263, 2438441.413115631323308 ], [ 4243258.339271103963256, 2438823.37617851421237 ], [ 4241454.884926191531122, 2440153.2716502728872 ], [ 4240804.992499681189656, 2440422.881697559729218 ], [ 4236371.214738080278039, 2441025.419520053081214 ], [ 4232199.927737650461495, 2440839.643472978845239 ], [ 4230413.331513331271708, 2441711.709384013898671 ], [ 4227134.613122629933059, 2444418.240727373864502 ], [ 4225441.337638646364212, 2444949.306390937883407 ], [ 4221649.657304451800883, 2447395.458963407203555 ], [ 4221320.57505598012358, 2448437.140174245927483 ], [ 4219795.431192646734416, 2449567.802918117493391 ], [ 4219128.431965617462993, 2450556.071353397332132 ], [ 4219422.848285628482699, 2450746.912839635740966 ], [ 4220066.328015906736255, 2451398.758577246684581 ], [ 4219157.221877687610686, 2452114.297354754991829 ], [ 4217468.315680180676281, 2453041.795726589392871 ], [ 4215849.885921808890998, 2453368.823217397555709 ], [ 4215171.226445967331529, 2452298.601257665548474 ], [ 4214766.291274478659034, 2451835.670351523905993 ], [ 4213974.073693457059562, 2452517.470955436117947 ], [ 4213557.35060531552881, 2453537.587319006677717 ], [ 4214350.531667843461037, 2454102.911060294602066 ], [ 4215264.512962197884917, 2454513.156159649137408 ], [ 4215436.155911144800484, 2455407.639552879147232 ], [ 4215211.347112918272614, 2456401.369981758762151 ], [ 4214973.311345054768026, 2457126.756884637288749 ], [ 4214154.941094657406211, 2458721.085421185009181 ], [ 4210829.79599969368428, 2463312.04101542616263 ], [ 4209544.085025206208229, 2464252.832376477308571 ], [ 4206823.709717425517738, 2464853.52278043050319 ], [ 4206404.70261571649462, 2465196.652988322544843 ], [ 4203813.729239008389413, 2464990.153502371627837 ], [ 4202911.776072863489389, 2465461.7893150835298 ], [ 4200918.172649320214987, 2463416.032049386296421 ], [ 4200099.093784948810935, 2463080.158866865560412 ], [ 4199093.978076309897006, 2463075.987987527623773 ], [ 4197374.648376225493848, 2463627.825326109770685 ], [ 4196444.835662689991295, 2463745.125316432677209 ], [ 4195999.805475840345025, 2464245.593591309618205 ], [ 4195549.577957131899893, 2465444.167484847363085 ], [ 4195188.142821217887104, 2466774.703911582473665 ], [ 4195031.422858638688922, 2467726.99858764745295 ], [ 4194710.833630149252713, 2468431.691294501069933 ], [ 4189634.710310626775026, 2470914.813109380658716 ], [ 4187948.369979590177536, 2471326.421348097734153 ], [ 4185920.079367596190423, 2471437.664188799448311 ], [ 4185304.793619090691209, 2471224.216422097291797 ], [ 4183641.85971864964813, 2470097.274841039441526 ], [ 4183082.490857133641839, 2469466.093342603649944 ], [ 4182430.951833208557218, 2469091.614136627875268 ], [ 4180873.970953958109021, 2470271.191779546439648 ], [ 4179931.915702676400542, 2470493.302190768532455 ], [ 4179906.665949502494186, 2471227.355284952558577 ], [ 4180797.139228017069399, 2471992.985424649901688 ], [ 4179793.675643577240407, 2472299.600846318528056 ], [ 4178781.515618174336851, 2472054.922592795919627 ], [ 4177938.702870632521808, 2472118.040106808766723 ], [ 4177412.94577344879508, 2473339.015712007880211 ] ] } },
{ "type": "Feature", "properties": { "featurecla": "River", "scalerank": 6.0, "rivernum": 303.0, "name": "Garonne", "name_en": "Garonne", "strokeweig": 0.2 }, "geometry": { "type": "LineString", "coordinates": [ [ 3261842.350501859094948, 1850614.586927296593785 ], [ 3261082.480716989841312, 1851035.602801476605237 ], [ 3259868.685060241259634, 1852617.351864372845739 ], [ 3260254.890125431120396, 1855297.098628103267401 ], [ 3263942.691713845357299, 1862664.415874272584915 ], [ 3263791.086416700854897, 1865129.075391847407445 ], [ 3262571.701162358745933, 1866796.161063391016796 ], [ 3261043.708959729876369, 1869885.219855868723243 ], [ 3259190.609213458374143, 1871478.971319037955254 ], [ 3258487.42109423270449, 1872567.359136445447803 ], [ 3257874.316868512425572, 1874883.098268951987848 ], [ 3257171.395582532510161, 1878574.207672900287434 ], [ 3256161.85245833452791, 1881995.504670483525842 ], [ 3254795.802491947077215, 1883627.346652787178755 ], [ 3253588.435543412808329, 1884328.200682851485908 ], [ 3252924.237892816308886, 1885484.305309080984443 ], [ 3253008.013803066685796, 1886805.408077347557992 ], [ 3253604.244307685643435, 1887890.189372066408396 ], [ 3254785.369078379124403, 1888575.015181651106104 ], [ 3257985.656835256144404, 1889332.153972434345633 ], [ 3259658.627671667374671, 1890117.497969901189208 ], [ 3261653.96695891674608, 1890404.236534081865102 ], [ 3266366.348212268203497, 1888699.721952338702977 ], [ 3269250.529983315616846, 1888922.200863890815526 ], [ 3274593.80910459253937, 1887661.90921657346189 ], [ 3277660.545493561774492, 1887445.132666004355997 ], [ 3280860.526236718520522, 1888653.579714237013832 ], [ 3284198.382272773422301, 1891374.316825361922383 ], [ 3288212.979659063275903, 1894303.485450555104762 ], [ 3297941.475810514297336, 1897626.267187238670886 ], [ 3302070.226927957031876, 1900347.097752077970654 ], [ 3304981.691786309704185, 1902965.959281141171232 ], [ 3308540.352103545330465, 1905431.435799039434642 ], [ 3310590.110538482666016, 1907413.119782521156594 ], [ 3314206.523384663276374, 1911950.925527654122561 ], [ 3315497.382764615118504, 1914435.641059746500105 ], [ 3319126.886149659287184, 1923027.144119698554277 ], [ 3320561.186349575407803, 1924524.897467859555036 ], [ 3325187.53033808618784, 1926528.717765716137365 ] ] } },
{ "type": "Feature", "properties": { "featurecla": "River", "scalerank": 6.0, "rivernum": 303.0, "name": "Garonne", "name_en": "Garonne", "strokeweig": 0.15 }, "geometry": { "type": "LineString", "coordinates": [ [ 3276148.076612533070147, 1837430.284659993369132 ], [ 3276157.283033692277968, 1840626.341463308315724 ], [ 3275115.506823764182627, 1843328.772076800232753 ], [ 3272213.629671242553741, 1844647.74467100459151 ], [ 3268844.412073521409184, 1845520.366423015948385 ], [ 3266679.98729050019756, 1847128.638571411604062 ], [ 3265048.961555279791355, 1848846.674202907364815 ], [ 3261842.350501859094948, 1850614.586927296593785 ] ] } },
{ "type": "Feature", "properties": { "featurecla": "River", "scalerank": 7.0, "rivernum": 303.0, "name": "Drau", "name_en": "Drava", "strokeweig": 0.25 }, "geometry": { "type": "LineString", "coordinates": [ [ 4433195.323970686644316, 2221105.587063272483647 ], [ 4434972.964525365270674, 2219506.429495273157954 ], [ 4440460.046523849479854, 2215639.024598338641226 ], [ 4442229.32691060192883, 2214056.947217498905957 ], [ 4444116.293942331336439, 2213739.989486249163747 ], [ 4449980.013967249542475, 2216348.421059936285019 ], [ 4451779.067132727243006, 2216435.654441769234836 ], [ 4452806.732784502208233, 2215921.766883333213627 ], [ 4453841.041644864715636, 2215859.560899122618139 ], [ 4454853.128292713314295, 2216418.088593845255673 ], [ 4455812.066440102644265, 2217394.357453059405088 ], [ 4457020.523351654410362, 2217911.623707212042063 ], [ 4460715.039148548617959, 2216585.582275111693889 ], [ 4465087.828223532997072, 2216801.660314051434398 ], [ 4466284.32245855871588, 2216338.785878287628293 ], [ 4467304.142311441712081, 2215723.933594878297299 ], [ 4467466.037502840161324, 2215666.507444631773978 ], [ 4468760.34138120431453, 2214919.659126048907638 ], [ 4470271.089381001889706, 2214890.670833298470825 ], [ 4470796.982669944874942, 2214592.840996644925326 ], [ 4471222.73202764429152, 2214228.4189283256419 ], [ 4472111.876831791363657, 2213233.814082017168403 ], [ 4472273.999264905229211, 2212920.645937791094184 ], [ 4472328.970486543141305, 2212706.418384802062064 ], [ 4472396.114345678128302, 2212350.782911109738052 ], [ 4472521.463518969714642, 2211870.890425768680871 ], [ 4472710.979587753303349, 2211367.502226832322776 ], [ 4473146.640542410314083, 2210552.916114622261375 ], [ 4473487.560860451310873, 2210202.409196523483843 ], [ 4473725.152245852164924, 2209990.741680193692446 ], [ 4473912.913548573851585, 2209933.073185306042433 ], [ 4483198.959747611545026, 2208779.248213129583746 ], [ 4485597.377632449381053, 2208956.466330582741648 ], [ 4490615.057804015465081, 2211057.000177187845111 ], [ 4491311.262772935442626, 2211245.925634876824915 ], [ 4492111.190237874165177, 2211093.257333525456488 ], [ 4500687.211173756979406, 2211385.699466587975621 ], [ 4504003.468549249693751, 2212718.548750481568277 ], [ 4510673.280203439295292, 2212780.742893785238266 ], [ 4512358.700423382222652, 2212753.028432050719857 ] ] } },
{ "type": "Feature", "properties": { "featurecla": "River", "scalerank": 7.0, "rivernum": 303.0, "name": "Drau", "name_en": "Drava", "strokeweig": 0.2 }, "geometry": { "type": "LineString", "coordinates": [ [ 4195118.39803297072649, 2242445.561193991452456 ], [ 4198928.264485048130155, 2243114.121549970470369 ], [ 4203461.094972130842507, 2246341.89061336684972 ], [ 4204623.448064430616796, 2249133.462088905274868 ] ] } },
{ "type": "Feature", "properties": { "featurecla": "River", "scalerank": 7.0, "rivernum": 303.0, "name": "Drau", "name_en": "Drava", "strokeweig": 0.15 }, "geometry": { "type": "LineString", "coordinates": [ [ 4169764.13034636946395, 2236584.641403713729233 ], [ 4172291.187493990641087, 2236776.905487393494695 ], [ 4177039.191874250303954, 2238086.210742665920407 ], [ 4180842.193863555323333, 2238647.908831621520221 ], [ 4183236.67037734342739, 2238453.146040306426585 ], [ 4186392.756845475640148, 2239481.000572584569454 ], [ 4189804.307841160334647, 2240733.736380274873227 ], [ 4193137.032457081135362, 2241723.687108184676617 ], [ 4195118.39803297072649, 2242445.561193991452456 ] ] } },
{ "type": "Feature", "properties": { "featurecla": "River", "scalerank": 8.0, "rivernum": 970.0, "name": "Maas", "name_en": "Meuse", "strokeweig": 0.3 }, "geometry": { "type": "LineString", "coordinates": [ [ 3644959.170654030982405, 2782642.23988750949502 ], [ 3649305.875074096955359, 2782985.279398645740002 ], [ 3650774.169033845420927, 2782870.287794526666403 ], [ 3653971.658210292924196, 2781287.344800550490618 ], [ 3655226.204746420960873, 2781146.680205051787198 ] ] } },
{ "type": "Feature", "properties": { "featurecla": "River", "scalerank": 8.0, "rivernum": 970.0, "name": "Maas", "name_en": "Meuse", "strokeweig": 0.3 }, "geometry": { "type": "LineString", "coordinates": [ [ 3611509.661930106114596, 2781573.856998726725578 ], [ 3612418.03513317136094, 2780854.895356692373753 ], [ 3614030.009907972067595, 2779049.427968700882047 ], [ 3616143.602729915641248, 2777742.222639779094607 ], [ 3618055.794734277762473, 2776990.999870607163757 ], [ 3621693.627250122372061, 2777644.181137642357498 ], [ 3624432.651138887740672, 2779228.73883746098727 ], [ 3626738.025285440962762, 2782794.364336794707924 ] ] } },
{ "type": "Feature", "properties": { "featurecla": "River", "scalerank": 4.0, "rivernum": 151.0, "name": "Waal", "name_en": "Waal", "strokeweig": 0.35 }, "geometry": { "type": "LineString", "coordinates": [ [ 3626738.025285440962762, 2782794.364336794707924 ], [ 3621638.201485326513648, 2785386.216903157066554 ], [ 3617365.796857011970133, 2788769.164240367244929 ], [ 3611351.728492008987814, 2793954.418011914473027 ], [ 3606253.838310545310378, 2798987.603465686552227 ] ] } },
{ "type": "Feature", "properties": { "featurecla": "River", "scalerank": 4.0, "rivernum": 1147.0, "name": "IJssel", "name_en": "IJssel", "strokeweig": 0.25 }, "geometry": { "type": "LineString", "coordinates": [ [ 3728853.323470042552799, 2869595.419030262157321 ], [ 3730150.272741228807718, 2869993.345284331589937 ], [ 3732242.257603487931192, 2868620.484372526407242 ], [ 3734476.297594232484698, 2865145.900709185283631 ], [ 3736153.885526076424867, 2863169.531331135425717 ], [ 3738957.753651013597846, 2863017.441751853562891 ], [ 3739786.585353912785649, 2861913.607567351311445 ], [ 3740561.544254679232836, 2861532.960584294982255 ], [ 3740994.700837312266231, 2861236.42769956914708 ], [ 3741401.332178748212755, 2860502.447550827637315 ], [ 3741837.516351737547666, 2859477.839277370367199 ], [ 3742929.252364239655435, 2858163.52001537848264 ], [ 3743396.557608572766185, 2857715.618875183165073 ], [ 3743779.239837337750942, 2857061.999653550796211 ], [ 3744268.747414761222899, 2855327.921460871584713 ], [ 3744708.619436016771942, 2853985.48325185244903 ], [ 3745966.037101537920535, 2851930.093061252962798 ], [ 3746009.157469047699124, 2850114.597164044622332 ], [ 3745250.429176970385015, 2849071.694935077801347 ], [ 3744901.899405326228589, 2847578.983727673999965 ], [ 3743875.157702218741179, 2847259.89549724617973 ], [ 3742675.469078309368342, 2846958.065775665920228 ], [ 3742318.893544424790889, 2846664.25902677886188 ], [ 3742633.963075270876288, 2845446.601612225174904 ], [ 3741975.99023549631238, 2844569.641734282020479 ], [ 3741275.945933261886239, 2842241.790713625028729 ], [ 3741151.150654695928097, 2841470.591306977905333 ], [ 3741305.040110883768648, 2841094.49934104224667 ], [ 3741931.230675182770938, 2840088.919222698081285 ], [ 3742246.990779411047697, 2839664.859138554893434 ], [ 3743560.047896862495691, 2838967.391815281938761 ], [ 3743879.419647730421275, 2837628.815136795863509 ], [ 3744580.275174777489156, 2835815.650739349424839 ], [ 3744500.934923991095275, 2834918.530290258582681 ], [ 3744465.440241611562669, 2834242.461734732612967 ], [ 3744712.83929430693388, 2834040.289822427090257 ], [ 3745434.641659749206156, 2833658.269663178827614 ], [ 3745745.555019077379256, 2833374.005686414428055 ], [ 3745840.568896913900971, 2832846.155184554867446 ], [ 3745527.195090719033033, 2831911.340937348082662 ], [ 3745773.753592727705836, 2831380.83299383148551 ], [ 3746656.802265368402004, 2830801.428218898363411 ], [ 3747164.11058497428894, 2831497.633797781541944 ], [ 3747815.409787550102919, 2831986.737187118735164 ], [ 3748654.847688653040677, 2831998.51305678486824 ], [ 3748378.748905286658555, 2830276.006811500526965 ], [ 3748292.523744261357933, 2828606.77149871783331 ], [ 3748546.485840954817832, 2826081.849245945457369 ], [ 3748546.209752900060266, 2823570.090831021312624 ], [ 3748255.776625, 2820445.398279588203877 ], [ 3749048.310123006813228, 2818310.644867693074048 ], [ 3749091.507262133527547, 2816632.239787581376731 ], [ 3748137.191009360831231, 2815635.704250689595938 ], [ 3746561.512807133607566, 2815089.263872760813683 ], [ 3743246.971072964835912, 2813378.487945836037397 ], [ 3742785.695948800537735, 2811936.678121879696846 ], [ 3743104.391133723780513, 2810664.064269428607076 ], [ 3744297.343129251617938, 2811229.468655817210674 ], [ 3745306.464640269521624, 2810759.073596750386059 ], [ 3745507.516059556975961, 2809702.966339468490332 ], [ 3744658.683923010714352, 2808281.198401105124503 ], [ 3742929.059006479103118, 2807326.107471570838243 ], [ 3741080.315376300364733, 2806585.453104006592184 ], [ 3739837.441479159984738, 2807489.479410021565855 ], [ 3738432.086517517454922, 2807771.955152234528214 ], [ 3736712.245001774281263, 2807028.658138638362288 ], [ 3734850.98457523714751, 2806080.771928025875241 ], [ 3734246.091573225334287, 2804439.867685495875776 ], [ 3732302.841176797635853, 2804335.510672434233129 ], [ 3731609.863003687933087, 2803535.257122299168259 ], [ 3730546.231992586515844, 2802965.670731786638498 ] ] } },
{ "type": "Feature", "properties": { "featurecla": "River", "scalerank": 6.0, "rivernum": 303.0, "name": "Garonne", "name_en": "Garonne", "strokeweig": 0.25 }, "geometry": { "type": "LineString", "coordinates": [ [ 3315436.284549119882286, 1967197.140210922341794 ], [ 3313519.304515806492418, 1971791.191110975341871 ], [ 3312876.470092156901956, 1972771.48623910266906 ], [ 3313084.730805644765496, 1974507.78566646319814 ], [ 3312425.829138160217553, 1977075.979677547700703 ], [ 3311278.119176172185689, 1979432.095681723672897 ], [ 3310011.752591623459011, 1980540.992595839546993 ], [ 3308107.158655774779618, 1981759.258827993180603 ], [ 3306948.038578744977713, 1984218.759448450058699 ], [ 3306112.494435749016702, 1987029.740587080828846 ], [ 3305170.619724575430155, 1989303.897503423970193 ], [ 3303810.906852363608778, 1990404.543035505339503 ], [ 3303249.366809743456542, 1990665.122377896215767 ] ] } },
{ "type": "Feature", "properties": { "featurecla": "River", "scalerank": 8.0, "rivernum": 724.0, "name": "Maas", "name_en": "Meuse", "strokeweig": 0.25 }, "geometry": { "type": "LineString", "coordinates": [ [ 3706357.123101172968745, 2675461.170793935656548 ], [ 3707221.236210167873651, 2677880.138612505514175 ], [ 3707872.528134839143604, 2682203.040435969363898 ], [ 3707865.440364826470613, 2686480.248217105865479 ], [ 3706707.140080987941474, 2688733.586726150475442 ], [ 3707177.507402152754366, 2689218.366923774126917 ], [ 3708192.981648806482553, 2690848.336889241356403 ], [ 3708479.062080347910523, 2691026.085704210214317 ], [ 3709280.136225008871406, 2691263.259432817343622 ], [ 3709619.756669279653579, 2691506.265652513597161 ], [ 3710563.518416753970087, 2692778.284189566969872 ], [ 3711882.059942827094346, 2695205.760405562352389 ], [ 3712734.145738805178553, 2696462.388813850469887 ], [ 3712105.219141764566302, 2696892.572958908043802 ], [ 3711444.891103832982481, 2696948.992262911982834 ], [ 3709916.439155736006796, 2696624.910472830757499 ], [ 3712823.800405218731612, 2700739.201883352827281 ], [ 3714054.143878718372434, 2703295.653824452310801 ], [ 3713200.475877733901143, 2704587.134643105790019 ], [ 3713440.374465848784894, 2705997.204006074462086 ], [ 3713846.980136740487069, 2707024.693856799043715 ], [ 3714417.587384326849133, 2707333.541493047960103 ], [ 3715164.475189864635468, 2706613.131908483337611 ], [ 3715715.256966533139348, 2707272.639259751886129 ], [ 3716138.380748255178332, 2708018.263664582744241 ], [ 3716723.427078526001424, 2709461.372532565612346 ], [ 3716559.939086706843227, 2709904.097529190126806 ], [ 3716469.687335193157196, 2710237.591309452429414 ], [ 3716348.687479697633535, 2711019.417310545686632 ], [ 3717079.602329379878938, 2710899.118247219361365 ], [ 3717811.462098066695035, 2710970.639005684293807 ], [ 3718509.879861469380558, 2711212.272982769180089 ], [ 3719153.388646347913891, 2711596.315408984664828 ], [ 3717720.14548072591424, 2713332.154304305557162 ], [ 3717996.654130571056157, 2714538.036607591900975 ], [ 3720403.625746705569327, 2716666.871613846626133 ] ] } },
{ "type": "Feature", "properties": { "featurecla": "River", "scalerank": 6.0, "rivernum": 219.0, "name": "Po", "name_en": "Po", "strokeweig": 0.2 }, "geometry": { "type": "LineString", "coordinates": [ [ 3819468.585679777897894, 2032813.234984706388786 ], [ 3816854.072253515943885, 2031220.104351686313748 ], [ 3812970.939884897321463, 2030098.719031944405288 ], [ 3812110.575629828963429, 2028432.80817980132997 ], [ 3809741.530967173166573, 2027173.748811352532357 ], [ 3807806.509133119601756, 2025543.67001631623134 ], [ 3806225.189032221212983, 2023812.360332570038736 ], [ 3804031.8386453948915, 2022548.452732439152896 ], [ 3803785.084979847073555, 2020592.258223316399381 ], [ 3804183.477151493076235, 2019149.208403907017782 ], [ 3803831.69486192567274, 2016748.578899228945374 ], [ 3803192.258549503982067, 2013820.357116276863962 ], [ 3801683.542876510880888, 2011726.10032401047647 ], [ 3800227.071404300630093, 2011150.785859001334757 ], [ 3798257.590009543579072, 2011309.743310640566051 ], [ 3796128.082890078891069, 2012011.917051322059706 ], [ 3794565.965044496115297, 2013499.347326434217393 ], [ 3792207.999682183843106, 2015284.159457091242075 ], [ 3790203.201034527737647, 2016877.669052182231098 ], [ 3788249.165061661507934, 2017397.078521636547521 ], [ 3785820.757578125223517, 2017219.891184153500944 ], [ 3783953.354379820171744, 2017648.128628965467215 ], [ 3783930.147602383047342, 2017660.814162741415203 ] ] } },
{ "type": "Feature", "properties": { "featurecla": "River", "scalerank": 6.0, "rivernum": 219.0, "name": "Po", "name_en": "Po", "strokeweig": 0.2 }, "geometry": { "type": "LineString", "coordinates": [ [ 3819468.614533122163266, 2032813.192448116838932 ], [ 3819736.411801667883992, 2033805.957099911756814 ], [ 3819824.040238984394819, 2035146.980313520878553 ], [ 3820407.617074094712734, 2035821.425795061513782 ], [ 3821284.152958488091826, 2037472.087304157670587 ], [ 3822457.562832673545927, 2040841.859253442147747 ], [ 3822480.677734478842467, 2041578.830559333320707 ], [ 3821619.364462796598673, 2042401.564405707176775 ], [ 3821717.103313432075083, 2043483.930473742075264 ], [ 3823086.245598610956222, 2045977.969641755335033 ], [ 3823185.699396182782948, 2045808.889254255685955 ], [ 3823444.014783354476094, 2045695.441392298787832 ], [ 3823694.155724929179996, 2045919.469118862645701 ], [ 3823727.883629448246211, 2046761.432781519833952 ], [ 3822715.239635191392154, 2049295.747518281219527 ], [ 3821812.646343388594687, 2050904.719309957930818 ], [ 3821621.697590812575072, 2053497.569901127135381 ], [ 3821691.144349483307451, 2056287.569921855349094 ], [ 3821895.41478346567601, 2058027.503140655811876 ], [ 3823136.418422650545835, 2060701.454623004654422 ], [ 3824751.106114218011498, 2061875.806478240061551 ], [ 3826563.328891528770328, 2062583.587034005206078 ], [ 3828392.866268855519593, 2063876.088538257870823 ], [ 3828754.756830214522779, 2064742.105821618344635 ], [ 3828977.721274813637137, 2065946.819367051590234 ], [ 3829270.681568550411612, 2067004.55011978931725 ], [ 3829831.894469946157187, 2067448.449069587979466 ], [ 3831482.319841105956584, 2067812.307573392055929 ], [ 3832639.439670780207962, 2068760.10919296508655 ], [ 3834383.615314214490354, 2071065.46413909457624 ], [ 3837809.27248864993453, 2073388.365868359338492 ], [ 3840485.437213407363743, 2073259.215720714535564 ], [ 3842977.449404079467058, 2072130.593667869921774 ], [ 3845842.786421743221581, 2071411.533190901856869 ], [ 3852486.534236955456436, 2072768.632852931506932 ], [ 3858398.727040069177747, 2071811.095479180803522 ], [ 3863337.781864828430116, 2072868.589989244239405 ], [ 3863997.527735783252865, 2072141.71958419913426 ], [ 3868327.268684445414692, 2072670.671055292710662 ], [ 3869726.391179617028683, 2072343.235265472438186 ], [ 3870422.5128717510961, 2071542.572532796068117 ], [ 3870940.223528880160302, 2070582.83832002710551 ], [ 3871695.864284656941891, 2069762.529589687008411 ], [ 3873065.052546778693795, 2069389.22226819768548 ], [ 3873598.776931473519653, 2069113.925582967465743 ], [ 3875305.685242671985179, 2067667.254441939527169 ], [ 3876083.116832796949893, 2067452.62881143996492 ], [ 3876624.477753459941596, 2067001.042404672130942 ], [ 3877023.68764126393944, 2066518.379004616755992 ], [ 3877359.947861527558416, 2066221.421732264105231 ], [ 3882090.608342886436731, 2064769.739991185255349 ], [ 3884767.679195270873606, 2064485.307460327632725 ], [ 3886429.64820082904771, 2065225.664467290742323 ], [ 3887183.024148228112608, 2064705.010567081160843 ], [ 3889755.47570322221145, 2063824.736381047172472 ], [ 3890851.882038776762784, 2063671.755419136956334 ], [ 3891113.159603236243129, 2063113.783092363970354 ], [ 3893662.144017847720534, 2059931.869052899535745 ], [ 3895450.98491900973022, 2054834.931677389424294 ], [ 3896437.879205143544823, 2052678.547615363728255 ], [ 3898197.673936096485704, 2050876.977931598201394 ], [ 3899225.81057489477098, 2051561.643290766747668 ], [ 3900120.42318700067699, 2051466.758415570249781 ], [ 3901565.59457090171054, 2050817.304198375204578 ], [ 3904470.547597077209502, 2050767.446373204234987 ], [ 3906230.460486543830484, 2051038.159906564978883 ], [ 3910829.50918005220592, 2053744.342868076171726 ], [ 3912677.587581883184612, 2054489.596862790174782 ], [ 3918156.477093941532075, 2055771.436101912986487 ], [ 3920172.187981794588268, 2055826.830154827795923 ], [ 3921040.731551742646843, 2056033.152388679096475 ], [ 3921406.739735560957342, 2056862.689687009900808 ], [ 3921917.482149983756244, 2057376.919626721646637 ], [ 3923053.911222699098289, 2057282.324967950116843 ], [ 3924271.636540406849235, 2056849.855966136790812 ], [ 3925000.755677535198629, 2056413.588513835798949 ], [ 3925524.722474547568709, 2057104.372337891720235 ], [ 3926110.630669708363712, 2057123.00076937302947 ], [ 3926817.565715947188437, 2056982.146074565593153 ], [ 3927659.466748079750687, 2057181.923961805412546 ], [ 3928263.907235679682344, 2057779.76839298568666 ], [ 3928952.078855123836547, 2059113.804332343395799 ], [ 3929477.341858385596424, 2059370.494085592217743 ], [ 3931232.264405461028218, 2059567.351796300616115 ], [ 3932692.622718588914722, 2060086.822456047404557 ], [ 3936418.996783363632858, 2062236.619725727010518 ], [ 3937847.236769367940724, 2062655.081361334770918 ], [ 3940822.056933110579848, 2062759.971927678212523 ] ] } },
{ "type": "Feature", "properties": { "featurecla": "River", "scalerank": 6.0, "rivernum": 219.0, "name": "Po", "name_en": "Po", "strokeweig": 0.15 }, "geometry": { "type": "LineString", "coordinates": [ [ 3783930.147602383047342, 2017660.814162741415203 ], [ 3782020.61694371374324, 2018705.130265613552183 ], [ 3780071.311330460943282, 2019316.467958754161373 ], [ 3777206.13089092168957, 2019428.089712666813284 ] ] } },
{ "type": "Feature", "properties": { "featurecla": "River", "scalerank": 5.0, "rivernum": 178.0, "name": "Loire", "name_en": "Loire", "strokeweig": 0.2 }, "geometry": { "type": "LineString", "coordinates": [ [ 3554477.879918148741126, 2046201.533892782405019 ], [ 3553693.686985451262444, 2043330.812981204129755 ], [ 3552723.142204257193953, 2041522.781957075931132 ], [ 3550848.982733445242047, 2041539.092503471300006 ], [ 3547896.117808452341706, 2043051.288630862720311 ], [ 3544918.056187003850937, 2045558.003527247812599 ], [ 3541078.259808869101107, 2049924.265367840882391 ], [ 3535645.934734569396824, 2053124.952953167492524 ], [ 3534636.644194702152163, 2055088.518908692989498 ], [ 3534507.350661346688867, 2057164.594890616601333 ], [ 3533960.022075288929045, 2060539.00259613385424 ], [ 3534754.977246293332428, 2062820.471779760438949 ], [ 3534179.787326835095882, 2063955.622093223035336 ], [ 3533332.095320147462189, 2065117.793859232682735 ], [ 3532981.262555196415633, 2066238.906470821704715 ], [ 3533356.040893292520195, 2066991.658188803587109 ], [ 3535358.987913333345205, 2067869.687286839121953 ], [ 3536249.60214045131579, 2069354.984243731014431 ], [ 3536417.049702502321452, 2071388.568196158390492 ], [ 3535046.730583901051432, 2074900.594868107000366 ], [ 3535074.601452440023422, 2076219.116968236863613 ], [ 3535331.364512023515999, 2077439.452432007528841 ], [ 3535154.177279665134847, 2079972.366293370258063 ], [ 3536362.117490256670862, 2081316.593239278532565 ], [ 3537129.19169256510213, 2082987.851734309457242 ], [ 3537606.621407967526466, 2085079.162972528953105 ], [ 3537693.818253826349974, 2086894.413758388254791 ], [ 3538433.820058191660792, 2088171.698679501656443 ], [ 3540458.492417865432799, 2088956.34394345106557 ], [ 3542969.684624708723277, 2089077.005903504788876 ], [ 3544863.316449746955186, 2088720.660676657920703 ], [ 3547084.354615800548345, 2089104.352515521459281 ], [ 3550435.572185596916825, 2091022.174043173901737 ], [ 3553134.686986877117306, 2093680.149816589197144 ], [ 3553811.053672620560974, 2095852.915987569838762 ], [ 3553757.406560564879328, 2097753.730605608783662 ], [ 3554648.32724630413577, 2099742.135841296054423 ], [ 3556019.241257322020829, 2101138.110777831170708 ], [ 3557950.735610601026565, 2102098.471303933765739 ], [ 3559924.445295415818691, 2105577.039236512035131 ], [ 3561687.1269077421166, 2107497.568960318341851 ], [ 3563260.428858700674027, 2109864.398695357143879 ], [ 3564012.354996777139604, 2112990.51865111105144 ], [ 3564268.247921419795603, 2115794.541988388635218 ], [ 3564869.743123600725085, 2118747.455827308353037 ], [ 3564747.173211801797152, 2120903.437567139044404 ], [ 3564884.55461923731491, 2123061.085273551754653 ], [ 3566192.089226471725851, 2125567.322966600768268 ], [ 3564604.657535301055759, 2128813.671422618441284 ], [ 3564508.737937304656953, 2130193.325815374031663 ], [ 3564724.392513568047434, 2131531.015282256994396 ], [ 3564533.584977449849248, 2133115.946163544431329 ], [ 3563827.255057935137302, 2134653.27908649481833 ], [ 3562111.605704080779105, 2136916.502394649200141 ], [ 3562302.720221667550504, 2137934.92633096082136 ], [ 3562822.138128690421581, 2139288.129109267145395 ], [ 3562998.440336737781763, 2142941.770822723396122 ], [ 3563476.003509523812681, 2145727.306910033337772 ], [ 3562598.914824806619436, 2149129.36802299041301 ], [ 3562433.275261556264013, 2152334.680473984219134 ], [ 3560962.629470477346331, 2153954.628677929285914 ], [ 3559004.966799565590918, 2158326.655850052833557 ], [ 3557536.196500038262457, 2159705.639497652184218 ], [ 3557221.724565465468913, 2160843.186170553322881 ], [ 3556382.242714775726199, 2162629.542360591702163 ], [ 3552636.888508365489542, 2166879.345688613131642 ], [ 3551856.588518206495792, 2169061.810166646726429 ], [ 3552072.75665467698127, 2171049.270575225353241 ], [ 3552636.519369862508029, 2172788.712510676123202 ], [ 3554107.985157824121416, 2174771.394689791835845 ], [ 3558434.371953355148435, 2179769.715644616167992 ], [ 3558729.934268557932228, 2181170.372862283140421 ], [ 3558325.522976615000516, 2182539.070902030915022 ], [ 3558837.073897309135646, 2188014.79040318634361 ], [ 3558597.485792850609869, 2191431.724551963619888 ], [ 3557636.298333294223994, 2194519.706933712121099 ], [ 3554862.378572324756533, 2199090.379183011129498 ], [ 3554103.117396858986467, 2201762.721274509094656 ], [ 3554009.099984778091311, 2203985.576662719715387 ], [ 3554302.37336932355538, 2205122.128162880893797 ], [ 3554317.820949176326394, 2206439.42354606743902 ], [ 3554108.571214706636965, 2207238.7324024499394 ], [ 3553080.446487508248538, 2208675.975997301749885 ], [ 3553155.837185945827514, 2209003.870963058900088 ], [ 3553164.333064395003021, 2209332.812243988271803 ], [ 3553092.436498929746449, 2209571.602133588399738 ], [ 3552975.723858531564474, 2209783.275262125302106 ], [ 3552767.946081902366132, 2210072.688435247167945 ], [ 3552528.534186399076134, 2210496.541063941083848 ], [ 3552370.970267118420452, 2210878.57138766720891 ], [ 3552262.515099564101547, 2211265.391708323732018 ], [ 3552215.963280207943171, 2211664.744714395608753 ], [ 3552254.424547789152712, 2212136.27314118668437 ], [ 3552388.908121310174465, 2212740.608113019261509 ], [ 3552465.051253104582429, 2213226.638185186311603 ], [ 3552399.680260809604079, 2213618.727395762689412 ], [ 3552280.988951436243951, 2213953.637425548862666 ], [ 3552123.918465503491461, 2214265.312926430255175 ], [ 3551992.464899375569075, 2214592.48165709618479 ], [ 3551975.533775915391743, 2215130.048032036051154 ], [ 3552046.799285220913589, 2215853.785467814654112 ], [ 3553001.363567071966827, 2218759.976666106842458 ], [ 3553096.63412110786885, 2219257.601445727515966 ], [ 3553106.308317192830145, 2219749.01771215070039 ], [ 3552965.075243972241879, 2220252.737320317421108 ], [ 3552813.901276950258762, 2220634.221115767024457 ], [ 3552689.032447153702378, 2221039.930378250777721 ], [ 3552628.125778760295361, 2221559.075761208310723 ], [ 3552651.795243667904288, 2222295.439892097841948 ], [ 3552609.846516186371446, 2223120.654001398943365 ], [ 3552502.135566728655249, 2223586.487227459438145 ], [ 3552343.627514443360269, 2223876.296455762349069 ], [ 3552166.970778957940638, 2224018.179407491348684 ], [ 3551230.872712954878807, 2224600.177211887668818 ], [ 3550390.871629639528692, 2225315.086090006865561 ], [ 3549685.904488467611372, 2225676.245527153369039 ], [ 3547476.398507384583354, 2226196.800693394616246 ], [ 3545422.360216384287924, 2226977.849750764202327 ], [ 3545118.41530251223594, 2227192.079197867307812 ], [ 3544896.131807527504861, 2227439.091711482033134 ], [ 3544633.921071734279394, 2227935.552897855173796 ], [ 3544514.7440066607669, 2228108.082187351305038 ], [ 3543470.279673197306693, 2228902.697234770283103 ], [ 3542756.601271628402174, 2230021.479196012485772 ], [ 3542469.178220646455884, 2230357.55218067811802 ], [ 3542128.83979974873364, 2230495.900016410276294 ], [ 3541744.324165710248053, 2230541.279549135360867 ], [ 3540625.443066432140768, 2230512.051870199851692 ], [ 3540305.42676180973649, 2230675.181512468028814 ], [ 3540069.989147248212248, 2230905.937285327818245 ], [ 3539870.200934399850667, 2231199.632958652451634 ], [ 3539642.299096760340035, 2231447.356291154865175 ], [ 3539300.10740612167865, 2231634.392675607465208 ], [ 3538551.269809779711068, 2231890.905959037132561 ], [ 3538247.49057441810146, 2232101.143387107178569 ], [ 3537644.070055752061307, 2232785.038979154545814 ], [ 3537468.440417980775237, 2232931.748532071709633 ], [ 3536299.473299849778414, 2233452.698593223933131 ], [ 3535772.039862232748419, 2233884.242902049794793 ], [ 3535654.860686798579991, 2234289.77418718021363 ], [ 3535723.971188521478325, 2234675.088480208069086 ], [ 3536082.315364703070372, 2235396.259320302866399 ], [ 3536209.272161271888763, 2235820.614866646938026 ], [ 3536515.862892388831824, 2238576.745890113059431 ], [ 3536470.664251462556422, 2240400.144137076567858 ], [ 3536301.951103855390102, 2240981.428183849900961 ], [ 3536060.256749726831913, 2241344.771817181725055 ], [ 3535213.831971727311611, 2241860.66230483725667 ], [ 3534145.172470860183239, 2243815.276641398668289 ], [ 3533884.760427562985569, 2245090.109561999328434 ], [ 3533635.401620728429407, 2245713.540989239700139 ], [ 3533303.263330029789358, 2246075.968351713381708 ], [ 3532938.952514547389001, 2246274.160144102759659 ], [ 3532674.90051356330514, 2246512.134075539186597 ], [ 3531927.085934447590262, 2247670.637583746574819 ], [ 3531748.346249738242477, 2247984.848653388675302 ], [ 3530884.998797854408622, 2249061.141451152041554 ], [ 3530772.432817026507109, 2249580.66260359575972 ], [ 3530635.947037663310766, 2250735.139501670375466 ], [ 3530478.475095833651721, 2251434.335318774916232 ], [ 3528941.392439855728298, 2254986.377949943765998 ], [ 3528772.953923143912107, 2256671.06420290376991 ], [ 3528093.636157835833728, 2257406.737061520572752 ], [ 3527316.553759980015457, 2257570.845134243834764 ], [ 3523072.909151259344071, 2262085.762133298907429 ], [ 3518145.676238183863461, 2266295.793400455266237 ], [ 3515696.683949258644134, 2267383.799710069317371 ], [ 3510827.97302589006722, 2267714.414546929765493 ], [ 3509500.276348497718573, 2268511.09624194027856 ], [ 3508465.129672665614635, 2269870.72647890727967 ], [ 3506972.778855108655989, 2271368.794229394290596 ], [ 3505471.539082321804017, 2273422.059204585850239 ], [ 3503404.939584286417812, 2279026.911804064176977 ], [ 3501975.473855637013912, 2281558.353974883910269 ], [ 3500202.279991863295436, 2283348.211126325652003 ], [ 3498326.366863841656595, 2284471.205469973385334 ], [ 3496643.234664576128125, 2284618.554216630756855 ], [ 3494099.956644114572555, 2283351.812828851863742 ], [ 3492674.565131380222738, 2283106.965009395964444 ], [ 3491450.669269852805883, 2283599.837577014695853 ], [ 3491140.909325898159295, 2284964.650989228859544 ] ] } },
{ "type": "Feature", "properties": { "featurecla": "River", "scalerank": 7.0, "rivernum": 303.0, "name": "Drau", "name_en": "Drava", "strokeweig": 0.2 }, "geometry": { "type": "LineString", "coordinates": [ [ 4204623.448064430616796, 2249133.462088905274868 ], [ 4209611.639350522309542, 2246937.599195136222988 ], [ 4213915.180219255387783, 2244154.855796467512846 ], [ 4218599.045823214575648, 2241553.478342429269105 ], [ 4223684.47232411801815, 2240208.119710361585021 ], [ 4228386.056496983394027, 2239981.997388466726989 ], [ 4232166.261482519097626, 2240099.314983649645001 ], [ 4234694.633580537512898, 2240575.533868715632707 ], [ 4238520.238363268785179, 2241966.730325723532587 ], [ 4242092.116100874729455, 2242765.613031315617263 ], [ 4245563.325949602760375, 2243935.771953142248094 ], [ 4247447.667982012033463, 2245572.475840804167092 ], [ 4247894.153718040324748, 2247512.486212733201683 ], [ 4247869.038226606324315, 2249415.275000817142427 ], [ 4248657.448796279728413, 2250571.437001472339034 ], [ 4251059.019675092771649, 2250699.930646449327469 ], [ 4253821.458522859960794, 2249899.538797596469522 ], [ 4256946.792134387418628, 2247547.505892111454159 ], [ 4261729.502409495413303, 2245355.233152457512915 ], [ 4264198.306180787272751, 2243475.255863905418664 ], [ 4266957.809128082357347, 2242268.067222019191831 ], [ 4268820.894374682568014, 2241149.509652119129896 ], [ 4270697.559084267355502, 2239627.112983036786318 ], [ 4272307.68920187279582, 2237955.202842332888395 ], [ 4274399.603380887769163, 2236297.335071647074074 ], [ 4280733.691825404763222, 2233162.08861318230629 ], [ 4283508.164373516105115, 2231218.848877731710672 ], [ 4285999.615991455502808, 2229804.084213953465223 ], [ 4288640.778114035725594, 2229427.06114820856601 ], [ 4290927.097733033820987, 2229390.264723017811775 ], [ 4294085.299888071604073, 2228111.836990140378475 ], [ 4296071.143473247997463, 2227945.229681933298707 ], [ 4298551.44735349342227, 2227229.977858058176935 ], [ 4304206.328833309933543, 2223206.853490819688886 ], [ 4307215.08717236481607, 2222327.272102863527834 ], [ 4309650.483365138992667, 2222485.424460159614682 ], [ 4312676.876740562729537, 2223552.193613685201854 ], [ 4315089.675628059543669, 2224032.61959862196818 ], [ 4323456.322945345193148, 2224599.296539085917175 ], [ 4327810.305781912989914, 2225579.459572846069932 ], [ 4331562.48161490354687, 2226884.701882163062692 ], [ 4333221.703858243301511, 2227959.481231124605983 ], [ 4333821.884375385940075, 2229249.133949641138315 ], [ 4335036.645729379728436, 2231045.044036549516022 ], [ 4337240.735958963632584, 2233136.460851290728897 ], [ 4340224.726862898096442, 2235137.792962574400008 ], [ 4342898.646638885140419, 2236155.217617504298687 ], [ 4344349.584155502729118, 2235856.808983839116991 ], [ 4345707.014994718134403, 2235205.336764518171549 ], [ 4350844.710546996444464, 2235790.714677640702575 ], [ 4354552.161279695108533, 2235943.073481221217662 ], [ 4356306.855275405570865, 2236565.36540893651545 ], [ 4357792.307760084047914, 2237583.999480693135411 ], [ 4358772.692469721660018, 2238667.294712083414197 ], [ 4359580.804667641408741, 2239168.056009551975876 ], [ 4361837.909528821706772, 2238203.2736207828857 ], [ 4364197.854870781302452, 2238157.326634990982711 ], [ 4365777.547413292340934, 2237472.862353273667395 ], [ 4367284.999644801951945, 2236196.712311742827296 ], [ 4369325.795660244300961, 2233374.159970204345882 ], [ 4370537.841838544234633, 2232360.575900989584625 ], [ 4372039.140992398373783, 2232172.793615217320621 ], [ 4375436.053677977994084, 2233729.715727728791535 ], [ 4377106.47659061383456, 2234247.644490843173116 ], [ 4378682.720503819175065, 2234182.761566388420761 ], [ 4380175.105387471616268, 2233706.871669306885451 ], [ 4381563.034389481879771, 2233587.566377298906446 ], [ 4384228.018345016986132, 2235085.950295472983271 ], [ 4385649.923839964903891, 2234843.649629905354232 ], [ 4387221.089639529585838, 2234085.444319940637797 ], [ 4388898.031627375632524, 2233582.791720971930772 ], [ 4390939.510063117370009, 2233472.845576996449381 ], [ 4395922.660189755260944, 2233870.9236282678321 ], [ 4398183.997942217625678, 2233740.072204916272312 ], [ 4399920.85374291241169, 2233234.521245673764497 ], [ 4402019.741614284925163, 2232208.066505217924714 ], [ 4402841.614516520872712, 2232642.679841921664774 ], [ 4403508.987347537651658, 2232707.689668640028685 ], [ 4404585.28298463486135, 2229846.694507515989244 ], [ 4405523.696483245119452, 2228957.042716619092971 ], [ 4406839.290914470329881, 2229112.660880781710148 ], [ 4410429.391975824721158, 2231278.033815338276327 ], [ 4413044.787933978252113, 2232265.451270890422165 ], [ 4415515.619744230061769, 2232658.166266956366599 ], [ 4420893.407518723979592, 2231830.760257771704346 ], [ 4422817.089932713657618, 2231167.377958351746202 ], [ 4423865.669847911223769, 2229601.259501941502094 ], [ 4424431.806870047934353, 2227694.731270328164101 ], [ 4425165.707144034095109, 2226209.766980892978609 ], [ 4426503.264678185805678, 2225159.297237907536328 ], [ 4430844.672685128636658, 2223195.24150058394298 ], [ 4433195.323970686644316, 2221105.587063272483647 ] ] } }
]
}
